0.00004, 3.13531, 3.14473, -0.00235, 0.00000, 0.00000, 0.00000, 0.00000, 3.13531, 3.14473, -0.00235, 0.00000, 0.00000, 0.00000
0.00037, 3.13531, 3.14473, -0.00235, 0.00000, 0.00000, 0.00000, 33.62400, 3.13531, 3.14473, -0.00235, 0.00000, 0.00000, 0.00000
0.00703, 3.13531, 3.14473, -0.00182, 0.00000, 0.00000, 0.07913, 33.62400, 3.13531, 3.14473, -0.00182, 0.00000, 0.00000, 0.00396
0.01371, 3.13531, 3.14159, -0.00138, 0.00000, -0.47101, 0.06594, 33.62400, 3.13531, 3.14159, -0.00138, 0.00000, -0.02354, 0.00924
0.02038, 3.13217, 3.14159, -0.00067, -0.47094, 0.00000, 0.10551, 33.62400, 3.13217, 3.14159, -0.00067, -0.02354, -0.03532, 0.01715
0.02705, 3.12903, 3.13531, 0.00021, -0.47101, -0.94202, 0.13189, 33.62400, 3.12903, 3.13531, 0.00021, -0.05885, -0.08829, 0.02770
0.03372, 3.12589, 3.13217, 0.00126, -0.47101, -0.47094, 0.15827, 33.62400, 3.12589, 3.13217, 0.00126, -0.10005, -0.13831, 0.04088
0.04039, 3.12274, 3.12589, 0.00249, -0.47101, -0.94202, 0.18464, 33.62400, 3.12274, 3.12589, 0.00249, -0.14420, -0.21041, 0.05670
0.04707, 3.11960, 3.11960, 0.00390, -0.47101, -0.94202, 0.21102, 33.62400, 3.11960, 3.11960, 0.00390, -0.18981, -0.29355, 0.07516
0.05374, 3.11332, 3.11018, 0.00540, -0.94202, -1.41300, 0.23740, 33.62400, 3.11332, 3.11018, 0.00540, -0.25971, -0.40575, 0.09560
0.06041, 3.11018, 3.10389, 0.00724, -0.47097, -0.94202, 0.26378, 33.62400, 3.11018, 3.10389, 0.00724, -0.31820, -0.50893, 0.11966
0.06708, 3.10389, 3.09447, 0.00918, -0.94202, -1.41303, 0.29015, 33.62400, 3.10389, 3.09447, 0.00918, -0.39453, -0.63116, 0.14620
0.07376, 3.09761, 3.08190, 0.01138, -0.94202, -1.88401, 0.32972, 33.62400, 3.09761, 3.08190, 0.01138, -0.47978, -0.78644, 0.17199
0.08043, 3.08819, 3.07248, 0.01375, -1.41303, -1.41300, 0.35610, 33.62400, 3.08819, 3.07248, 0.01375, -0.59304, -0.91117, 0.19938
0.08710, 3.08190, 3.05991, 0.01639, -0.94199, -1.88401, 0.39567, 33.62400, 3.08190, 3.05991, 0.01639, -0.67321, -1.06770, 0.22759
0.09377, 3.07248, 3.04734, 0.01912, -1.41300, -1.88404, 0.40885, 33.62400, 3.07248, 3.04734, 0.01912, -0.76038, -1.19306, 0.25553
0.10044, 3.06305, 3.03478, 0.02211, -1.41300, -1.88401, 0.44842, 33.62400, 3.06305, 3.03478, 0.02211, -0.85105, -1.32637, 0.28401
0.10712, 3.05363, 3.01907, 0.02475, -1.41303, -2.35498, 0.39567, 0.60804, 3.05363, 3.01907, 0.02475, -0.94348, -1.46365, 0.30879
0.11379, 3.04734, 3.00650, 0.02783, -0.94202, -1.88404, 0.46161, 3.56973, 3.04734, 3.00650, 0.02783, -1.01323, -1.57938, 0.33371
0.12046, 3.03792, 2.99394, 0.03082, -1.41296, -1.88397, 0.44842, 3.56120, 3.03792, 2.99394, 0.03082, -1.07165, -1.66078, 0.35738
0.12713, 3.02850, 2.98137, 0.03390, -1.41303, -1.88404, 0.46161, 3.68826, 3.02850, 2.98137, 0.03390, -1.14795, -1.74857, 0.37844
0.13380, 3.01907, 2.96881, 0.03689, -1.41300, -1.88401, 0.44842, 3.97091, 3.01907, 2.96881, 0.03689, -1.20964, -1.81601, 0.39688
0.14048, 3.01279, 2.95624, 0.03997, -0.94202, -1.88404, 0.47480, 4.15809, 3.01279, 2.95624, 0.03997, -1.24048, -1.84973, 0.41270
0.14715, 3.00336, 2.94367, 0.04313, -1.41303, -1.88401, 0.46161, 4.14150, 3.00336, 2.94367, 0.04313, -1.25590, -1.89013, 0.42654
0.15382, 2.99708, 2.93425, 0.04613, -0.94202, -1.41300, 0.44842, 4.07213, 2.99708, 2.93425, 0.04613, -1.26362, -1.88679, 0.43609
0.16049, 2.98765, 2.92168, 0.04929, -1.41296, -1.88401, 0.47480, 3.96875, 2.98765, 2.92168, 0.04929, -1.26747, -1.88512, 0.44417
0.16716, 2.98137, 2.91226, 0.05228, -0.94202, -1.41303, 0.44842, 3.87196, 2.98137, 2.91226, 0.05228, -1.24586, -1.86074, 0.44821
0.17383, 2.97509, 2.90283, 0.05536, -0.94199, -1.41300, 0.46161, 3.63488, 2.97509, 2.90283, 0.05536, -1.21150, -1.80147, 0.45352
0.18051, 2.96566, 2.89341, 0.05844, -1.41303, -1.41303, 0.46161, 3.26468, 2.96566, 2.89341, 0.05844, -1.21787, -1.74829, 0.45618
0.18718, 2.95938, 2.88712, 0.06143, -0.94202, -0.94195, 0.44842, 3.22903, 2.95938, 2.88712, 0.06143, -1.19752, -1.67461, 0.45751
0.19385, 2.95310, 2.87770, 0.06451, -0.94195, -1.41303, 0.46161, 2.98066, 2.95310, 2.87770, 0.06451, -1.16379, -1.61423, 0.45817
0.20052, 2.94681, 2.87142, 0.06750, -0.94202, -0.94202, 0.44842, 2.68592, 2.94681, 2.87142, 0.06750, -1.12339, -1.53695, 0.45850
0.20719, 2.94053, 2.86513, 0.07049, -0.94202, -0.94202, 0.44842, 2.33188, 2.94053, 2.86513, 0.07049, -1.10318, -1.45123, 0.45801
0.21387, 2.93739, 2.85885, 0.07348, -0.47105, -0.94199, 0.44842, 2.12342, 2.93739, 2.85885, 0.07348, -1.04600, -1.36128, 0.45645
0.22054, 2.93111, 2.85571, 0.07648, -0.94195, -0.47097, 0.44842, 1.66581, 2.93111, 2.85571, 0.07648, -1.01740, -1.26921, 0.45566
0.22721, 2.92796, 2.84942, 0.07947, -0.47101, -0.94202, 0.44842, 1.39999, 2.92796, 2.84942, 0.07947, -0.95602, -1.17610, 0.45395
0.23388, 2.92168, 2.84628, 0.08246, -0.94202, -0.47105, 0.44842, 0.91688, 2.92168, 2.84628, 0.08246, -0.92533, -1.08245, 0.45310
0.24056, 2.91854, 2.84628, 0.08536, -0.47101, 0.00000, 0.43523, 0.63842, 2.91854, 2.84628, 0.08536, -0.88644, -0.96500, 0.45135
0.24723, 2.91540, 2.84314, 0.08826, -0.47101, -0.47097, 0.43523, 0.27447, 2.91540, 2.84314, 0.08826, -0.81991, -0.85919, 0.44916
0.25390, 2.91226, 2.84314, 0.09117, -0.47101, 0.00000, 0.43523, -0.24642, 2.91226, 2.84314, 0.09117, -0.76310, -0.75920, 0.44741
0.26057, 2.90911, 2.84000, 0.09398, -0.47101, -0.47101, 0.42204, -0.69706, 2.90911, 2.84000, 0.09398, -0.71116, -0.66212, 0.44455
0.26724, 2.90597, 2.84000, 0.09688, -0.47101, 0.00000, 0.42204, -1.09211, 2.90597, 2.84000, 0.09688, -0.66164, -0.56649, 0.44246
0.27391, 2.90283, 2.84314, 0.09970, -0.47097, 0.47101, 0.42204, -1.49209, 2.90283, 2.84314, 0.09970, -0.61334, -0.44805, 0.44010
0.28059, 2.90283, 2.84314, 0.10243, 0.00000, 0.00000, 0.40885, -1.90684, 2.90283, 2.84314, 0.10243, -0.56564, -0.34174, 0.43694
0.28726, 2.89969, 2.84628, 0.10524, -0.47101, 0.47097, 0.42204, -2.28626, 2.89969, 2.84628, 0.10524, -0.51825, -0.24150, 0.43404
0.29393, 2.89969, 2.84942, 0.10788, 0.00000, 0.47105, 0.39567, -2.66933, 2.89969, 2.84942, 0.10788, -0.47102, -0.12075, 0.42996
0.30060, 2.89969, 2.85571, 0.11043, 0.00000, 0.94202, 0.38248, -3.05312, 2.89969, 2.85571, 0.11043, -0.40031, 0.01026, 0.42462
0.30727, 2.89969, 2.85885, 0.11298, 0.00000, 0.47097, 0.38248, -3.65177, 2.89969, 2.85885, 0.11298, -0.34141, 0.09930, 0.41931
0.31395, 2.89969, 2.86513, 0.11553, 0.00000, 0.94199, 0.36929, -4.04905, 2.89969, 2.86513, 0.11553, -0.28842, 0.21445, 0.41402
0.32062, 2.89969, 2.87142, 0.11800, 0.00000, 0.94202, 0.36929, -4.45350, 2.89969, 2.87142, 0.11800, -0.23838, 0.31911, 0.40808
0.32729, 2.90283, 2.88084, 0.12046, 0.47101, 1.41303, 0.36929, -4.81601, 2.90283, 2.88084, 0.12046, -0.16628, 0.46562, 0.40247
0.33396, 2.90597, 2.88712, 0.12292, 0.47097, 0.94202, 0.36929, -5.39167, 2.90597, 2.88712, 0.12292, -0.08314, 0.58596, 0.39637
0.34064, 2.90597, 2.89655, 0.12521, 0.00000, 1.41296, 0.34291, -5.98761, 2.90597, 2.89655, 0.12521, -0.01803, 0.69321, 0.38937
0.34731, 2.90911, 2.90911, 0.12750, 0.47101, 1.88401, 0.34291, -6.43263, 2.90911, 2.90911, 0.12750, 0.03807, 0.84101, 0.38257
0.35398, 2.91226, 2.91854, 0.12979, 0.47101, 1.41303, 0.34291, -6.91177, 2.91226, 2.91854, 0.12979, 0.11321, 0.96200, 0.37521
0.36065, 2.91854, 2.93111, 0.13181, 0.94202, 1.88404, 0.30334, -7.44979, 2.91854, 2.93111, 0.13181, 0.19786, 1.09312, 0.36692
0.36732, 2.92168, 2.94367, 0.13383, 0.47101, 1.88397, 0.30334, -8.05834, 2.92168, 2.94367, 0.13383, 0.26373, 1.20577, 0.35882
0.37400, 2.92796, 2.95624, 0.13586, 0.94202, 1.88401, 0.30334, -8.51168, 2.92796, 2.95624, 0.13586, 0.34376, 1.33272, 0.35081
0.38067, 2.93111, 2.96881, 0.13779, 0.47101, 1.88404, 0.29015, -9.09849, 2.93111, 2.96881, 0.13779, 0.40731, 1.44328, 0.34220
0.38734, 2.93739, 2.98451, 0.13955, 0.94195, 2.35498, 0.26378, -9.52823, 2.93739, 2.98451, 0.13955, 0.48617, 1.56919, 0.33261
0.39401, 2.94367, 3.00022, 0.14140, 0.94202, 2.35502, 0.27696, -10.09195, 2.94367, 3.00022, 0.14140, 0.54915, 1.67923, 0.32321
0.40068, 2.95310, 3.01593, 0.14307, 1.41307, 2.35505, 0.25059, -10.52623, 2.95310, 3.01593, 0.14307, 0.62772, 1.80488, 0.31257
0.40736, 2.95938, 3.03164, 0.14474, 0.94195, 2.35502, 0.25059, -11.08244, 2.95938, 3.03164, 0.14474, 0.71410, 1.91480, 0.30264
0.41403, 2.96881, 3.05049, 0.14624, 1.41303, 2.82606, 0.22421, -11.66978, 2.96881, 3.05049, 0.14624, 0.80437, 2.01684, 0.29174
0.42070, 2.97509, 3.06934, 0.14764, 0.94202, 2.82596, 0.21102, -12.27801, 2.97509, 3.06934, 0.14764, 0.87305, 2.13849, 0.27970
0.42737, 2.98451, 3.08819, 0.14887, 1.41296, 2.82599, 0.18464, -12.72550, 2.98451, 3.08819, 0.14887, 0.93093, 2.24640, 0.26774
0.43404, 2.99394, 3.10704, 0.15002, 1.41307, 2.82606, 0.17145, -13.10900, 2.99394, 3.10704, 0.15002, 1.00696, 2.34744, 0.25517
0.44071, 3.00650, 3.12589, 0.15107, 1.88397, 2.82603, 0.15827, -13.60451, 3.00650, 3.12589, 0.15107, 1.09205, 2.44505, 0.24164
0.44739, 3.01593, 3.14788, 0.15204, 1.41303, 3.29700, 0.14508, -14.14500, 3.01593, 3.14788, 0.15204, 1.18169, 2.56448, 0.22762
0.45406, 3.02850, 3.16673, 0.15292, 1.88401, 3.29704, 0.13189, -14.72194, 3.02850, 3.16673, 0.15292, 1.27360, 2.64774, 0.21401
0.46073, 3.03792, 3.18872, 0.15363, 1.41303, 2.82603, 0.10551, -15.28259, 3.03792, 3.18872, 0.15363, 1.34309, 2.73646, 0.19864
0.46740, 3.05049, 3.21071, 0.15424, 1.88404, 3.29700, 0.09232, -15.66289, 3.05049, 3.21071, 0.15424, 1.40138, 2.82790, 0.18305
0.47407, 3.06305, 3.23584, 0.15477, 1.88397, 3.76801, 0.07913, -15.98820, 3.06305, 3.23584, 0.15477, 1.47762, 2.94425, 0.16668
0.48075, 3.07562, 3.25783, 0.15521, 1.88397, 3.29704, 0.06594, -16.45513, 3.07562, 3.25783, 0.15521, 1.53927, 3.02597, 0.15058
0.48742, 3.09133, 3.27982, 0.15547, 2.35509, 3.29704, 0.03957, -16.76983, 3.09133, 3.27982, 0.15547, 1.64073, 3.09037, 0.13396
0.49409, 3.10389, 3.30496, 0.15556, 1.88397, 3.76801, 0.01319, -17.34277, 3.10389, 3.30496, 0.15556, 1.71501, 3.16966, 0.11708
0.50076, 3.11960, 3.32695, 0.15565, 2.35502, 3.29704, 0.01319, -17.71260, 3.11960, 3.32695, 0.15565, 1.79923, 3.23285, 0.10073
0.50744, 3.13217, 3.35208, 0.15556, 1.88404, 3.76801, -0.01319, -18.15151, 3.13217, 3.35208, 0.15556, 1.84134, 3.31153, 0.08399
0.51411, 3.14788, 3.37407, 0.15538, 2.35498, 3.29700, -0.02638, -18.30337, 3.14788, 3.37407, 0.15538, 1.90948, 3.35087, 0.06705
0.52078, 3.16358, 3.39920, 0.15512, 2.35502, 3.76805, -0.03957, -18.60185, 3.16358, 3.39920, 0.15512, 1.96709, 3.41762, 0.05000
0.52745, 3.17929, 3.42119, 0.15477, 2.35498, 3.29700, -0.05276, -18.84058, 3.17929, 3.42119, 0.15477, 2.04298, 3.45100, 0.03357
0.53412, 3.19500, 3.44633, 0.15433, 2.35509, 3.76805, -0.06594, -19.16403, 3.19500, 3.44633, 0.15433, 2.10447, 3.49123, 0.01745
0.54080, 3.21071, 3.46832, 0.15380, 2.35498, 3.29700, -0.07913, -19.39286, 3.21071, 3.46832, 0.15380, 2.15876, 3.48781, 0.00147
0.54747, 3.22642, 3.49031, 0.15310, 2.35498, 3.29704, -0.10551, -19.52681, 3.22642, 3.49031, 0.15310, 2.20945, 3.48609, -0.01509
0.55414, 3.24212, 3.51544, 0.15231, 2.35505, 3.76805, -0.11870, -19.62439, 3.24212, 3.51544, 0.15231, 2.23479, 3.50878, -0.03128
0.56081, 3.26097, 3.53743, 0.15134, 2.82603, 3.29700, -0.14508, -19.58422, 3.26097, 3.53743, 0.15134, 2.29455, 3.49658, -0.04728
0.56748, 3.27668, 3.55942, 0.15028, 2.35498, 3.29697, -0.15827, -19.72624, 3.27668, 3.55942, 0.15028, 2.32443, 3.49048, -0.06385
0.57415, 3.29553, 3.58142, 0.14923, 2.82603, 3.29708, -0.15827, -19.64948, 3.29553, 3.58142, 0.14923, 2.38645, 3.46389, -0.07939
0.58083, 3.31124, 3.60341, 0.14799, 2.35498, 3.29704, -0.18464, -19.77283, 3.31124, 3.60341, 0.14799, 2.41747, 3.45059, -0.09507
0.58750, 3.33009, 3.62540, 0.14659, 2.82606, 3.29700, -0.21102, -19.68635, 3.33009, 3.62540, 0.14659, 2.45652, 3.42040, -0.11148
0.59417, 3.34580, 3.64425, 0.14518, 2.35502, 2.82603, -0.21102, -19.61834, 3.34580, 3.64425, 0.14518, 2.47605, 3.38176, -0.12760
0.60084, 3.36465, 3.66310, 0.14351, 2.82603, 3.29704, -0.25059, -19.41787, 3.36465, 3.66310, 0.14351, 2.50935, 3.31535, -0.14489
0.60751, 3.38035, 3.68509, 0.14184, 2.35498, 2.82599, -0.25059, -19.24541, 3.38035, 3.68509, 0.14184, 2.52600, 3.28215, -0.16210
0.61419, 3.39920, 3.70394, 0.14008, 2.82606, 2.82599, -0.26378, -18.99819, 3.39920, 3.70394, 0.14008, 2.55787, 3.24201, -0.17862
0.62086, 3.41491, 3.71965, 0.13814, 2.35498, 2.35505, -0.29016, -18.82813, 3.41491, 3.71965, 0.13814, 2.57381, 3.15130, -0.19545
0.62753, 3.43376, 3.73850, 0.13612, 2.82603, 2.82603, -0.30334, -18.50734, 3.43376, 3.73850, 0.13612, 2.58177, 3.08241, -0.21177
0.63420, 3.44947, 3.75420, 0.13392, 2.35505, 2.35498, -0.32972, -18.15196, 3.44947, 3.75420, 0.13392, 2.58576, 3.00088, -0.22851
0.64087, 3.46832, 3.76991, 0.13172, 2.82599, 2.35509, -0.32972, -17.76101, 3.46832, 3.76991, 0.13172, 2.58775, 2.91303, -0.24544
0.64755, 3.48403, 3.78562, 0.12943, 2.35502, 2.35498, -0.34291, -17.32755, 3.48403, 3.78562, 0.12943, 2.58875, 2.82201, -0.26182
0.65422, 3.50288, 3.79819, 0.12697, 2.82603, 1.88401, -0.36929, -16.90392, 3.50288, 3.79819, 0.12697, 2.58925, 2.70588, -0.27792
0.66089, 3.51858, 3.81075, 0.12451, 2.35498, 1.88404, -0.36929, -16.43354, 3.51858, 3.81075, 0.12451, 2.58949, 2.60073, -0.29388
0.66756, 3.53429, 3.82332, 0.12196, 2.35509, 1.88397, -0.38248, -15.98751, 3.53429, 3.82332, 0.12196, 2.56608, 2.50106, -0.30846
0.67424, 3.55000, 3.83274, 0.11923, 2.35498, 1.41303, -0.40885, -15.42746, 3.55000, 3.83274, 0.11923, 2.55437, 2.35706, -0.32366
0.68091, 3.56571, 3.84217, 0.11641, 2.35498, 1.41300, -0.42204, -14.88841, 3.56571, 3.84217, 0.11641, 2.52497, 2.21443, -0.33917
0.68758, 3.58142, 3.85159, 0.11369, 2.35505, 1.41300, -0.40885, -14.24194, 3.58142, 3.85159, 0.11369, 2.51027, 2.09602, -0.35285
0.69425, 3.59398, 3.85788, 0.11078, 1.88401, 0.94199, -0.43523, -13.72819, 3.59398, 3.85788, 0.11078, 2.45583, 1.94265, -0.36629
0.70092, 3.60969, 3.86416, 0.10779, 2.35505, 0.94202, -0.44842, -12.98924, 3.60969, 3.86416, 0.10779, 2.42862, 1.79533, -0.37894
0.70759, 3.62226, 3.87044, 0.10489, 1.88397, 0.94202, -0.43523, -12.40110, 3.62226, 3.87044, 0.10489, 2.36792, 1.65104, -0.39054
0.71427, 3.63796, 3.87358, 0.10181, 2.35502, 0.47101, -0.46161, -11.66905, 3.63796, 3.87358, 0.10181, 2.33757, 1.48473, -0.40227
0.72094, 3.65053, 3.87358, 0.09873, 1.88397, 0.00000, -0.46161, -11.06350, 3.65053, 3.87358, 0.09873, 2.27531, 1.30740, -0.41275
0.72761, 3.66310, 3.87673, 0.09565, 1.88404, 0.47101, -0.47480, -10.32034, 3.66310, 3.87673, 0.09565, 2.22064, 1.14810, -0.42261
0.73428, 3.67252, 3.87673, 0.09240, 1.41307, 0.00000, -0.47480, -9.64874, 3.67252, 3.87673, 0.09240, 2.14622, 0.97429, -0.43281
0.74095, 3.68509, 3.87358, 0.08923, 1.88397, -0.47101, -0.47480, -8.88020, 3.68509, 3.87358, 0.08923, 2.08546, 0.79320, -0.44121
0.74763, 3.69451, 3.87044, 0.08598, 1.41303, -0.47101, -0.50118, -8.19018, 3.69451, 3.87044, 0.08598, 2.00800, 0.60849, -0.44870
0.75430, 3.70394, 3.86730, 0.08263, 1.41296, -0.47101, -0.48799, -7.44720, 3.70394, 3.86730, 0.08263, 1.92218, 0.42196, -0.45707
0.76097, 3.71336, 3.86102, 0.07938, 1.41303, -0.94202, -0.48799, -6.64954, 3.71336, 3.86102, 0.07938, 1.85573, 0.23452, -0.46388
0.76764, 3.72279, 3.85473, 0.07604, 1.41300, -0.94195, -0.50118, -5.98421, 3.72279, 3.85473, 0.07604, 1.77541, 0.04663, -0.46993
0.77431, 3.72907, 3.84531, 0.07269, 0.94202, -1.41303, -0.50117, -5.25320, 3.72907, 3.84531, 0.07269, 1.68817, -0.16503, -0.47625
0.78099, 3.73535, 3.83589, 0.06935, 0.94202, -1.41300, -0.50118, -4.44718, 3.73535, 3.83589, 0.06935, 1.57392, -0.36503, -0.48139
0.78766, 3.74164, 3.82646, 0.06610, 0.94202, -1.41303, -0.48799, -3.57580, 3.74164, 3.82646, 0.06610, 1.46972, -0.53566, -0.48527
0.79433, 3.74792, 3.81389, 0.06275, 0.94202, -1.88404, -0.50117, -2.80318, 3.74792, 3.81389, 0.06275, 1.37052, -0.73870, -0.48919
0.80100, 3.75106, 3.80133, 0.05932, 0.47097, -1.88401, -0.51437, -2.02710, 3.75106, 3.80133, 0.05932, 1.27384, -0.93438, -0.49247
0.80768, 3.75420, 3.78562, 0.05607, 0.47097, -2.35498, -0.48799, -1.29848, 3.75420, 3.78562, 0.05607, 1.15487, -1.12640, -0.49477
0.81435, 3.75735, 3.76991, 0.05272, 0.47105, -2.35498, -0.51437, -0.46368, 3.75735, 3.76991, 0.05272, 1.04830, -1.31658, -0.49658
0.82102, 3.76049, 3.75106, 0.04947, 0.47097, -2.82606, -0.47480, 0.29356, 3.76049, 3.75106, 0.04947, 0.94793, -1.52938, -0.49683
0.82769, 3.76049, 3.73221, 0.04613, 0.00000, -2.82603, -0.48799, 1.01845, 3.76049, 3.73221, 0.04613, 0.82711, -1.72996, -0.49761
0.83436, 3.76049, 3.71336, 0.04287, 0.00000, -2.82603, -0.48799, 1.84464, 3.76049, 3.71336, 0.04287, 0.69607, -1.92442, -0.49734
0.84104, 3.76049, 3.69137, 0.03970, 0.00000, -3.29700, -0.47480, 2.70312, 3.76049, 3.69137, 0.03970, 0.58347, -2.11582, -0.49589
0.84771, 3.76049, 3.66624, 0.03654, 0.00000, -3.76801, -0.47480, 3.45262, 3.76049, 3.66624, 0.03654, 0.48008, -2.32924, -0.49384
0.85438, 3.75735, 3.64425, 0.03346, -0.47097, -3.29704, -0.46161, 4.17734, 3.75735, 3.64425, 0.03346, 0.35775, -2.53012, -0.49150
0.86105, 3.75420, 3.61911, 0.03029, -0.47105, -3.76805, -0.47480, 4.98147, 3.75420, 3.61911, 0.03029, 0.22596, -2.72473, -0.48901
0.86772, 3.74792, 3.59084, 0.02730, -0.94195, -4.23903, -0.44842, 5.84456, 3.74792, 3.59084, 0.02730, 0.08944, -2.93975, -0.48447
0.87440, 3.74478, 3.56571, 0.02431, -0.47101, -3.76805, -0.44842, 6.72759, 3.74478, 3.56571, 0.02431, -0.02591, -3.11790, -0.48022
0.88107, 3.73850, 3.53743, 0.02132, -0.94202, -4.23899, -0.44842, 7.49612, 3.73850, 3.53743, 0.02132, -0.15421, -3.30114, -0.47546
0.88774, 3.72907, 3.50602, 0.01850, -1.41303, -4.71004, -0.42204, 8.33625, 3.72907, 3.50602, 0.01850, -0.31254, -3.48693, -0.46979
0.89441, 3.72279, 3.47460, 0.01578, -0.94202, -4.71007, -0.40885, 9.35028, 3.72279, 3.47460, 0.01578, -0.43879, -3.67400, -0.46233
0.90108, 3.71336, 3.44319, 0.01305, -1.41300, -4.71000, -0.40885, 10.15553, 3.71336, 3.44319, 0.01305, -0.57254, -3.86171, -0.45465
0.90776, 3.70394, 3.41177, 0.01050, -1.41303, -4.71004, -0.38248, 11.02985, 3.70394, 3.41177, 0.01050, -0.71005, -4.02619, -0.44620
0.91443, 3.69137, 3.37721, 0.00803, -1.88397, -5.18105, -0.36929, 11.90238, 3.69137, 3.37721, 0.00803, -0.87297, -4.17906, -0.43669
0.92110, 3.68195, 3.34265, 0.00557, -1.41303, -5.18105, -0.36929, 12.92899, 3.68195, 3.34265, 0.00557, -1.00152, -4.34967, -0.42733
0.92777, 3.66624, 3.30496, 0.00328, -2.35498, -5.65202, -0.34291, 13.76375, 3.66624, 3.30496, 0.00328, -1.15997, -4.52915, -0.41605
0.93444, 3.65367, 3.27040, 0.00109, -1.88401, -5.18101, -0.32972, 14.80870, 3.65367, 3.27040, 0.00109, -1.28628, -4.66597, -0.40448
0.94112, 3.63796, 3.23270, -0.00103, -2.35505, -5.65209, -0.31653, 15.60489, 3.63796, 3.23270, -0.00103, -1.44361, -4.82855, -0.39210
0.94779, 3.62226, 3.19500, -0.00296, -2.35502, -5.65199, -0.29015, 16.63525, 3.62226, 3.19500, -0.00296, -1.59290, -4.98047, -0.37800
0.95446, 3.60655, 3.15416, -0.00481, -2.35498, -6.12307, -0.27697, 17.57549, 3.60655, 3.15416, -0.00481, -1.71463, -5.12707, -0.36370
0.96113, 3.58770, 3.11646, -0.00648, -2.82606, -5.65206, -0.25059, 18.37867, 3.58770, 3.11646, -0.00648, -1.86967, -5.24745, -0.34864
0.96780, 3.56885, 3.07562, -0.00806, -2.82596, -6.12307, -0.23740, 19.36086, 3.56885, 3.07562, -0.00806, -2.01781, -5.37827, -0.33254
0.97448, 3.55000, 3.03478, -0.00947, -2.82606, -6.12303, -0.21102, 20.29488, 3.55000, 3.03478, -0.00947, -2.16252, -5.51431, -0.31592
0.98115, 3.52801, 2.99394, -0.01079, -3.29700, -6.12300, -0.19783, 21.20309, 3.52801, 2.99394, -0.01079, -2.30550, -5.62941, -0.29904
0.98782, 3.50602, 2.95310, -0.01193, -3.29704, -6.12303, -0.17145, 22.10975, 3.50602, 2.95310, -0.01193, -2.47116, -5.73405, -0.28071
0.99449, 3.48403, 2.90911, -0.01290, -3.29704, -6.59411, -0.14508, 23.10091, 3.48403, 2.90911, -0.01290, -2.60108, -5.83346, -0.26166
1.00116, 3.46204, 2.86827, -0.01369, -3.29704, -6.12303, -0.11870, 23.87115, 3.46204, 2.86827, -0.01369, -2.73667, -5.93025, -0.24158
1.00784, 3.43690, 2.82743, -0.01440, -3.76801, -6.59404, -0.10551, 24.64305, 3.43690, 2.82743, -0.01440, -2.87510, -6.00219, -0.22100
1.01451, 3.41177, 2.78345, -0.01484, -3.76801, -6.12303, -0.06594, 25.41843, 3.41177, 2.78345, -0.01484, -3.01494, -6.08524, -0.19950
1.02118, 3.38664, 2.74261, -0.01519, -4.23906, -6.12307, -0.05276, 26.17460, 3.38664, 2.74261, -0.01519, -3.15549, -6.12677, -0.17754
1.02785, 3.35836, 2.69863, -0.01528, -3.76798, -6.59401, -0.01319, 26.86658, 3.35836, 2.69863, -0.01528, -3.29639, -6.19462, -0.15469
1.03452, 3.33009, 2.65779, -0.01528, -4.23906, -6.12310, 0.00000, 27.56772, 3.33009, 2.65779, -0.01528, -3.43747, -6.22854, -0.13141
1.04120, 3.30181, 2.61381, -0.01510, -4.23903, -6.59401, 0.02638, 28.19666, 3.30181, 2.61381, -0.01510, -3.57864, -6.26905, -0.10789
1.04787, 3.27354, 2.57296, -0.01475, -4.71000, -6.12307, 0.05276, 28.78959, 3.27354, 2.57296, -0.01475, -3.69631, -6.28930, -0.08361
1.05454, 3.24212, 2.53212, -0.01431, -4.23906, -6.12303, 0.06594, 29.19401, 3.24212, 2.53212, -0.01431, -3.82578, -6.29943, -0.05961
1.06121, 3.21071, 2.49128, -0.01361, -4.71004, -6.12303, 0.10551, 29.64001, 3.21071, 2.49128, -0.01361, -3.96114, -6.28095, -0.03508
1.06788, 3.17929, 2.45358, -0.01281, -4.71007, -5.65206, 0.11870, 30.02388, 3.17929, 2.45358, -0.01281, -4.09945, -6.24817, -0.01095
1.07456, 3.14788, 2.41274, -0.01185, -4.71000, -6.12303, 0.14508, 30.36169, 3.14788, 2.41274, -0.01185, -4.21569, -6.23177, 0.01365
1.08123, 3.11646, 2.37504, -0.01061, -4.71004, -5.65206, 0.18464, 30.53824, 3.11646, 2.37504, -0.01061, -4.32090, -6.17649, 0.03847
1.08790, 3.08190, 2.34049, -0.00921, -5.18105, -5.65202, 0.21102, 30.58471, 3.08190, 2.34049, -0.00921, -4.44413, -6.10176, 0.06406
1.09457, 3.05049, 2.30279, -0.00762, -4.70996, -5.18105, 0.23740, 30.63424, 3.05049, 2.30279, -0.00762, -4.52929, -6.01731, 0.08939
1.10124, 3.01593, 2.26823, -0.00595, -5.18108, -5.18105, 0.25059, 30.44270, 3.01593, 2.26823, -0.00595, -4.61895, -5.92800, 0.11457
1.10792, 2.98137, 2.23367, -0.00402, -5.18105, -5.18105, 0.29015, 30.22216, 2.98137, 2.23367, -0.00402, -4.71087, -5.81272, 0.14035
1.11459, 2.94681, 2.20226, -0.00199, -5.18101, -4.71000, 0.30334, 29.90972, 2.94681, 2.20226, -0.00199, -4.80392, -5.68445, 0.16577
1.12126, 2.91226, 2.17084, 0.00029, -5.18108, -5.18105, 0.34291, 29.53827, 2.91226, 2.17084, 0.00029, -4.87399, -5.54968, 0.19232
1.12793, 2.87770, 2.13942, 0.00258, -5.18101, -4.23906, 0.34291, 28.99150, 2.87770, 2.13942, 0.00258, -4.93256, -5.41167, 0.21746
1.13460, 2.84314, 2.11115, 0.00504, -5.65206, -4.23899, 0.36929, 28.36688, 2.84314, 2.11115, 0.00504, -4.98539, -5.27203, 0.24256
1.14128, 2.80544, 2.08288, 0.00777, -5.18101, -4.23906, 0.40886, 27.67201, 2.80544, 2.08288, 0.00777, -5.05889, -5.10804, 0.26829
1.14795, 2.77088, 2.05774, 0.01050, -5.18105, -3.76801, 0.40885, 26.92166, 2.77088, 2.05774, 0.01050, -5.11919, -4.93188, 0.29236
1.15462, 2.73633, 2.03261, 0.01340, -5.18108, -3.76801, 0.43523, 26.12675, 2.73633, 2.03261, 0.01340, -5.14934, -4.77316, 0.31561
1.16129, 2.70177, 2.01062, 0.01648, -5.18101, -3.29704, 0.46161, 25.20985, 2.70177, 2.01062, 0.01648, -5.18796, -4.57609, 0.33844
1.16796, 2.66721, 1.99177, 0.01965, -5.18101, -2.82601, 0.47480, 24.26219, 2.66721, 1.99177, 0.01965, -5.20726, -4.35984, 0.36106
1.17464, 2.63265, 1.97292, 0.02290, -5.18105, -2.82605, 0.48799, 23.21696, 2.63265, 1.97292, 0.02290, -5.21692, -4.13400, 0.38226
1.18131, 2.59810, 1.95407, 0.02633, -5.18105, -2.82597, 0.51437, 22.12186, 2.59810, 1.95407, 0.02633, -5.22175, -3.92690, 0.40341
1.18798, 2.56668, 1.94150, 0.02976, -4.71004, -1.88404, 0.51436, 20.98642, 2.56668, 1.94150, 0.02976, -5.20061, -3.68210, 0.42255
1.19465, 2.53212, 1.92580, 0.03337, -5.18105, -2.35502, 0.54074, 19.84837, 2.53212, 1.92580, 0.03337, -5.19005, -3.44198, 0.44201
1.20132, 2.50071, 1.91637, 0.03698, -4.71004, -1.41300, 0.54074, 18.63206, 2.50071, 1.91637, 0.03698, -5.16123, -3.18066, 0.46031
1.20800, 2.46929, 1.90695, 0.04076, -4.71004, -1.41303, 0.56712, 17.44567, 2.46929, 1.90695, 0.04076, -5.09973, -2.90875, 0.47737
1.21467, 2.43788, 1.89752, 0.04445, -4.71004, -1.41301, 0.55393, 16.17632, 2.43788, 1.89752, 0.04445, -5.04543, -2.65507, 0.49316
1.22134, 2.40960, 1.89438, 0.04833, -4.23899, -0.47101, 0.58031, 14.94325, 2.40960, 1.89438, 0.04833, -4.97120, -2.36343, 0.50830
1.22801, 2.37819, 1.89124, 0.05220, -4.71007, -0.47097, 0.58031, 13.73796, 2.37819, 1.89124, 0.05220, -4.91054, -2.07636, 0.52180
1.23468, 2.34991, 1.88810, 0.05615, -4.23906, -0.47101, 0.59350, 12.51532, 2.34991, 1.88810, 0.05615, -4.83313, -1.81510, 0.53449
1.24135, 2.32164, 1.88810, 0.06011, -4.23899, 0.00000, 0.58031, 11.34567, 2.32164, 1.88810, 0.06011, -4.74733, -1.54321, 0.54611
1.24803, 2.29650, 1.89124, 0.06416, -3.76801, 0.47101, 0.60669, 10.17850, 2.29650, 1.89124, 0.06416, -4.63380, -1.24247, 0.55653
1.25470, 2.27137, 1.89438, 0.06812, -3.76809, 0.47097, 0.59350, 9.04081, 2.27137, 1.89438, 0.06812, -4.52996, -0.97438, 0.56570
1.26137, 2.24624, 1.90066, 0.07225, -3.76798, 0.94202, 0.61988, 7.96193, 2.24624, 1.90066, 0.07225, -4.40740, -0.67554, 0.57423
1.26804, 2.22111, 1.91009, 0.07630, -3.76805, 1.41301, 0.60669, 6.85192, 2.22111, 1.91009, 0.07630, -4.29904, -0.38486, 0.58180
1.27471, 2.19912, 1.92265, 0.08035, -3.29700, 1.88403, 0.60669, 5.81094, 2.19912, 1.92265, 0.08035, -4.17423, -0.07471, 0.58756
1.28139, 2.17712, 1.93522, 0.08439, -3.29704, 1.88401, 0.60669, 4.84227, 2.17712, 1.93522, 0.08439, -4.04119, 0.24516, 0.59308
1.28806, 2.15827, 1.94779, 0.08853, -2.82599, 1.88403, 0.61988, 3.84416, 2.15827, 1.94779, 0.08853, -3.90405, 0.52282, 0.59781
1.29473, 2.13942, 1.96664, 0.09257, -2.82606, 2.82601, 0.60669, 2.95913, 2.13942, 1.96664, 0.09257, -3.74130, 0.82644, 0.60150
1.30140, 2.12058, 1.98235, 0.09662, -2.82599, 2.82603, 0.60669, 2.04226, 2.12058, 1.98235, 0.09662, -3.58930, 1.11951, 0.60400
1.30807, 2.10487, 2.00434, 0.10067, -2.35502, 2.82599, 0.60669, 1.17921, 2.10487, 2.00434, 0.10067, -3.41912, 1.43085, 0.60591
1.31475, 2.08916, 2.02633, 0.10463, -2.35502, 3.29704, 0.60669, 0.35925, 2.08916, 2.02633, 0.10463, -3.26341, 1.72778, 0.60621
1.32142, 2.07345, 2.05146, 0.10858, -2.35502, 3.76801, 0.58031, -0.39041, 2.07345, 2.05146, 0.10858, -3.11492, 2.04105, 0.60636
1.32809, 2.06088, 2.07973, 0.11254, -1.88401, 4.23906, 0.59350, -1.11533, 2.06088, 2.07973, 0.11254, -2.94650, 2.36248, 0.60511
1.33476, 2.05146, 2.10801, 0.11641, -1.41303, 4.23903, 0.58031, -1.80179, 2.05146, 2.10801, 0.11641, -2.74458, 2.66446, 0.60317
1.34143, 2.03889, 2.13942, 0.12020, -1.88401, 4.71000, 0.56712, -2.49411, 2.03889, 2.13942, 0.12020, -2.57299, 2.95670, 0.60023
1.34811, 2.02947, 2.17084, 0.12398, -1.41300, 4.71007, 0.56712, -3.15289, 2.02947, 2.17084, 0.12398, -2.39302, 3.24408, 0.59677
1.35478, 2.02319, 2.20540, 0.12767, -0.94199, 5.18105, 0.55393, -3.77002, 2.02319, 2.20540, 0.12767, -2.20886, 3.55258, 0.59175
1.36145, 2.01690, 2.23996, 0.13137, -0.94202, 5.18105, 0.55393, -4.33458, 2.01690, 2.23996, 0.13137, -2.02261, 3.82454, 0.58660
1.36812, 2.01062, 2.28080, 0.13489, -0.94202, 6.12303, 0.52755, -4.90587, 2.01062, 2.28080, 0.13489, -1.83531, 4.14887, 0.58007
1.37479, 2.00748, 2.31850, 0.13849, -0.47101, 5.65206, 0.54074, -5.48373, 2.00748, 2.31850, 0.13849, -1.64749, 4.42875, 0.57351
1.38147, 2.00434, 2.36248, 0.14184, -0.47101, 6.59401, 0.50118, -6.02041, 2.00434, 2.36248, 0.14184, -1.45941, 4.73349, 0.56562
1.38814, 2.00434, 2.40646, 0.14527, 0.00000, 6.59404, 0.50118, -6.57211, 2.00434, 2.40646, 0.14527, -1.24766, 5.02711, 0.55771
1.39481, 2.00434, 2.45044, 0.14861, 0.00000, 6.59408, 0.50118, -7.16170, 2.00434, 2.45044, 0.14861, -1.04760, 5.29165, 0.54915
1.40148, 2.00748, 2.49757, 0.15178, 0.47101, 7.06505, 0.47480, -7.72876, 2.00748, 2.49757, 0.15178, -0.85341, 5.56517, 0.53959
1.40815, 2.01062, 2.54469, 0.15494, 0.47101, 7.53606, 0.47480, -8.27676, 2.01062, 2.54469, 0.15494, -0.63859, 5.81965, 0.53020
1.41483, 2.01376, 2.59496, 0.15794, 0.47101, 7.06502, 0.44842, -8.89763, 2.01376, 2.59496, 0.15794, -0.43701, 6.08814, 0.51957
1.42150, 2.02004, 2.64836, 0.16084, 0.94202, 8.00704, 0.43523, -9.50303, 2.02004, 2.64836, 0.16084, -0.24205, 6.36365, 0.50832
1.42817, 2.02633, 2.70177, 0.16374, 0.94199, 8.00708, 0.43523, -10.11114, 2.02633, 2.70177, 0.16374, -0.05040, 6.64266, 0.49676
1.43484, 2.03575, 2.75518, 0.16638, 1.41303, 8.00704, 0.39567, -10.72906, 2.03575, 2.75518, 0.16638, 0.16315, 6.87634, 0.48439
1.44152, 2.04518, 2.81173, 0.16893, 1.41300, 8.47809, 0.39566, -11.41279, 2.04518, 2.81173, 0.16893, 0.36409, 7.13444, 0.47029
1.44819, 2.05774, 2.86827, 0.17157, 1.88401, 8.47805, 0.38248, -12.06843, 2.05774, 2.86827, 0.17157, 0.58228, 7.35766, 0.45797
1.45486, 2.06717, 2.92796, 0.17386, 1.41300, 8.94910, 0.34291, -12.82217, 2.06717, 2.92796, 0.17386, 0.76200, 7.58699, 0.44324
1.46153, 2.08288, 2.98765, 0.17615, 2.35502, 8.94906, 0.34291, -13.47015, 2.08288, 2.98765, 0.17615, 0.96958, 7.81937, 0.42796
1.46820, 2.09858, 3.04734, 0.17834, 2.35502, 8.94903, 0.32972, -14.21792, 2.09858, 3.04734, 0.17834, 1.16754, 8.02973, 0.41307
1.47487, 2.11429, 3.10704, 0.18037, 2.35505, 8.94910, 0.30334, -14.96192, 2.11429, 3.10704, 0.18037, 1.36069, 8.22908, 0.39706
1.48155, 2.13314, 3.16987, 0.18230, 2.82599, 9.42007, 0.29015, -15.68763, 2.13314, 3.16987, 0.18230, 1.57498, 8.42293, 0.38114
1.48822, 2.15199, 3.22956, 0.18406, 2.82603, 8.94906, 0.26378, -16.52357, 2.15199, 3.22956, 0.18406, 1.77630, 8.56694, 0.36461
1.49489, 2.17398, 3.29239, 0.18573, 3.29700, 9.42011, 0.25059, -17.29995, 2.17398, 3.29239, 0.18573, 1.99468, 8.70958, 0.34712
1.50156, 2.19597, 3.35522, 0.18732, 3.29704, 9.42004, 0.23740, -18.16480, 2.19597, 3.35522, 0.18732, 2.19804, 8.85153, 0.33046
1.50823, 2.21796, 3.41805, 0.18864, 3.29700, 9.42007, 0.21102, -19.00249, 2.21796, 3.41805, 0.18864, 2.39389, 8.96958, 0.31290
1.51491, 2.24310, 3.48088, 0.18987, 3.76805, 9.42004, 0.17145, -19.80288, 2.24310, 3.48088, 0.18987, 2.58599, 9.07570, 0.29357
1.52158, 2.26823, 3.54372, 0.19101, 3.76801, 9.42007, 0.17145, -20.60452, 2.26823, 3.54372, 0.19101, 2.79975, 9.15230, 0.27534
1.52825, 2.29650, 3.60655, 0.19198, 4.23906, 9.42011, 0.14508, -21.47562, 2.29650, 3.60655, 0.19198, 3.00081, 9.21414, 0.25633
1.53492, 2.32478, 3.66938, 0.19277, 4.23906, 9.42004, 0.11870, -22.33527, 2.32478, 3.66938, 0.19277, 3.19551, 9.26861, 0.23628
1.54159, 2.35619, 3.73221, 0.19348, 4.70996, 9.42007, 0.10551, -23.15025, 2.35619, 3.73221, 0.19348, 3.41057, 9.31938, 0.21637
1.54827, 2.38761, 3.79190, 0.19400, 4.71004, 8.94910, 0.07913, -24.07067, 2.38761, 3.79190, 0.19400, 3.61228, 9.32123, 0.19586
1.55494, 2.41903, 3.85159, 0.19427, 4.71007, 9.42007, 0.03957, -24.91185, 2.41903, 3.85159, 0.19427, 3.80730, 9.32215, 0.17440
1.56161, 2.45358, 3.91442, 0.19453, 5.18101, 8.94903, 0.03957, -25.70390, 2.45358, 3.91442, 0.19453, 3.99899, 9.32261, 0.15313
1.56828, 2.48814, 3.97097, 0.19453, 5.18108, 8.47809, 0.00000, -26.53455, 2.48814, 3.97097, 0.19453, 4.18901, 9.27575, 0.13062
1.57495, 2.52584, 4.02752, 0.19444, 5.65199, 8.94903, -0.01319, -27.30044, 2.52584, 4.02752, 0.19444, 4.40173, 9.20524, 0.10882
1.58163, 2.56354, 4.08407, 0.19418, 5.65206, 8.47812, -0.03957, -28.16639, 2.56354, 4.08407, 0.19418, 4.60226, 9.12290, 0.08671
1.58830, 2.60124, 4.14062, 0.19374, 5.65206, 8.00700, -0.06594, -28.94680, 2.60124, 4.14062, 0.19374, 4.79670, 9.03464, 0.06379
1.59497, 2.64208, 4.19403, 0.19321, 6.12303, 8.00708, -0.07913, -29.65281, 2.64208, 4.19403, 0.19321, 4.98809, 8.91988, 0.04113
1.60164, 2.68292, 4.24743, 0.19251, 6.12303, 8.00708, -0.10551, -30.36785, 2.68292, 4.24743, 0.19251, 5.17796, 8.79187, 0.01859
1.60831, 2.72376, 4.29770, 0.19163, 6.12307, 7.53603, -0.14508, -31.01003, 2.72376, 4.29770, 0.19163, 5.34352, 8.63370, -0.00455
1.61499, 2.76774, 4.34482, 0.19048, 6.59404, 7.06505, -0.15827, -31.51723, 2.76774, 4.34482, 0.19048, 5.52048, 8.46043, -0.02865
1.62166, 2.81173, 4.39195, 0.18916, 6.59404, 7.06505, -0.19783, -32.02467, 2.81173, 4.39195, 0.18916, 5.70313, 8.27963, -0.05256
1.62833, 2.85571, 4.43907, 0.18776, 6.59408, 7.06505, -0.21102, -32.44863, 2.85571, 4.43907, 0.18776, 5.86509, 8.07152, -0.07704
1.63500, 2.90283, 4.47991, 0.18609, 7.06502, 6.59408, -0.25059, -32.71582, 2.90283, 4.47991, 0.18609, 6.04023, 7.84974, -0.10181
1.64168, 2.94996, 4.52389, 0.18424, 7.06502, 6.12303, -0.27696, -32.96416, 2.94996, 4.52389, 0.18424, 6.19844, 7.64468, -0.12738
1.64835, 2.99708, 4.56159, 0.18222, 7.06505, 5.65206, -0.30334, -33.05696, 2.99708, 4.56159, 0.18222, 6.34817, 7.40090, -0.15335
1.65502, 3.04734, 4.59929, 0.18002, 7.53606, 5.65199, -0.32972, -33.01534, 3.04734, 4.59929, 0.18002, 6.51720, 7.13774, -0.17952
1.66169, 3.09447, 4.63699, 0.17764, 7.06505, 5.65213, -0.35610, -32.87374, 3.09447, 4.63699, 0.17764, 6.64881, 6.88845, -0.20644
1.66836, 3.14473, 4.66841, 0.17500, 7.53606, 4.70996, -0.38248, -32.54029, 3.14473, 4.66841, 0.17500, 6.78524, 6.59900, -0.23441
1.67504, 3.19500, 4.69982, 0.17219, 7.53610, 4.70996, -0.42204, -32.08343, 3.19500, 4.69982, 0.17219, 6.92409, 6.31302, -0.26290
1.68171, 3.24841, 4.73124, 0.16928, 8.00700, 4.71011, -0.43523, -31.47368, 3.24841, 4.73124, 0.16928, 7.06414, 6.05231, -0.29033
1.68838, 3.29867, 4.75637, 0.16612, 7.53606, 3.76801, -0.47480, -30.74898, 3.29867, 4.75637, 0.16612, 7.18125, 5.75716, -0.31789
1.69505, 3.34894, 4.78150, 0.16286, 7.53606, 3.76809, -0.50118, -29.88036, 3.34894, 4.78150, 0.16286, 7.28689, 5.44478, -0.34551
1.70172, 3.40235, 4.80350, 0.15934, 8.00708, 3.29697, -0.51437, -28.87004, 3.40235, 4.80350, 0.15934, 7.38680, 5.14733, -0.37317
1.70840, 3.45261, 4.82235, 0.15574, 8.00700, 3.29704, -0.54074, -27.72975, 3.45261, 4.82235, 0.15574, 7.46030, 4.81026, -0.40018
1.71507, 3.50602, 4.84119, 0.15195, 7.53610, 2.35502, -0.56712, -26.51146, 3.50602, 4.84119, 0.15195, 7.54414, 4.50047, -0.42687
1.72174, 3.55942, 4.85690, 0.14808, 8.00700, 2.35502, -0.58031, -25.14283, 3.55942, 4.85690, 0.14808, 7.60959, 4.18077, -0.45274
1.72841, 3.60969, 4.87261, 0.14404, 7.53614, 2.35509, -0.59350, -23.69625, 3.60969, 4.87261, 0.14404, 7.66587, 3.85612, -0.47820
1.73508, 3.65996, 4.88203, 0.13981, 7.53603, 1.41285, -0.63307, -22.20628, 3.65996, 4.88203, 0.13981, 7.69401, 3.52899, -0.50280
1.74176, 3.71336, 4.89146, 0.13559, 8.00704, 1.41307, -0.63306, -20.70487, 3.71336, 4.89146, 0.13559, 7.73161, 3.20063, -0.52565
1.74843, 3.76363, 4.89774, 0.13119, 7.53610, 0.94202, -0.65944, -19.07026, 3.76363, 4.89774, 0.13119, 7.72688, 2.84810, -0.54828
1.75510, 3.81389, 4.90403, 0.12679, 7.53599, 0.94202, -0.65944, -17.50000, 3.81389, 4.90403, 0.12679, 7.72451, 2.53058, -0.56882
1.76177, 3.86102, 4.90403, 0.12231, 7.06505, 0.00000, -0.67263, -15.90532, 3.86102, 4.90403, 0.12231, 7.69978, 2.18347, -0.58832
1.76844, 3.91128, 4.90403, 0.11773, 7.53606, 0.00000, -0.68582, -14.40071, 3.91128, 4.90403, 0.11773, 7.66387, 1.84511, -0.60599
1.77512, 3.95841, 4.90403, 0.11316, 7.06505, 0.00000, -0.68582, -12.81921, 3.95841, 4.90403, 0.11316, 7.62238, 1.53468, -0.62207
1.78179, 4.00553, 4.89774, 0.10850, 7.06513, -0.94202, -0.69901, -11.32195, 4.00553, 4.89774, 0.10850, 7.55455, 1.19111, -0.63670
1.78846, 4.04951, 4.89146, 0.10383, 6.59394, -0.94202, -0.69901, -9.86490, 4.04951, 4.89146, 0.10383, 7.45000, 0.85453, -0.64995
1.79513, 4.09350, 4.88518, 0.09908, 6.59408, -0.94195, -0.71220, -8.52471, 4.09350, 4.88518, 0.09908, 7.35064, 0.52144, -0.66185
1.80180, 4.13748, 4.87261, 0.09433, 6.59408, -1.88397, -0.71220, -7.17967, 4.13748, 4.87261, 0.09433, 7.25387, 0.19010, -0.67176
1.80848, 4.18146, 4.86004, 0.08967, 6.59401, -1.88404, -0.69901, -5.87152, 4.18146, 4.86004, 0.08967, 7.13486, -0.14038, -0.68000
1.81515, 4.22230, 4.84748, 0.08483, 6.12310, -1.88404, -0.72539, -4.60194, 4.22230, 4.84748, 0.08483, 7.00472, -0.44688, -0.68743
1.82182, 4.26314, 4.82863, 0.08017, 6.12303, -2.35502, -0.69901, -3.41638, 4.26314, 4.82863, 0.08017, 6.86903, -0.78848, -0.69311
1.82849, 4.30084, 4.80978, 0.07533, 5.65199, -2.82599, -0.72539, -2.27805, 4.30084, 4.80978, 0.07533, 6.73055, -1.10053, -0.69859
1.83516, 4.33854, 4.78779, 0.07067, 5.65213, -3.29704, -0.69901, -1.22379, 4.33854, 4.78779, 0.07067, 6.56714, -1.42136, -0.70199
1.84184, 4.37310, 4.76580, 0.06592, 5.18101, -3.29704, -0.71220, -0.21100, 4.37310, 4.76580, 0.06592, 6.39126, -1.74658, -0.70501
1.84851, 4.40765, 4.74066, 0.06126, 5.18101, -3.76801, -0.69901, 0.71595, 4.40765, 4.74066, 0.06126, 6.20915, -2.05045, -0.70652
1.85518, 4.44221, 4.71239, 0.05668, 5.18101, -4.23906, -0.68582, 1.61441, 4.44221, 4.71239, 0.05668, 6.04746, -2.36718, -0.70662
1.86185, 4.47363, 4.68411, 0.05202, 4.71004, -4.23899, -0.69901, 2.45890, 4.47363, 4.68411, 0.05202, 5.87245, -2.69035, -0.70601
1.86852, 4.50504, 4.64956, 0.04753, 4.71004, -5.18094, -0.67263, 3.21145, 4.50504, 4.64956, 0.04753, 5.69077, -3.01674, -0.70372
1.87520, 4.53332, 4.61814, 0.04296, 4.23906, -4.71018, -0.68582, 3.91765, 4.53332, 4.61814, 0.04296, 5.48221, -3.32119, -0.70192
1.88187, 4.56159, 4.58044, 0.03856, 4.23906, -5.65199, -0.65944, 4.57858, 4.56159, 4.58044, 0.03856, 5.28376, -3.66176, -0.69772
1.88854, 4.58673, 4.54274, 0.03425, 3.76801, -5.65213, -0.64625, 5.16249, 4.58673, 4.54274, 0.03425, 5.06682, -3.97331, -0.69299
1.89521, 4.61186, 4.50190, 0.02994, 3.76801, -6.12296, -0.65944, 5.68330, 4.61186, 4.50190, 0.02994, 4.86418, -4.29388, -0.68667
1.90188, 4.63699, 4.45792, 0.02572, 3.76809, -6.59401, -0.63307, 6.15152, 4.63699, 4.45792, 0.02572, 4.66869, -4.61896, -0.68021
1.90856, 4.65898, 4.41394, 0.02141, 3.29690, -6.59408, -0.63306, 6.59716, 4.65898, 4.41394, 0.02141, 4.47676, -4.94631, -0.67368
1.91523, 4.68097, 4.36681, 0.01736, 3.29711, -7.06505, -0.60669, 6.97173, 4.68097, 4.36681, 0.01736, 4.28663, -5.27478, -0.66581
1.92190, 4.69982, 4.31969, 0.01323, 2.82592, -7.06505, -0.61987, 7.31542, 4.69982, 4.31969, 0.01323, 4.07385, -5.58028, -0.65857
1.92857, 4.71867, 4.26628, 0.00935, 2.82614, -8.00708, -0.58031, 7.63708, 4.71867, 4.26628, 0.00935, 3.87329, -5.92137, -0.64902
1.93524, 4.73438, 4.21602, 0.00540, 2.35495, -8.00708, -0.60669, 7.90751, 4.73438, 4.21602, 0.00540, 3.65529, -6.20964, -0.64029
1.94192, 4.75009, 4.15947, 0.00161, 2.35502, -8.00700, -0.56712, 8.17070, 4.75009, 4.15947, 0.00161, 3.45212, -6.54211, -0.62999
1.94859, 4.76265, 4.10292, -0.00217, 1.88404, -8.47812, -0.56712, 8.40295, 4.76265, 4.10292, -0.00217, 3.23282, -6.84961, -0.62023
1.95526, 4.77522, 4.04323, -0.00578, 1.88397, -8.94903, -0.52755, 8.62891, 4.77522, 4.04323, -0.00578, 3.02899, -7.16816, -0.61007
1.96193, 4.78779, 3.98040, -0.00938, 1.88404, -9.42007, -0.54074, 8.85976, 4.78779, 3.98040, -0.00938, 2.83291, -7.49223, -0.59972
1.96860, 4.79721, 3.91757, -0.01281, 1.41307, -9.42007, -0.51436, 9.11166, 4.79721, 3.91757, -0.01281, 2.61715, -7.79553, -0.58861
1.97528, 4.80664, 3.85159, -0.01607, 1.41300, -9.89108, -0.50118, 9.34451, 4.80664, 3.85159, -0.01607, 2.41511, -8.11199, -0.57514
1.98195, 4.81292, 3.78562, -0.01941, 0.94195, -9.89105, -0.48799, 9.56350, 4.81292, 3.78562, -0.01941, 2.19636, -8.41147, -0.56314
1.98862, 4.81920, 3.71965, -0.02249, 0.94209, -10.36209, -0.46161, 9.80223, 4.81920, 3.71965, -0.02249, 1.99283, -8.70247, -0.54922
1.99529, 4.82235, 3.64739, -0.02557, 0.47097, -10.36206, -0.46161, 10.02357, 4.82235, 3.64739, -0.02557, 1.77334, -8.98923, -0.53633
2.00196, 4.82549, 3.57513, -0.02847, 0.47097, -10.83310, -0.43523, 10.30388, 4.82549, 3.57513, -0.02847, 1.56942, -9.29741, -0.52198
2.00864, 4.82863, 3.50288, -0.03129, 0.47097, -10.83307, -0.42204, 10.55137, 4.82863, 3.50288, -0.03129, 1.37329, -9.56922, -0.50755
2.01531, 4.82863, 3.43062, -0.03410, 0.00000, -10.83303, -0.42204, 10.82843, 4.82863, 3.43062, -0.03410, 1.18105, -9.82283, -0.49308
2.02198, 4.82863, 3.35522, -0.03674, 0.00000, -11.30411, -0.39566, 11.09637, 4.82863, 3.35522, -0.03674, 0.99076, -10.06736, -0.47859
2.02865, 4.82549, 3.27982, -0.03920, -0.47097, -11.30408, -0.36929, 11.39373, 4.82549, 3.27982, -0.03920, 0.77790, -10.28379, -0.46278
2.03532, 4.82235, 3.20128, -0.04167, -0.47097, -11.77513, -0.36929, 11.65233, 4.82235, 3.20128, -0.04167, 0.57729, -10.50973, -0.44762
2.04200, 4.81606, 3.12589, -0.04404, -0.94202, -11.77505, -0.35610, 11.92764, 4.81606, 3.12589, -0.04404, 0.35928, -10.69332, -0.43345
2.04867, 4.80978, 3.04734, -0.04624, -0.94202, -11.30411, -0.32972, 12.17396, 4.80978, 3.04734, -0.04624, 0.15610, -10.87929, -0.41780
2.05534, 4.80350, 2.96881, -0.04835, -0.94202, -11.77505, -0.31653, 12.39338, 4.80350, 2.96881, -0.04835, -0.03967, -11.06645, -0.40272
2.06201, 4.79407, 2.89027, -0.05046, -1.41300, -11.77509, -0.31653, 12.58066, 4.79407, 2.89027, -0.05046, -0.23173, -11.20712, -0.38793
2.06868, 4.78465, 2.81487, -0.05249, -1.41300, -11.77509, -0.30334, 12.75694, 4.78465, 2.81487, -0.05249, -0.42192, -11.30099, -0.37394
2.07536, 4.77208, 2.73633, -0.05434, -1.88404, -11.30411, -0.27697, 12.90455, 4.77208, 2.73633, -0.05434, -0.63474, -11.39502, -0.35969
2.08203, 4.75951, 2.65779, -0.05618, -1.88397, -11.77509, -0.27696, 13.00580, 4.75951, 2.65779, -0.05618, -0.83531, -11.48912, -0.34532
2.08870, 4.74695, 2.58239, -0.05794, -1.88404, -11.30404, -0.26378, 13.06001, 4.74695, 2.58239, -0.05794, -1.02978, -11.53617, -0.33154
2.09537, 4.73124, 2.50699, -0.05961, -2.35502, -11.30408, -0.25059, 13.08089, 4.73124, 2.50699, -0.05961, -1.22118, -11.55969, -0.31871
2.10204, 4.71239, 2.43473, -0.06120, -2.82606, -10.83310, -0.23740, 13.08169, 4.71239, 2.43473, -0.06120, -1.43460, -11.52436, -0.30571
2.10872, 4.69668, 2.35934, -0.06278, -2.35495, -11.30404, -0.23740, 13.04167, 4.69668, 2.35934, -0.06278, -1.61194, -11.50670, -0.29327
2.11539, 4.67469, 2.29022, -0.06428, -3.29704, -10.36209, -0.22421, 12.97021, 4.67469, 2.29022, -0.06428, -1.81832, -11.42724, -0.28178
2.12206, 4.65584, 2.21796, -0.06577, -2.82599, -10.83310, -0.22421, 12.89203, 4.65584, 2.21796, -0.06577, -2.01569, -11.34043, -0.27142
2.12873, 4.63385, 2.14885, -0.06718, -3.29704, -10.36206, -0.21102, 12.78570, 4.63385, 2.14885, -0.06718, -2.20854, -11.22639, -0.26097
2.13540, 4.60872, 2.08288, -0.06850, -3.76809, -9.89108, -0.19783, 12.66464, 4.60872, 2.08288, -0.06850, -2.42269, -11.09874, -0.25047
2.14208, 4.58358, 2.01690, -0.06973, -3.76809, -9.89105, -0.18464, 12.54908, 4.58358, 2.01690, -0.06973, -2.62393, -10.94074, -0.24060
2.14875, 4.55845, 1.95407, -0.07087, -3.76794, -9.42005, -0.17145, 12.42295, 4.55845, 1.95407, -0.07087, -2.81873, -10.74403, -0.23039
2.15542, 4.53018, 1.89438, -0.07202, -4.23906, -8.94911, -0.17145, 12.27055, 4.53018, 1.89438, -0.07202, -3.03384, -10.52796, -0.22068
2.16209, 4.49876, 1.83469, -0.07307, -4.70996, -8.94904, -0.15827, 12.16016, 4.49876, 1.83469, -0.07307, -3.25911, -10.30220, -0.21120
2.16876, 4.47049, 1.77500, -0.07413, -4.23906, -8.94906, -0.15827, 12.10151, 4.47049, 1.77500, -0.07413, -3.44237, -10.09515, -0.20251
2.17544, 4.43593, 1.72159, -0.07501, -5.18108, -8.00706, -0.13189, 12.04234, 4.43593, 1.72159, -0.07501, -3.67527, -9.82683, -0.19289
2.18211, 4.40451, 1.66819, -0.07580, -4.70996, -8.00708, -0.11870, 12.06632, 4.40451, 1.66819, -0.07580, -3.86234, -9.57495, -0.18281
2.18878, 4.36996, 1.61478, -0.07659, -5.18108, -8.00704, -0.11870, 12.07046, 4.36996, 1.61478, -0.07659, -4.07360, -9.30775, -0.17249
2.19545, 4.33226, 1.56765, -0.07730, -5.65199, -7.06507, -0.10551, 12.15494, 4.33226, 1.56765, -0.07730, -4.29694, -9.00935, -0.16206
2.20212, 4.29456, 1.52053, -0.07782, -5.65206, -7.06505, -0.07913, 12.33817, 4.29456, 1.52053, -0.07782, -4.50278, -8.71889, -0.15091
2.20880, 4.25686, 1.47655, -0.07835, -5.65206, -6.59401, -0.07913, 12.56113, 4.25686, 1.47655, -0.07835, -4.69987, -8.40886, -0.14006
2.21547, 4.21602, 1.43257, -0.07879, -6.12303, -6.59408, -0.06594, 12.82823, 4.21602, 1.43257, -0.07879, -4.91613, -8.11259, -0.12936
2.22214, 4.17518, 1.39173, -0.07914, -6.12303, -6.12303, -0.05276, 13.23693, 4.17518, 1.39173, -0.07914, -5.11843, -7.82319, -0.11808
2.22881, 4.13119, 1.35403, -0.07941, -6.59408, -5.65204, -0.03957, 13.69828, 4.13119, 1.35403, -0.07941, -5.31376, -7.51369, -0.10651
2.23548, 4.08721, 1.31947, -0.07958, -6.59401, -5.18105, -0.02638, 14.27263, 4.08721, 1.31947, -0.07958, -5.52914, -7.17060, -0.09413
2.24216, 4.04323, 1.28491, -0.07958, -6.59408, -5.18103, 0.00000, 14.85961, 4.04323, 1.28491, -0.07958, -5.70746, -6.85779, -0.08134
2.24883, 3.99611, 1.25350, -0.07950, -7.06509, -4.71004, 0.01319, 15.49969, 3.99611, 1.25350, -0.07950, -5.91434, -6.53659, -0.06836
2.25550, 3.94898, 1.22522, -0.07932, -7.06498, -4.23903, 0.02638, 16.25438, 3.94898, 1.22522, -0.07932, -6.11194, -6.18764, -0.05462
2.26217, 3.89872, 1.20009, -0.07897, -7.53614, -3.76803, 0.05276, 17.00298, 3.89872, 1.20009, -0.07897, -6.30492, -5.84836, -0.03983
2.26884, 3.84845, 1.17496, -0.07853, -7.53599, -3.76805, 0.06594, 17.85277, 3.84845, 1.17496, -0.07853, -6.49558, -5.51392, -0.02519
2.27552, 3.79819, 1.15296, -0.07791, -7.53606, -3.29700, 0.09232, 18.69968, 3.79819, 1.15296, -0.07791, -6.68509, -5.18190, -0.00930
2.28219, 3.74478, 1.13097, -0.07721, -8.00704, -3.29702, 0.10551, 19.51412, 3.74478, 1.13097, -0.07721, -6.87401, -4.85109, 0.00722
2.28886, 3.69137, 1.11527, -0.07633, -8.00708, -2.35502, 0.13189, 20.37259, 3.69137, 1.11527, -0.07633, -7.06265, -4.49734, 0.02470
2.29553, 3.63482, 1.09956, -0.07527, -8.47809, -2.35502, 0.15827, 21.15954, 3.63482, 1.09956, -0.07527, -7.25114, -4.15566, 0.04334
2.30220, 3.57827, 1.08699, -0.07404, -8.47805, -1.88403, 0.18464, 21.94190, 3.57827, 1.08699, -0.07404, -7.43955, -3.82002, 0.06320
2.30888, 3.52173, 1.07442, -0.07263, -8.47801, -1.88401, 0.21102, 22.60674, 3.52173, 1.07442, -0.07263, -7.62793, -3.48740, 0.08368
2.31555, 3.46518, 1.06814, -0.07105, -8.47809, -0.94202, 0.23740, 23.13640, 3.46518, 1.06814, -0.07105, -7.79275, -3.13274, 0.10513
2.32222, 3.40549, 1.06186, -0.06938, -8.94906, -0.94199, 0.25059, 23.57807, 3.40549, 1.06186, -0.06938, -7.96933, -2.79061, 0.12706
2.32889, 3.34580, 1.05872, -0.06744, -8.94910, -0.47099, 0.29016, 23.89730, 3.34580, 1.05872, -0.06744, -8.12825, -2.45475, 0.14989
2.33556, 3.28296, 1.05558, -0.06542, -9.42007, -0.47101, 0.30334, 24.08178, 3.28296, 1.05558, -0.06542, -8.30189, -2.12201, 0.17317
2.34224, 3.22327, 1.05872, -0.06313, -8.94903, 0.47101, 0.34291, 24.06490, 3.22327, 1.05872, -0.06313, -8.45933, -1.76730, 0.19734
2.34891, 3.16044, 1.06186, -0.06076, -9.42011, 0.47099, 0.35610, 23.84611, 3.16044, 1.06186, -0.06076, -8.60869, -1.40160, 0.22195
2.35558, 3.09761, 1.06500, -0.05821, -9.42007, 0.47099, 0.38248, 23.47741, 3.09761, 1.06500, -0.05821, -8.75399, -1.07749, 0.24678
2.36225, 3.03478, 1.07442, -0.05548, -9.42007, 1.41301, 0.40885, 22.89472, 3.03478, 1.07442, -0.05548, -8.87373, -0.72709, 0.27172
2.36892, 2.97195, 1.08385, -0.05266, -9.42004, 1.41301, 0.42204, 22.22190, 2.97195, 1.08385, -0.05266, -8.98069, -0.38709, 0.29606
2.37560, 2.90911, 1.09642, -0.04967, -9.42011, 1.88403, 0.44842, 21.40527, 2.90911, 1.09642, -0.04967, -9.08125, -0.02874, 0.32009
2.38227, 2.84314, 1.10898, -0.04651, -9.89105, 1.88399, 0.47480, 20.43081, 2.84314, 1.10898, -0.04651, -9.20216, 0.29169, 0.34398
2.38894, 2.78031, 1.12783, -0.04334, -9.42011, 2.82603, 0.47480, 19.15588, 2.78031, 1.12783, -0.04334, -9.28617, 0.64025, 0.36712
2.39561, 2.71748, 1.14668, -0.04000, -9.42000, 2.82603, 0.50117, 17.91860, 2.71748, 1.14668, -0.04000, -9.35170, 0.97933, 0.38925
2.40228, 2.65465, 1.16553, -0.03665, -9.42011, 2.82601, 0.51437, 16.62769, 2.65465, 1.16553, -0.03665, -9.38447, 1.31367, 0.41020
2.40896, 2.59181, 1.19066, -0.03313, -9.42007, 3.76803, 0.51436, 15.38661, 2.59181, 1.19066, -0.03313, -9.42441, 1.64565, 0.42990
2.41563, 2.52898, 1.21265, -0.02962, -9.42004, 3.29702, 0.54074, 14.00895, 2.52898, 1.21265, -0.02962, -9.44437, 1.95289, 0.44832
2.42230, 2.46929, 1.24093, -0.02601, -8.94910, 4.23904, 0.52755, 12.63880, 2.46929, 1.24093, -0.02601, -9.43081, 2.29486, 0.46545
2.42897, 2.40960, 1.26920, -0.02240, -8.94903, 4.23903, 0.55393, 11.44892, 2.40960, 1.26920, -0.02240, -9.40048, 2.60710, 0.48060
2.43564, 2.34991, 1.30062, -0.01871, -8.94913, 4.71004, 0.54074, 10.28084, 2.34991, 1.30062, -0.01871, -9.36178, 2.92803, 0.49477
2.44232, 2.29022, 1.33518, -0.01501, -8.94903, 5.18103, 0.55393, 9.11161, 2.29022, 1.33518, -0.01501, -9.31888, 3.25329, 0.50713
2.44899, 2.23367, 1.36973, -0.01141, -8.47809, 5.18105, 0.55393, 7.95102, 2.23367, 1.36973, -0.01141, -9.22681, 3.58072, 0.51660
2.45566, 2.17712, 1.40743, -0.00771, -8.47805, 5.65204, 0.54074, 7.04841, 2.17712, 1.40743, -0.00771, -9.13368, 3.88570, 0.52530
2.46233, 2.12058, 1.44827, -0.00402, -8.47805, 6.12303, 0.55393, 6.10780, 2.12058, 1.44827, -0.00402, -9.04003, 4.20299, 0.53228
2.46900, 2.06717, 1.48911, -0.00041, -8.00708, 6.12303, 0.54074, 5.17727, 2.06717, 1.48911, -0.00041, -8.92258, 4.52643, 0.53775
2.47568, 2.01376, 1.53310, 0.00328, -8.00704, 6.59408, 0.55393, 4.37818, 2.01376, 1.53310, 0.00328, -8.79322, 4.82942, 0.54180
2.48235, 1.96035, 1.58022, 0.00680, -8.00706, 7.06504, 0.52755, 3.59015, 1.96035, 1.58022, 0.00680, -8.65792, 5.16925, 0.54383
2.48902, 1.91009, 1.62735, 0.01041, -7.53606, 7.06505, 0.54074, 2.84498, 1.91009, 1.62735, 0.01041, -8.51963, 5.48043, 0.54484
2.49569, 1.86296, 1.67761, 0.01393, -7.06505, 7.53606, 0.52755, 2.14834, 1.86296, 1.67761, 0.01393, -8.35632, 5.80082, 0.54469
2.50236, 1.81584, 1.73102, 0.01736, -7.06505, 8.00704, 0.51436, 1.53473, 1.81584, 1.73102, 0.01736, -8.18049, 6.12582, 0.54264
2.50904, 1.76872, 1.78442, 0.02070, -7.06504, 8.00709, 0.50118, 0.92760, 1.76872, 1.78442, 0.02070, -7.99840, 6.42957, 0.53897
2.51571, 1.72473, 1.84097, 0.02405, -6.59404, 8.47803, 0.50117, 0.30312, 1.72473, 1.84097, 0.02405, -7.81318, 6.74625, 0.53516
2.52238, 1.68075, 1.90066, 0.02730, -6.59404, 8.94906, 0.48799, -0.29357, 1.68075, 1.90066, 0.02730, -7.62640, 7.06940, 0.52996
2.52905, 1.63991, 1.96350, 0.03047, -6.12305, 9.42007, 0.47480, -0.89942, 1.63991, 1.96350, 0.03047, -7.41530, 7.39577, 0.52341
2.53572, 1.59907, 2.02633, 0.03355, -6.12305, 9.42007, 0.46161, -1.49142, 1.59907, 2.02633, 0.03355, -7.21557, 7.72376, 0.51617
2.54240, 1.55823, 2.09230, 0.03654, -6.12305, 9.89108, 0.44842, -2.09617, 1.55823, 2.09230, 0.03654, -7.02154, 8.05255, 0.50728
2.54907, 1.52053, 2.15827, 0.03953, -5.65206, 9.89108, 0.44842, -2.70739, 1.52053, 2.15827, 0.03953, -6.80681, 8.35821, 0.49888
2.55574, 1.48597, 2.22739, 0.04243, -5.18101, 10.36206, 0.43523, -3.35752, 1.48597, 2.22739, 0.04243, -6.58172, 8.67584, 0.48941
2.56241, 1.44827, 2.29965, 0.04507, -5.65206, 10.83307, 0.39566, -4.00390, 1.44827, 2.29965, 0.04507, -6.39855, 8.99945, 0.47808
2.56908, 1.41686, 2.37190, 0.04780, -4.71004, 10.83310, 0.39566, -4.64037, 1.41686, 2.37190, 0.04780, -6.18925, 9.30252, 0.46714
2.57575, 1.38230, 2.44730, 0.05035, -5.18103, 11.30404, 0.39567, -5.29853, 1.38230, 2.44730, 0.05035, -5.99043, 9.61886, 0.45573
2.58243, 1.35088, 2.52270, 0.05281, -4.71004, 11.77509, 0.35610, -5.99248, 1.35088, 2.52270, 0.05281, -5.79685, 9.91829, 0.44344
2.58910, 1.32261, 2.60124, 0.05519, -4.23903, 11.77509, 0.35610, -6.66865, 1.32261, 2.60124, 0.05519, -5.58234, 10.20926, 0.43070
2.59577, 1.29434, 2.68292, 0.05747, -4.23903, 11.77509, 0.34291, -7.38849, 1.29434, 2.68292, 0.05747, -5.38091, 10.49600, 0.41774
2.60244, 1.26606, 2.76460, 0.05967, -4.23904, 12.24610, 0.32972, -8.12718, 1.26606, 2.76460, 0.05967, -5.18603, 10.78063, 0.40467
2.60911, 1.24093, 2.84628, 0.06170, -3.76801, 12.24606, 0.30334, -8.85137, 1.24093, 2.84628, 0.06170, -4.97087, 11.04066, 0.39088
2.61579, 1.21580, 2.93111, 0.06372, -3.76803, 12.71715, 0.30334, -9.57861, 1.21580, 2.93111, 0.06372, -4.76911, 11.31194, 0.37673
2.62246, 1.19066, 3.01279, 0.06566, -3.76803, 12.24606, 0.29015, -10.28093, 1.19066, 3.01279, 0.06566, -4.59761, 11.54175, 0.36241
2.62913, 1.16867, 3.09761, 0.06741, -3.29702, 12.71708, 0.26378, -10.93347, 1.16867, 3.09761, 0.06741, -4.39414, 11.75082, 0.34865
2.63580, 1.14668, 3.18558, 0.06909, -3.29702, 13.18809, 0.25059, -11.62136, 1.14668, 3.18558, 0.06909, -4.22178, 11.97308, 0.33386
2.64247, 1.12783, 3.27040, 0.07067, -2.82603, 12.71715, 0.23740, -12.23012, 1.12783, 3.27040, 0.07067, -4.01788, 12.15484, 0.31922
2.64915, 1.10898, 3.35522, 0.07225, -2.82603, 13.18809, 0.23740, -12.79999, 1.10898, 3.35522, 0.07225, -3.82176, 12.31634, 0.30530
2.65582, 1.09013, 3.44319, 0.07366, -2.82601, 12.71708, 0.21102, -13.32616, 1.09013, 3.44319, 0.07366, -3.65307, 12.46773, 0.29109
2.66249, 1.07442, 3.52801, 0.07507, -2.35502, 12.71711, 0.21102, -13.79532, 1.07442, 3.52801, 0.07507, -3.47455, 12.56696, 0.27740
2.66916, 1.05872, 3.61283, 0.07639, -2.35500, 12.71711, 0.19783, -14.20740, 1.05872, 3.61283, 0.07639, -3.29112, 12.64012, 0.26395
2.67583, 1.04301, 3.69765, 0.07762, -2.35504, 12.71700, 0.18464, -14.55565, 1.04301, 3.69765, 0.07762, -3.12878, 12.70024, 0.25130
2.68251, 1.03044, 3.77934, 0.07885, -1.88401, 12.71715, 0.18464, -14.83322, 1.03044, 3.77934, 0.07885, -2.95343, 12.70676, 0.23904
2.68918, 1.01788, 3.86416, 0.07999, -1.88401, 12.24606, 0.17145, -15.03481, 1.01788, 3.86416, 0.07999, -2.77159, 12.73356, 0.22698
2.69585, 1.00531, 3.94270, 0.08105, -1.88403, 12.24606, 0.15827, -15.15151, 1.00531, 3.94270, 0.08105, -2.61004, 12.69988, 0.21567
2.70252, 0.99588, 4.02438, 0.08211, -1.41301, 11.77516, 0.15827, -15.19612, 0.99588, 4.02438, 0.08211, -2.43509, 12.63595, 0.20540
2.70919, 0.98646, 4.10292, 0.08299, -1.41302, 11.77502, 0.13189, -15.17353, 0.98646, 4.10292, 0.08299, -2.27698, 12.55690, 0.19500
2.71587, 0.98018, 4.17832, 0.08386, -0.94199, 11.30411, 0.13189, -15.06394, 0.98018, 4.17832, 0.08386, -2.10376, 12.44674, 0.18452
2.72254, 0.97389, 4.25372, 0.08474, -0.94200, 11.30404, 0.13189, -14.85620, 0.97389, 4.25372, 0.08474, -1.92297, 12.29749, 0.17532
2.72921, 0.96761, 4.32597, 0.08554, -0.94201, 10.83314, 0.11870, -14.57484, 0.96761, 4.32597, 0.08554, -1.76195, 12.12870, 0.16611
2.73588, 0.96133, 4.39823, 0.08624, -0.94200, 10.83307, 0.10551, -14.22336, 0.96133, 4.39823, 0.08624, -1.61081, 11.95013, 0.15689
2.74256, 0.95819, 4.46734, 0.08694, -0.47100, 10.36202, 0.10551, -13.80875, 0.95819, 4.46734, 0.08694, -1.44107, 11.74313, 0.14833
2.74923, 0.95504, 4.53332, 0.08756, -0.47101, 9.89112, 0.09232, -13.31010, 0.95504, 4.53332, 0.08756, -1.28557, 11.52191, 0.13943
2.75590, 0.95190, 4.59929, 0.08818, -0.47100, 9.89105, 0.09232, -12.75823, 0.95190, 4.59929, 0.08818, -1.13719, 11.27004, 0.13102
2.76257, 0.95190, 4.66212, 0.08879, 0.00000, 9.42007, 0.09232, -12.14697, 0.95190, 4.66212, 0.08879, -0.96883, 11.02639, 0.12353
2.76924, 0.95190, 4.72181, 0.08932, 0.00000, 8.94910, 0.07913, -11.50363, 0.95190, 4.72181, 0.08932, -0.81402, 10.73977, 0.11582
2.77591, 0.95190, 4.78150, 0.08976, 0.00000, 8.94910, 0.06594, -10.79713, 0.95190, 4.78150, 0.08976, -0.66598, 10.45520, 0.10867
2.78259, 0.95504, 4.83491, 0.09011, 0.47100, 8.00700, 0.05276, -10.08480, 0.95504, 4.83491, 0.09011, -0.52134, 10.14811, 0.10114
2.78926, 0.95819, 4.89146, 0.09046, 0.47101, 8.47805, 0.05276, -9.33586, 0.95819, 4.89146, 0.09046, -0.37838, 9.85331, 0.09342
2.79593, 0.96447, 4.94173, 0.09081, 0.94199, 7.53610, 0.05276, -8.58592, 0.96447, 4.94173, 0.09081, -0.21274, 9.54110, 0.08627
2.80260, 0.96761, 4.99199, 0.09108, 0.47101, 7.53603, 0.03957, -7.80344, 0.96761, 4.99199, 0.09108, -0.05928, 9.22020, 0.07939
2.80927, 0.97389, 5.03911, 0.09134, 0.94201, 7.06505, 0.03957, -7.03351, 0.97389, 5.03911, 0.09134, 0.08807, 8.89495, 0.07266
2.81595, 0.98332, 5.08624, 0.09161, 1.41301, 7.06505, 0.03957, -6.26475, 0.98332, 5.08624, 0.09161, 0.25593, 8.59106, 0.06665
2.82262, 0.99274, 5.12708, 0.09169, 1.41301, 6.12303, 0.01319, -5.53222, 0.99274, 5.12708, 0.09169, 0.43402, 8.25077, 0.05970
2.82929, 1.00217, 5.16792, 0.09187, 1.41300, 6.12303, 0.02638, -4.75380, 1.00217, 5.16792, 0.09187, 0.59370, 7.91583, 0.05292
2.83596, 1.01159, 5.20876, 0.09205, 1.41303, 5.65206, 0.02638, -4.02945, 1.01159, 5.20876, 0.09205, 0.74417, 7.60709, 0.04690
2.84263, 1.02416, 5.24646, 0.09213, 1.88401, 5.65206, 0.01319, -3.37774, 1.02416, 5.24646, 0.09213, 0.91358, 7.28792, 0.04125
2.84931, 1.03673, 5.28102, 0.09231, 1.88401, 5.18108, 0.02638, -2.72127, 1.03673, 5.28102, 0.09231, 1.06891, 6.98709, 0.03711
2.85598, 1.05243, 5.31557, 0.09240, 2.35502, 5.18094, 0.01319, -2.15317, 1.05243, 5.31557, 0.09240, 1.24075, 6.67186, 0.03306
2.86265, 1.06814, 5.34699, 0.09249, 2.35500, 4.71011, 0.01319, -1.57503, 1.06814, 5.34699, 0.09249, 1.39730, 6.37299, 0.02905
2.86932, 1.08385, 5.37527, 0.09249, 2.35504, 4.23906, 0.01319, -1.06049, 1.08385, 5.37527, 0.09249, 1.56974, 6.05876, 0.02507
2.87599, 1.10270, 5.40354, 0.09257, 2.82603, 4.23899, 0.00000, -0.54239, 1.10270, 5.40354, 0.09257, 1.75014, 5.76038, 0.02177
2.88267, 1.12155, 5.43181, 0.09266, 2.82601, 4.23899, 0.01319, -0.06721, 1.12155, 5.43181, 0.09266, 1.91097, 5.46993, 0.01879
2.88934, 1.14040, 5.45695, 0.09266, 2.82603, 3.76809, 0.00000, 0.34628, 1.14040, 5.45695, 0.09266, 2.06201, 5.20699, 0.01665
2.89601, 1.16239, 5.47894, 0.09275, 3.29704, 3.29704, 0.01319, 0.69325, 1.16239, 5.47894, 0.09275, 2.23171, 4.93427, 0.01492
2.90268, 1.18438, 5.50093, 0.09275, 3.29700, 3.29704, 0.00000, 1.03216, 1.18438, 5.50093, 0.09275, 2.41072, 4.65665, 0.01273
2.90935, 1.20951, 5.51978, 0.09275, 3.76803, 2.82599, 0.00000, 1.36236, 1.20951, 5.51978, 0.09275, 2.59441, 4.37657, 0.01098
2.91603, 1.23465, 5.53863, 0.09275, 3.76801, 2.82606, 0.00000, 1.65732, 1.23465, 5.53863, 0.09275, 2.78042, 4.11882, 0.00879
2.92270, 1.25978, 5.55434, 0.09275, 3.76803, 2.35495, 0.00000, 1.92024, 1.25978, 5.55434, 0.09275, 2.94405, 3.84869, 0.00703
2.92937, 1.28805, 5.57004, 0.09275, 4.23903, 2.35509, 0.00000, 2.12998, 1.28805, 5.57004, 0.09275, 3.12005, 3.59591, 0.00549
2.93604, 1.31633, 5.58575, 0.09275, 4.23904, 2.35495, 0.00000, 2.30237, 1.31633, 5.58575, 0.09275, 3.30221, 3.37534, 0.00472
2.94272, 1.34774, 5.59832, 0.09275, 4.71002, 1.88404, 0.00000, 2.42508, 1.34774, 5.59832, 0.09275, 3.48747, 3.14734, 0.00368
2.94939, 1.37916, 5.60774, 0.09275, 4.71005, 1.41300, 0.00000, 2.51242, 1.37916, 5.60774, 0.09275, 3.67427, 2.89209, 0.00250
2.95606, 1.41058, 5.61717, 0.09275, 4.71002, 1.41300, 0.00000, 2.57247, 1.41058, 5.61717, 0.09275, 3.86184, 2.64674, 0.00191
2.96273, 1.44513, 5.62659, 0.09275, 5.18105, 1.41300, 0.00000, 2.58121, 1.44513, 5.62659, 0.09275, 4.04980, 2.42989, 0.00095
2.96940, 1.48283, 5.63288, 0.09275, 5.65204, 0.94209, 0.00000, 2.53026, 1.48283, 5.63288, 0.09275, 4.26150, 2.20376, 0.00048
2.97607, 1.52053, 5.63916, 0.09275, 5.65202, 0.94195, 0.00000, 2.42217, 1.52053, 5.63916, 0.09275, 4.46151, 1.99652, 0.00024
2.98275, 1.55823, 5.64230, 0.09275, 5.65206, 0.47097, 0.00000, 2.24810, 1.55823, 5.64230, 0.09275, 4.65570, 1.77518, 0.00012
2.98942, 1.59593, 5.64544, 0.09266, 5.65204, 0.47105, -0.01319, 2.02089, 1.59593, 5.64544, 0.09266, 4.84696, 1.57034, -0.00060
2.99609, 1.63991, 5.64858, 0.09266, 6.59406, 0.47097, 0.00000, 1.75016, 1.63991, 5.64858, 0.09266, 5.06031, 1.37374, -0.00096
3.00276, 1.68075, 5.64858, 0.09257, 6.12305, 0.00000, -0.01319, 1.35431, 1.68075, 5.64858, 0.09257, 5.26116, 1.15773, -0.00180
3.00943, 1.72473, 5.64858, 0.09249, 6.59404, 0.00000, -0.01319, 0.94474, 1.72473, 5.64858, 0.09249, 5.45575, 0.95556, -0.00288
3.01611, 1.76872, 5.64544, 0.09240, 6.59404, -0.47097, -0.01319, 0.42707, 1.76872, 5.64544, 0.09240, 5.64722, 0.76030, -0.00408
3.02278, 1.81584, 5.64230, 0.09222, 7.06504, -0.47105, -0.02638, -0.14823, 1.81584, 5.64230, 0.09222, 5.86067, 0.56849, -0.00599
3.02945, 1.86296, 5.63602, 0.09205, 7.06505, -0.94202, -0.02638, -0.80983, 1.86296, 5.63602, 0.09205, 6.06157, 0.35487, -0.00827
3.03612, 1.91323, 5.62973, 0.09187, 7.53606, -0.94195, -0.02638, -1.53619, 1.91323, 5.62973, 0.09187, 6.25619, 0.15389, -0.01073
3.04280, 1.96350, 5.62031, 0.09161, 7.53605, -1.41300, -0.03957, -2.39360, 1.96350, 5.62031, 0.09161, 6.44768, -0.06431, -0.01393
3.04947, 2.01690, 5.61089, 0.09125, 8.00708, -1.41300, -0.05276, -3.34555, 2.01690, 5.61089, 0.09125, 6.66113, -0.26758, -0.01817
3.05614, 2.07031, 5.60146, 0.09090, 8.00704, -1.41307, -0.05276, -4.33133, 2.07031, 5.60146, 0.09090, 6.88558, -0.46340, -0.02227
3.06281, 2.12372, 5.58889, 0.09046, 8.00708, -1.88404, -0.06594, -5.33959, 2.12372, 5.58889, 0.09046, 7.06843, -0.67902, -0.02762
3.06948, 2.18027, 5.57319, 0.08993, 8.47805, -2.35502, -0.07913, -6.43193, 2.18027, 5.57319, 0.08993, 7.27757, -0.90455, -0.03359
3.07616, 2.23681, 5.55748, 0.08932, 8.47805, -2.35495, -0.09232, -7.57586, 2.23681, 5.55748, 0.08932, 7.47631, -1.13502, -0.04053
3.08283, 2.29336, 5.53863, 0.08862, 8.47809, -2.82599, -0.10551, -8.73104, 2.29336, 5.53863, 0.08862, 7.66986, -1.36797, -0.04861
3.08950, 2.35305, 5.51978, 0.08774, 8.94906, -2.82606, -0.13189, -9.87190, 2.35305, 5.51978, 0.08774, 7.86080, -1.60217, -0.05793
3.09617, 2.41588, 5.49779, 0.08686, 9.42004, -3.29711, -0.13189, -11.07271, 2.41588, 5.49779, 0.08686, 8.07399, -1.83698, -0.06786
3.10284, 2.47558, 5.47580, 0.08580, 8.94910, -3.76801, -0.15827, -12.24002, 2.47558, 5.47580, 0.08580, 8.25121, -2.07210, -0.07942
3.10951, 2.53841, 5.44752, 0.08466, 9.42007, -3.76794, -0.17145, -13.33111, 2.53841, 5.44752, 0.08466, 8.43400, -2.33092, -0.09179
3.11619, 2.60438, 5.42239, 0.08343, 9.89105, -3.76801, -0.18464, -14.41433, 2.60438, 5.42239, 0.08343, 8.61956, -2.57805, -0.10457
3.12286, 2.66721, 5.39097, 0.08202, 9.42011, -4.71011, -0.21102, -15.44517, 2.66721, 5.39097, 0.08202, 8.78297, -2.86641, -0.11887
3.12953, 2.73319, 5.35956, 0.08043, 9.89105, -4.70996, -0.23740, -16.34289, 2.73319, 5.35956, 0.08043, 8.95885, -3.15185, -0.13459
3.13620, 2.80230, 5.32500, 0.07876, 10.36209, -5.18108, -0.25059, -17.08505, 2.80230, 5.32500, 0.07876, 9.14096, -3.43583, -0.15102
3.14287, 2.86827, 5.29044, 0.07700, 9.89105, -5.18101, -0.26378, -17.67043, 2.86827, 5.29044, 0.07700, 9.30265, -3.71908, -0.16780
3.14955, 2.93739, 5.25274, 0.07507, 10.36206, -5.65199, -0.29015, -18.07627, 2.93739, 5.25274, 0.07507, 9.47766, -4.00196, -0.18543
3.15622, 3.00650, 5.21190, 0.07304, 10.36209, -6.12303, -0.30334, -18.22362, 3.00650, 5.21190, 0.07304, 9.63580, -4.30820, -0.20281
3.16289, 3.07562, 5.17106, 0.07093, 10.36206, -6.12318, -0.31653, -18.25234, 3.07562, 5.17106, 0.07093, 9.76195, -4.60258, -0.22073
3.16956, 3.14473, 5.12708, 0.06865, 10.83310, -6.59401, -0.34291, -18.24413, 3.14473, 5.12708, 0.06865, 9.89566, -4.91458, -0.23892
3.17623, 3.21699, 5.07996, 0.06636, 10.36209, -7.06505, -0.34291, -17.93273, 3.21699, 5.07996, 0.06636, 10.03314, -5.21184, -0.25658
3.18291, 3.28611, 5.02969, 0.06390, 10.36209, -7.53596, -0.36929, -17.36887, 3.28611, 5.02969, 0.06390, 10.12543, -5.54880, -0.27464
3.18958, 3.35836, 4.97942, 0.06134, 10.83307, -7.53617, -0.38248, -16.92474, 3.35836, 4.97942, 0.06134, 10.24220, -5.85855, -0.29224
3.19625, 3.42748, 4.92602, 0.05888, 10.36202, -8.00700, -0.36929, -16.02443, 3.42748, 4.92602, 0.05888, 10.32413, -6.17822, -0.30764
3.20292, 3.49973, 4.87261, 0.05615, 10.83310, -8.00700, -0.39567, -15.25448, 3.49973, 4.87261, 0.05615, 10.38863, -6.47932, -0.32325
3.20959, 3.56885, 4.81292, 0.05352, 10.36213, -8.94917, -0.39566, -14.38749, 3.56885, 4.81292, 0.05352, 10.44443, -6.81821, -0.33764
3.21627, 3.63796, 4.75323, 0.05088, 10.36202, -8.94910, -0.39566, -13.48581, 3.63796, 4.75323, 0.05088, 10.47233, -7.15247, -0.35011
3.22294, 3.70708, 4.69354, 0.04806, 10.36209, -8.94903, -0.42204, -12.68306, 3.70708, 4.69354, 0.04806, 10.48628, -7.46085, -0.36228
3.22961, 3.77619, 4.63071, 0.04533, 10.36206, -9.89105, -0.40885, -11.82943, 3.77619, 4.63071, 0.04533, 10.49326, -7.77984, -0.37298
3.23628, 3.84217, 4.56473, 0.04261, 9.89108, -9.42007, -0.40885, -10.94271, 3.84217, 4.56473, 0.04261, 10.47320, -8.10414, -0.38163
3.24295, 3.90814, 4.49562, 0.03988, 9.89112, -10.36209, -0.40886, -10.23383, 3.90814, 4.49562, 0.03988, 10.41609, -8.43109, -0.38925
3.24963, 3.97411, 4.42650, 0.03715, 9.89101, -10.36202, -0.42204, -9.68840, 3.97411, 4.42650, 0.03715, 10.36398, -8.73582, -0.39503
3.25630, 4.03695, 4.35425, 0.03443, 9.42007, -10.83314, -0.39567, -9.01312, 4.03695, 4.35425, 0.03443, 10.26730, -9.05299, -0.39925
3.26297, 4.10292, 4.27885, 0.03179, 9.89105, -11.30411, -0.39566, -8.58018, 4.10292, 4.27885, 0.03179, 10.19542, -9.37638, -0.40267
3.26964, 4.16261, 4.20345, 0.02906, 8.94910, -11.30404, -0.39566, -7.87804, 4.16261, 4.20345, 0.02906, 10.06531, -9.70288, -0.40438
3.27631, 4.22544, 4.12491, 0.02651, 9.42007, -11.77509, -0.38248, -7.48221, 4.22544, 4.12491, 0.02651, 9.95316, -10.00738, -0.40458
3.28299, 4.28513, 4.04637, 0.02387, 8.94903, -11.77502, -0.39566, -6.83810, 4.28513, 4.04637, 0.02387, 9.82646, -10.30089, -0.40468
3.28966, 4.34168, 3.96469, 0.02132, 8.47812, -12.24610, -0.38248, -6.19289, 4.34168, 3.96469, 0.02132, 9.66894, -10.61244, -0.40275
3.29633, 4.39823, 3.87987, 0.01886, 8.47805, -12.24606, -0.36929, -5.60529, 4.39823, 3.87987, 0.01886, 9.49601, -10.93302, -0.39981
3.30300, 4.45478, 3.79504, 0.01639, 8.47805, -12.71715, -0.36929, -4.93572, 4.45478, 3.79504, 0.01639, 9.33891, -11.23458, -0.39636
3.30968, 4.50819, 3.70708, 0.01402, 8.00708, -13.18805, -0.35610, -4.12997, 4.50819, 3.70708, 0.01402, 9.16619, -11.52661, -0.39200
3.31635, 4.56159, 3.61911, 0.01173, 8.00708, -13.18812, -0.34291, -3.26409, 4.56159, 3.61911, 0.01173, 8.98566, -11.81389, -0.38652
3.32302, 4.61186, 3.53115, 0.00944, 7.53603, -13.18809, -0.34291, -2.34099, 4.61186, 3.53115, 0.00944, 8.80122, -12.07524, -0.38049
3.32969, 4.66212, 3.44004, 0.00716, 7.53603, -13.65910, -0.34291, -1.35310, 4.66212, 3.44004, 0.00716, 8.59128, -12.32363, -0.37483
3.33636, 4.70925, 3.35208, 0.00496, 7.06505, -13.65910, -0.32972, -0.23596, 4.70925, 3.35208, 0.00496, 8.39214, -12.54200, -0.36805
3.34304, 4.75637, 3.25783, 0.00284, 7.06505, -13.65910, -0.31653, 0.87450, 4.75637, 3.25783, 0.00284, 8.17486, -12.76890, -0.36136
3.34971, 4.80350, 3.16673, 0.00073, 7.06505, -13.65910, -0.31653, 2.08860, 4.80350, 3.16673, 0.00073, 7.97204, -12.97652, -0.35406
3.35638, 4.84748, 3.07562, -0.00138, 6.59408, -13.65913, -0.31653, 3.25385, 4.84748, 3.07562, -0.00138, 7.77646, -13.15096, -0.34712
3.36305, 4.89146, 2.98451, -0.00340, 6.59401, -14.13007, -0.30334, 4.42703, 4.89146, 2.98451, -0.00340, 7.58450, -13.28527, -0.34035
3.36972, 4.93230, 2.89027, -0.00542, 6.12310, -13.65910, -0.30334, 5.60873, 4.93230, 2.89027, -0.00542, 7.37080, -13.42305, -0.33367
3.37639, 4.97314, 2.79916, -0.00736, 6.12303, -13.65910, -0.29015, 6.79641, 4.97314, 2.79916, -0.00736, 7.16978, -13.51549, -0.32703
3.38307, 5.01084, 2.70805, -0.00930, 5.65199, -13.65910, -0.29015, 7.91307, 5.01084, 2.70805, -0.00930, 6.95155, -13.58525, -0.32108
3.38974, 5.04854, 2.62009, -0.01114, 5.65206, -13.18809, -0.27697, 9.02288, 5.04854, 2.62009, -0.01114, 6.74827, -13.62012, -0.31480
3.39641, 5.08624, 2.52898, -0.01299, 5.65206, -13.18805, -0.27696, 10.01431, 5.08624, 2.52898, -0.01299, 6.55245, -13.63756, -0.30837
3.40308, 5.12080, 2.44102, -0.01484, 5.18108, -13.18816, -0.27696, 10.92919, 5.12080, 2.44102, -0.01484, 6.36038, -13.64629, -0.30251
3.40975, 5.15535, 2.35619, -0.01660, 5.18101, -13.18805, -0.26378, 11.73624, 5.15535, 2.35619, -0.01660, 6.17017, -13.58002, -0.29695
3.41643, 5.18677, 2.26823, -0.01827, 4.71004, -12.71711, -0.25059, 12.46925, 5.18677, 2.26823, -0.01827, 5.95734, -13.52334, -0.29087
3.42310, 5.21819, 2.18655, -0.02003, 4.71004, -12.71708, -0.26378, 13.15088, 5.21819, 2.18655, -0.02003, 5.75676, -13.42437, -0.28520
3.42977, 5.24960, 2.10173, -0.02161, 4.70996, -12.24610, -0.23740, 13.69563, 5.24960, 2.10173, -0.02161, 5.56229, -13.32780, -0.27906
3.43644, 5.27788, 2.02319, -0.02319, 4.23906, -11.77505, -0.23740, 14.13205, 5.27788, 2.02319, -0.02319, 5.37089, -13.16180, -0.27270
3.44311, 5.30929, 1.94465, -0.02478, 4.23899, -11.77511, -0.23740, 14.43829, 5.30929, 1.94465, -0.02478, 5.20455, -12.98463, -0.26688
3.44979, 5.33442, 1.86611, -0.02627, 3.76809, -11.77509, -0.22421, 14.60024, 5.33442, 1.86611, -0.02627, 5.02722, -12.80187, -0.26067
3.45646, 5.36270, 1.79385, -0.02768, 4.23899, -11.30408, -0.21102, 14.69943, 5.36270, 1.79385, -0.02768, 4.86792, -12.59277, -0.25428
3.46313, 5.38783, 1.71845, -0.02900, 3.76801, -10.83309, -0.19783, 14.65315, 5.38783, 1.71845, -0.02900, 4.69410, -12.37051, -0.24712
3.46980, 5.40982, 1.64934, -0.03032, 3.29704, -10.36207, -0.19783, 14.54090, 5.40982, 1.64934, -0.03032, 4.51301, -12.11812, -0.23959
3.47648, 5.43496, 1.58022, -0.03155, 3.76809, -10.36207, -0.18464, 14.33772, 5.43496, 1.58022, -0.03155, 4.35185, -11.87421, -0.23187
3.48315, 5.45695, 1.51425, -0.03278, 3.29697, -9.89106, -0.18464, 14.04461, 5.45695, 1.51425, -0.03278, 4.20063, -11.58745, -0.22471
3.48982, 5.47894, 1.45142, -0.03393, 3.29704, -9.42007, -0.17145, 13.65333, 5.47894, 1.45142, -0.03393, 4.05439, -11.30281, -0.21652
3.49649, 5.49779, 1.38858, -0.03498, 2.82592, -9.42007, -0.15827, 13.20024, 5.49779, 1.38858, -0.03498, 3.88710, -10.99569, -0.20846
3.50316, 5.51978, 1.32889, -0.03604, 3.29711, -8.94908, -0.15827, 12.70836, 5.51978, 1.32889, -0.03604, 3.75637, -10.70088, -0.20048
3.50984, 5.53863, 1.27235, -0.03692, 2.82606, -8.47805, -0.13189, 12.16862, 5.53863, 1.27235, -0.03692, 3.59684, -10.38866, -0.19122
3.51651, 5.55434, 1.21580, -0.03780, 2.35495, -8.47805, -0.13189, 11.59354, 5.55434, 1.21580, -0.03780, 3.44643, -10.06776, -0.18197
3.52318, 5.57319, 1.16239, -0.03868, 2.82599, -8.00704, -0.13189, 10.99350, 5.57319, 1.16239, -0.03868, 3.30060, -9.76604, -0.17339
3.52985, 5.58889, 1.11212, -0.03938, 2.35502, -7.53608, -0.10551, 10.41351, 5.58889, 1.11212, -0.03938, 3.15706, -9.42684, -0.16449
3.53652, 5.60460, 1.06500, -0.04008, 2.35509, -7.06505, -0.10551, 9.77964, 5.60460, 1.06500, -0.04008, 3.03820, -9.09244, -0.15542
3.54320, 5.62031, 1.01788, -0.04070, 2.35502, -7.06504, -0.09232, 9.15112, 5.62031, 1.01788, -0.04070, 2.90814, -8.76044, -0.14627
3.54987, 5.63602, 0.97075, -0.04132, 2.35495, -7.06506, -0.09232, 8.53560, 5.63602, 0.97075, -0.04132, 2.79603, -8.45318, -0.13708
3.55654, 5.64858, 0.92991, -0.04184, 1.88404, -6.12304, -0.07913, 7.96159, 5.64858, 0.92991, -0.04184, 2.66934, -8.13474, -0.12787
3.56321, 5.66115, 0.88907, -0.04237, 1.88404, -6.12304, -0.07913, 7.39795, 5.66115, 0.88907, -0.04237, 2.55892, -7.81073, -0.11931
3.56988, 5.67372, 0.84823, -0.04281, 1.88404, -6.12305, -0.06594, 6.85464, 5.67372, 0.84823, -0.04281, 2.43307, -7.50746, -0.11042
3.57656, 5.68628, 0.81053, -0.04316, 1.88397, -5.65204, -0.05276, 6.34423, 5.68628, 0.81053, -0.04316, 2.32306, -7.21457, -0.10202
3.58323, 5.69885, 0.77597, -0.04352, 1.88404, -5.18104, -0.05276, 5.87065, 5.69885, 0.77597, -0.04352, 2.24452, -6.90332, -0.09386
3.58990, 5.70827, 0.74142, -0.04378, 1.41293, -5.18104, -0.03957, 5.40862, 5.70827, 0.74142, -0.04378, 2.13461, -6.60644, -0.08517
3.59657, 5.71770, 0.71000, -0.04404, 1.41307, -4.71004, -0.03957, 4.97087, 5.71770, 0.71000, -0.04404, 2.03258, -6.31674, -0.07752
3.60324, 5.72712, 0.67858, -0.04431, 1.41307, -4.71004, -0.03957, 4.57511, 5.72712, 0.67858, -0.04431, 1.93447, -6.05417, -0.07041
3.60992, 5.73655, 0.65031, -0.04448, 1.41293, -4.23903, -0.02638, 4.22628, 5.73655, 0.65031, -0.04448, 1.83833, -5.78163, -0.06355
3.61659, 5.74283, 0.62204, -0.04466, 0.94202, -4.23903, -0.02638, 3.88558, 5.74283, 0.62204, -0.04466, 1.71963, -5.50410, -0.05683
3.62326, 5.74911, 0.59690, -0.04483, 0.94202, -3.76804, -0.02638, 3.55474, 5.74911, 0.59690, -0.04483, 1.61320, -5.24762, -0.05083
3.62993, 5.75540, 0.57177, -0.04492, 0.94202, -3.76801, -0.01319, 3.26574, 5.75540, 0.57177, -0.04492, 1.51289, -5.00166, -0.04453
3.63660, 5.76168, 0.54664, -0.04492, 0.94202, -3.76803, 0.00000, 2.99072, 5.76168, 0.54664, -0.04492, 1.41565, -4.76097, -0.03809
3.64328, 5.76796, 0.52465, -0.04501, 0.94202, -3.29703, -0.01319, 2.72793, 5.76796, 0.52465, -0.04501, 1.31995, -4.52291, -0.03289
3.64995, 5.77111, 0.50580, -0.04501, 0.47090, -2.82601, 0.00000, 2.49442, 5.77111, 0.50580, -0.04501, 1.20146, -4.28616, -0.02765
3.65662, 5.77739, 0.48381, -0.04501, 0.94202, -2.82602, 0.00000, 2.25331, 5.77739, 0.48381, -0.04501, 1.11868, -4.07362, -0.02306
3.66329, 5.78053, 0.46496, -0.04501, 0.47105, -2.82602, 0.00000, 2.06581, 5.78053, 0.46496, -0.04501, 1.03020, -3.87317, -0.01878
3.66996, 5.78367, 0.44611, -0.04492, 0.47097, -2.82602, 0.01319, 1.88946, 5.78367, 0.44611, -0.04492, 0.93887, -3.67878, -0.01400
3.67664, 5.78367, 0.43040, -0.04492, 0.00000, -2.35502, 0.00000, 1.70932, 5.78367, 0.43040, -0.04492, 0.82258, -3.48741, -0.01030
3.68331, 5.78681, 0.41469, -0.04483, 0.47097, -2.35502, 0.01319, 1.53199, 5.78681, 0.41469, -0.04483, 0.74089, -3.29755, -0.00647
3.68998, 5.78681, 0.39898, -0.04475, 0.00000, -2.35501, 0.01319, 1.38094, 5.78681, 0.39898, -0.04475, 0.65296, -3.13199, -0.00257
3.69665, 5.78681, 0.38642, -0.04457, 0.00000, -1.88401, 0.02638, 1.23760, 5.78681, 0.38642, -0.04457, 0.56191, -2.95504, 0.00135
3.70332, 5.78681, 0.37385, -0.04448, 0.00000, -1.88402, 0.01319, 1.08403, 5.78681, 0.37385, -0.04448, 0.46929, -2.77239, 0.00397
3.71000, 5.78681, 0.36128, -0.04431, 0.00000, -1.88401, 0.02638, 0.95330, 5.78681, 0.36128, -0.04431, 0.37590, -2.61044, 0.00726
3.71667, 5.78681, 0.34872, -0.04413, 0.00000, -1.88401, 0.02638, 0.81539, 5.78681, 0.34872, -0.04413, 0.30567, -2.48237, 0.01022
3.72334, 5.78367, 0.33929, -0.04396, -0.47097, -1.41301, 0.02638, 0.71342, 5.78367, 0.33929, -0.04396, 0.19992, -2.32417, 0.01302
3.73001, 5.78053, 0.32987, -0.04378, -0.47097, -1.41301, 0.02638, 0.57142, 5.78053, 0.32987, -0.04378, 0.09996, -2.17444, 0.01574
3.73668, 5.77739, 0.32044, -0.04352, -0.47105, -1.41301, 0.03957, 0.44135, 5.77739, 0.32044, -0.04352, 0.00289, -2.02894, 0.01842
3.74336, 5.77425, 0.31416, -0.04325, -0.47090, -0.94201, 0.03957, 0.31027, 5.77425, 0.31416, -0.04325, -0.06918, -1.88557, 0.02173
3.75003, 5.77111, 0.30788, -0.04308, -0.47112, -1.41301, 0.02638, 0.17478, 5.77111, 0.30788, -0.04308, -0.15230, -1.74325, 0.02405
3.75670, 5.76482, 0.29845, -0.04281, -0.94195, -0.94201, 0.03957, 0.06557, 5.76482, 0.29845, -0.04281, -0.24095, -1.62500, 0.02653
3.76337, 5.75854, 0.29531, -0.04246, -0.94202, -0.47100, 0.05276, -0.04160, 5.75854, 0.29531, -0.04246, -0.33236, -1.49525, 0.02909
3.77004, 5.75226, 0.28903, -0.04220, -0.94195, -0.94200, 0.03957, -0.16916, 5.75226, 0.28903, -0.04220, -0.42515, -1.38329, 0.03168
3.77672, 5.74597, 0.28588, -0.04193, -0.94209, -0.47100, 0.03957, -0.28819, 5.74597, 0.28588, -0.04193, -0.51863, -1.25668, 0.03364
3.78339, 5.73655, 0.27960, -0.04158, -1.41300, -0.94201, 0.05276, -0.40610, 5.73655, 0.27960, -0.04158, -0.63601, -1.14629, 0.03594
3.79006, 5.73027, 0.27646, -0.04132, -0.94202, -0.47100, 0.03957, -0.54591, 5.73027, 0.27646, -0.04132, -0.71824, -1.04401, 0.03775
3.79673, 5.72084, 0.27646, -0.04096, -1.41307, 0.00000, 0.05276, -0.64715, 5.72084, 0.27646, -0.04096, -0.80644, -0.92224, 0.03997
3.80340, 5.71142, 0.27332, -0.04061, -1.41285, -0.47100, 0.05276, -0.77106, 5.71142, 0.27332, -0.04061, -0.89762, -0.81426, 0.04174
3.81008, 5.69885, 0.27332, -0.04035, -1.88404, 0.00000, 0.03957, -0.88199, 5.69885, 0.27332, -0.04035, -1.01385, -0.71319, 0.04263
3.81675, 5.68942, 0.27332, -0.04000, -1.41307, 0.00000, 0.05276, -1.01288, 5.68942, 0.27332, -0.04000, -1.11904, -0.61557, 0.04439
3.82342, 5.67686, 0.27332, -0.03964, -1.88404, 0.00000, 0.05276, -1.14599, 5.67686, 0.27332, -0.03964, -1.21873, -0.49613, 0.04593
3.83009, 5.66429, 0.27332, -0.03929, -1.88397, 0.00000, 0.05276, -1.26968, 5.66429, 0.27332, -0.03929, -1.31566, -0.41287, 0.04670
3.83676, 5.65173, 0.27332, -0.03894, -1.88397, 0.00000, 0.05276, -1.38002, 5.65173, 0.27332, -0.03894, -1.41121, -0.32415, 0.04774
3.84344, 5.63602, 0.27646, -0.03859, -2.35509, 0.47100, 0.05276, -1.49443, 5.63602, 0.27646, -0.03859, -1.52961, -0.23270, 0.04892
3.85011, 5.62031, 0.27646, -0.03833, -2.35495, 0.00000, 0.03957, -1.64349, 5.62031, 0.27646, -0.03833, -1.63590, -0.13990, 0.04885
3.85678, 5.60460, 0.27960, -0.03797, -2.35502, 0.47100, 0.05276, -1.75056, 5.60460, 0.27960, -0.03797, -1.75967, -0.04640, 0.04948
3.86345, 5.58889, 0.28274, -0.03771, -2.35509, 0.47101, 0.03957, -1.89689, 5.58889, 0.28274, -0.03771, -1.86864, 0.02388, 0.04913
3.87012, 5.57004, 0.28903, -0.03736, -2.82592, 0.94201, 0.05276, -1.95309, 5.57004, 0.28903, -0.03736, -1.99376, 0.12966, 0.04896
3.87680, 5.55119, 0.29217, -0.03709, -2.82614, 0.47100, 0.03957, -2.10106, 5.55119, 0.29217, -0.03709, -2.10341, 0.20609, 0.04887
3.88347, 5.53234, 0.29845, -0.03683, -2.82599, 0.94200, 0.03957, -2.22382, 5.53234, 0.29845, -0.03683, -2.22886, 0.29139, 0.04817
3.89014, 5.51035, 0.30473, -0.03657, -3.29704, 0.94201, 0.03957, -2.35919, 5.51035, 0.30473, -0.03657, -2.36222, 0.38113, 0.04716
3.89681, 5.48836, 0.31102, -0.03630, -3.29697, 0.94201, 0.03957, -2.49983, 5.48836, 0.31102, -0.03630, -2.49952, 0.47308, 0.04599
3.90348, 5.46637, 0.31730, -0.03604, -3.29704, 0.94200, 0.03957, -2.63974, 5.46637, 0.31730, -0.03604, -2.63881, 0.56614, 0.04475
3.91016, 5.44438, 0.32358, -0.03577, -3.29704, 0.94201, 0.03957, -2.77809, 5.44438, 0.32358, -0.03577, -2.75553, 0.63622, 0.04347
3.91683, 5.41925, 0.33301, -0.03560, -3.76801, 1.41301, 0.02638, -2.89767, 5.41925, 0.33301, -0.03560, -2.88453, 0.74189, 0.04217
3.92350, 5.39411, 0.33929, -0.03533, -3.76801, 0.94201, 0.03957, -3.03536, 5.39411, 0.33929, -0.03533, -3.01965, 0.81826, 0.04086
3.93017, 5.36584, 0.34872, -0.03516, -4.23906, 1.41301, 0.02638, -3.16974, 5.36584, 0.34872, -0.03516, -3.18139, 0.90354, 0.03955
3.93684, 5.33757, 0.35814, -0.03489, -4.23906, 1.41301, 0.03957, -3.33012, 5.33757, 0.35814, -0.03489, -3.33289, 0.96972, 0.03823
3.94352, 5.30929, 0.37071, -0.03472, -4.23899, 1.88402, 0.02638, -3.47842, 5.30929, 0.37071, -0.03472, -3.47926, 1.07344, 0.03692
3.95019, 5.27788, 0.38013, -0.03454, -4.71004, 1.41301, 0.02638, -3.61950, 5.27788, 0.38013, -0.03454, -3.64662, 1.14884, 0.03560
3.95686, 5.24646, 0.39270, -0.03437, -4.71004, 1.88402, 0.02638, -3.76763, 5.24646, 0.39270, -0.03437, -3.80093, 1.23363, 0.03428
3.96353, 5.21504, 0.40527, -0.03419, -4.71004, 1.88402, 0.02638, -3.90210, 5.21504, 0.40527, -0.03419, -3.94872, 1.32311, 0.03296
3.97020, 5.18049, 0.42097, -0.03410, -5.18101, 2.35502, 0.01319, -4.02130, 5.18049, 0.42097, -0.03410, -4.11678, 1.43848, 0.03098
3.97688, 5.14593, 0.43354, -0.03393, -5.18108, 1.88401, 0.02638, -4.13307, 5.14593, 0.43354, -0.03393, -4.29499, 1.54325, 0.02934
3.98355, 5.11137, 0.44925, -0.03384, -5.18101, 2.35502, 0.01319, -4.23421, 5.11137, 0.44925, -0.03384, -4.45472, 1.64272, 0.02785
3.99022, 5.07367, 0.46496, -0.03366, -5.65206, 2.35502, 0.02638, -4.31360, 5.07367, 0.46496, -0.03366, -4.62876, 1.76308, 0.02645
3.99689, 5.03597, 0.48381, -0.03357, -5.65199, 2.82602, 0.01319, -4.37785, 5.03597, 0.48381, -0.03357, -4.78640, 1.89390, 0.02509
4.00356, 4.99513, 0.50265, -0.03340, -6.12303, 2.82602, 0.02638, -4.40914, 4.99513, 0.50265, -0.03340, -4.95940, 2.02993, 0.02375
4.01023, 4.95429, 0.52150, -0.03331, -6.12303, 2.82602, 0.01319, -4.41289, 4.95429, 0.52150, -0.03331, -5.14007, 2.14503, 0.02242
4.01691, 4.91031, 0.54035, -0.03322, -6.59415, 2.82603, 0.01319, -4.38558, 4.91031, 0.54035, -0.03322, -5.32458, 2.27322, 0.02110
4.02358, 4.86633, 0.56235, -0.03305, -6.59401, 3.29702, 0.02638, -4.30752, 4.86633, 0.56235, -0.03305, -5.51101, 2.40794, 0.02044
4.03025, 4.82235, 0.58434, -0.03296, -6.59401, 3.29702, 0.01319, -4.19607, 4.82235, 0.58434, -0.03296, -5.69839, 2.54593, 0.01945
4.03692, 4.77522, 0.60947, -0.03287, -7.06513, 3.76802, 0.01319, -4.02887, 4.77522, 0.60947, -0.03287, -5.88626, 2.68555, 0.01895
4.04359, 4.72496, 0.63146, -0.03270, -7.53603, 3.29702, 0.02638, -3.79438, 4.72496, 0.63146, -0.03270, -6.09791, 2.82599, 0.01871
4.05027, 4.67783, 0.65973, -0.03261, -7.06498, 4.23903, 0.01319, -3.49372, 4.67783, 0.65973, -0.03261, -6.29790, 2.99038, 0.01858
4.05694, 4.62757, 0.68487, -0.03243, -7.53610, 3.76803, 0.02638, -3.14790, 4.62757, 0.68487, -0.03243, -6.49207, 3.14321, 0.01852
4.06361, 4.57416, 0.71628, -0.03234, -8.00700, 4.71003, 0.01319, -2.70115, 4.57416, 0.71628, -0.03234, -6.70687, 3.31380, 0.01849
4.07028, 4.52075, 0.74456, -0.03226, -8.00708, 4.23903, 0.01319, -2.15879, 4.52075, 0.74456, -0.03226, -6.90844, 3.46972, 0.01782
4.07696, 4.46734, 0.77597, -0.03208, -8.00715, 4.71004, 0.02638, -1.52326, 4.46734, 0.77597, -0.03208, -7.10341, 3.64185, 0.01814
4.08363, 4.41080, 0.81053, -0.03190, -8.47798, 5.18104, 0.02638, -0.81810, 4.41080, 0.81053, -0.03190, -7.29505, 3.84563, 0.01896
4.09030, 4.35111, 0.84509, -0.03173, -8.94910, 5.18103, 0.02638, 0.02982, 4.35111, 0.84509, -0.03173, -7.50860, 4.04170, 0.01937
4.09697, 4.29456, 0.88279, -0.03146, -8.47805, 5.65205, 0.03957, 0.97545, 4.29456, 0.88279, -0.03146, -7.70954, 4.25744, 0.02089
4.10364, 4.23487, 0.92049, -0.03120, -8.94903, 5.65204, 0.03957, 1.92722, 4.23487, 0.92049, -0.03120, -7.90418, 4.45949, 0.02297
4.11031, 4.17204, 0.95819, -0.03085, -9.42014, 5.65205, 0.05276, 3.01033, 4.17204, 0.95819, -0.03085, -8.09568, 4.67823, 0.02533
4.11699, 4.10920, 1.00217, -0.03050, -9.42007, 6.59403, 0.05276, 4.22938, 4.10920, 1.00217, -0.03050, -8.30915, 4.90531, 0.02849
4.12366, 4.04637, 1.04615, -0.03006, -9.42000, 6.59406, 0.06594, 5.40282, 4.04637, 1.04615, -0.03006, -8.51005, 5.16011, 0.03204
4.13033, 3.98040, 1.09013, -0.02944, -9.89112, 6.59404, 0.09232, 6.62407, 3.98040, 1.09013, -0.02944, -8.70467, 5.38169, 0.03778
4.13700, 3.91442, 1.14040, -0.02882, -9.89108, 7.53606, 0.09232, 7.89517, 3.91442, 1.14040, -0.02882, -8.89616, 5.65728, 0.04460
4.14368, 3.84845, 1.19066, -0.02812, -9.89105, 7.53605, 0.10551, 9.16214, 3.84845, 1.19066, -0.02812, -9.08607, 5.93633, 0.05197
4.15035, 3.77934, 1.24093, -0.02733, -10.36209, 7.53606, 0.11870, 10.35768, 3.77934, 1.24093, -0.02733, -9.27520, 6.19357, 0.06026
4.15702, 3.71022, 1.29748, -0.02645, -10.36209, 8.47805, 0.13189, 11.52467, 3.71022, 1.29748, -0.02645, -9.44040, 6.48699, 0.06969
4.16369, 3.64111, 1.35403, -0.02548, -10.36206, 8.47807, 0.14508, 12.73010, 3.64111, 1.35403, -0.02548, -9.61717, 6.77496, 0.07967
4.17036, 3.56885, 1.41372, -0.02443, -10.36202, 8.94904, 0.15827, 13.68375, 3.56885, 1.41372, -0.02443, -9.79972, 7.08375, 0.09060
4.17703, 3.49659, 1.47341, -0.02319, -10.83310, 8.94910, 0.18464, 14.48972, 3.49659, 1.47341, -0.02319, -9.96163, 7.40295, 0.10265
4.18371, 3.42434, 1.53624, -0.02205, -10.83307, 9.42005, 0.17145, 15.20677, 3.42434, 1.53624, -0.02205, -10.11321, 7.70380, 0.11461
4.19038, 3.34894, 1.60221, -0.02073, -11.30411, 9.89106, 0.19783, 15.74773, 3.34894, 1.60221, -0.02073, -10.28318, 8.01903, 0.12719
4.19705, 3.27668, 1.66819, -0.01932, -10.83310, 9.89106, 0.21102, 15.90654, 3.27668, 1.66819, -0.01932, -10.41525, 8.34145, 0.13941
4.20372, 3.20128, 1.74044, -0.01783, -11.30408, 10.83309, 0.22421, 16.06322, 3.20128, 1.74044, -0.01783, -10.55191, 8.66746, 0.15211
4.21039, 3.12903, 1.80956, -0.01633, -10.83303, 10.36207, 0.22421, 15.90188, 3.12903, 1.80956, -0.01633, -10.66733, 8.97172, 0.16439
4.21707, 3.05363, 1.88496, -0.01475, -11.30411, 11.30411, 0.23740, 15.58480, 3.05363, 1.88496, -0.01475, -10.77212, 9.31220, 0.17647
4.22374, 2.97823, 1.96035, -0.01317, -11.30411, 11.30406, 0.23740, 15.12552, 2.97823, 1.96035, -0.01317, -10.87161, 9.62370, 0.18778
4.23041, 2.90283, 2.03575, -0.01149, -11.30404, 11.77507, 0.25059, 14.38233, 2.90283, 2.03575, -0.01149, -10.96844, 9.92070, 0.19871
4.23708, 2.83058, 2.11743, -0.00991, -10.83307, 11.77513, 0.25059, 13.35829, 2.83058, 2.11743, -0.00991, -11.01685, 10.23401, 0.20813
4.24375, 2.75518, 2.19912, -0.00824, -11.30411, 12.24606, 0.23740, 12.59530, 2.75518, 2.19912, -0.00824, -11.06460, 10.55546, 0.21614
4.25043, 2.68292, 2.28080, -0.00657, -10.83307, 12.24610, 0.25059, 11.59631, 2.68292, 2.28080, -0.00657, -11.08848, 10.85745, 0.22410
4.25710, 2.61066, 2.36562, -0.00490, -10.83310, 12.71708, 0.25059, 10.61310, 2.61066, 2.36562, -0.00490, -11.07687, 11.14970, 0.23071
4.26377, 2.53841, 2.45044, -0.00340, -10.83303, 12.71711, 0.22421, 9.75676, 2.53841, 2.45044, -0.00340, -11.07107, 11.43709, 0.23468
4.27044, 2.46929, 2.53841, -0.00182, -10.83307, 13.18809, 0.23740, 8.69129, 2.46929, 2.53841, -0.00182, -11.02108, 11.69850, 0.23732
4.27711, 2.39704, 2.62637, -0.00032, -10.36209, 13.18812, 0.22421, 7.85243, 2.39704, 2.62637, -0.00032, -10.99609, 11.97046, 0.23864
4.28379, 2.32792, 2.71748, 0.00126, -10.36206, 13.65910, 0.23740, 6.66593, 2.32792, 2.71748, 0.00126, -10.93650, 12.22415, 0.23931
4.29046, 2.26195, 2.80858, 0.00267, -9.89108, 13.65906, 0.21102, 5.65511, 2.26195, 2.80858, 0.00267, -10.83608, 12.46872, 0.23832
4.29713, 2.19597, 2.89969, 0.00408, -9.89108, 13.65910, 0.21102, 4.87989, 2.19597, 2.89969, 0.00408, -10.71524, 12.70871, 0.23585
4.30380, 2.13000, 2.99394, 0.00540, -9.89108, 14.13014, 0.19783, 4.13710, 2.13000, 2.99394, 0.00540, -10.60773, 12.92289, 0.23263
4.31048, 2.06403, 3.08504, 0.00672, -9.89108, 14.13004, 0.19783, 3.17739, 2.06403, 3.08504, 0.00672, -10.48335, 13.10060, 0.22839
4.31715, 2.00119, 3.17929, 0.00803, -9.42007, 13.65910, 0.19783, 2.27576, 2.00119, 3.17929, 0.00803, -10.35053, 13.28363, 0.22363
4.32382, 1.94150, 3.27354, 0.00935, -8.94904, 14.13018, 0.19783, 1.40375, 1.94150, 3.27354, 0.00935, -10.18995, 13.44578, 0.21861
4.33049, 1.88181, 3.36779, 0.01050, -8.94904, 14.13007, 0.17145, 0.60913, 1.88181, 3.36779, 0.01050, -10.01548, 13.59748, 0.21347
4.33716, 1.82212, 3.45889, 0.01164, -8.94908, 14.13007, 0.17145, -0.17945, 1.82212, 3.45889, 0.01164, -9.85762, 13.69687, 0.20760
4.34383, 1.76558, 3.55314, 0.01279, -8.47807, 13.65910, 0.17145, -1.01393, 1.76558, 3.55314, 0.01279, -9.66098, 13.79365, 0.20203
4.35051, 1.70903, 3.64425, 0.01384, -8.47805, 13.65913, 0.15827, -1.79991, 1.70903, 3.64425, 0.01384, -9.46848, 13.84204, 0.19529
4.35718, 1.65248, 3.73535, 0.01490, -8.47807, 13.65910, 0.15827, -2.58094, 1.65248, 3.73535, 0.01490, -9.30161, 13.86624, 0.18928
4.36385, 1.59907, 3.82646, 0.01595, -8.00706, 13.65910, 0.15827, -3.34122, 1.59907, 3.82646, 0.01595, -9.12399, 13.87834, 0.18364
4.37052, 1.54881, 3.91442, 0.01701, -7.53606, 13.18809, 0.15827, -4.04748, 1.54881, 3.91442, 0.01701, -8.91747, 13.83730, 0.17884
4.37720, 1.49854, 3.99925, 0.01798, -7.53606, 12.71715, 0.14508, -4.75844, 1.49854, 3.99925, 0.01798, -8.69650, 13.76970, 0.17380
4.38387, 1.44827, 4.08721, 0.01894, -7.53605, 13.18809, 0.14508, -5.43822, 1.44827, 4.08721, 0.01894, -8.49183, 13.68881, 0.16865
4.39054, 1.40115, 4.16889, 0.01991, -7.06504, 12.24606, 0.14508, -6.05096, 1.40115, 4.16889, 0.01991, -8.29533, 13.55419, 0.16343
4.39721, 1.35403, 4.25058, 0.02088, -7.06505, 12.24606, 0.14508, -6.56652, 1.35403, 4.25058, 0.02088, -8.10291, 13.39271, 0.15951
4.40388, 1.31004, 4.32911, 0.02176, -6.59404, 12.24614, 0.13189, -7.01628, 1.31004, 4.32911, 0.02176, -7.88898, 13.21780, 0.15557
4.41056, 1.26606, 4.40765, 0.02273, -6.59406, 11.30404, 0.13189, -7.45058, 1.26606, 4.40765, 0.02273, -7.68785, 13.01263, 0.15228
4.41723, 1.22208, 4.48305, 0.02361, -6.59404, 11.30411, 0.13189, -7.77914, 1.22208, 4.48305, 0.02361, -7.49311, 12.79233, 0.14932
4.42390, 1.18124, 4.55845, 0.02440, -6.12305, 11.30404, 0.11870, -8.01167, 1.18124, 4.55845, 0.02440, -7.27802, 12.56446, 0.14586
4.43057, 1.14354, 4.63071, 0.02519, -5.65202, 10.83307, 0.11870, -8.24160, 1.14354, 4.63071, 0.02519, -7.05276, 12.30927, 0.14215
4.43724, 1.10270, 4.69982, 0.02598, -6.12305, 10.36202, 0.11870, -8.42607, 1.10270, 4.69982, 0.02598, -6.86950, 12.04041, 0.13832
4.44392, 1.06500, 4.76580, 0.02668, -5.65206, 9.89112, 0.11870, -8.39620, 1.06500, 4.76580, 0.02668, -6.68370, 11.76472, 0.13442
4.45059, 1.03044, 4.83177, 0.02739, -5.18103, 9.89105, 0.09232, -8.33150, 1.03044, 4.83177, 0.02739, -6.47308, 11.46207, 0.13050
4.45726, 0.99274, 4.89460, 0.02809, -5.65204, 9.42007, 0.10551, -8.27625, 0.99274, 4.89460, 0.02809, -6.29715, 11.16949, 0.12656
4.46393, 0.96133, 4.95429, 0.02862, -4.71004, 8.94917, 0.07913, -8.07847, 0.96133, 4.95429, 0.02862, -6.09146, 10.85841, 0.12129
4.47060, 0.92677, 5.01398, 0.02915, -5.18104, 8.94903, 0.07913, -7.92117, 0.92677, 5.01398, 0.02915, -5.91799, 10.56160, 0.11602
4.47727, 0.89535, 5.07053, 0.02968, -4.71004, 8.47805, 0.07913, -7.65107, 0.89535, 5.07053, 0.02968, -5.73708, 10.24840, 0.11009
4.48395, 0.86394, 5.12394, 0.03012, -4.71004, 8.00708, 0.06594, -7.36741, 0.86394, 5.12394, 0.03012, -5.55246, 9.92699, 0.10383
4.49062, 0.83252, 5.17735, 0.03056, -4.71003, 8.00708, 0.06594, -7.06093, 0.83252, 5.17735, 0.03056, -5.38951, 9.60149, 0.09806
4.49729, 0.80425, 5.22761, 0.03100, -4.23903, 7.53603, 0.06594, -6.69436, 0.80425, 5.22761, 0.03100, -5.23741, 9.27394, 0.09254
4.50396, 0.77597, 5.27473, 0.03135, -4.23903, 7.06498, 0.05276, -6.32229, 0.77597, 5.27473, 0.03135, -5.06719, 8.94536, 0.08648
4.51063, 0.74770, 5.32186, 0.03161, -4.23903, 7.06513, 0.03957, -5.98247, 0.74770, 5.32186, 0.03161, -4.91145, 8.63981, 0.08016
4.51731, 0.72257, 5.36584, 0.03187, -3.76802, 6.59401, 0.03957, -5.63952, 0.72257, 5.36584, 0.03187, -4.76295, 8.32224, 0.07370
4.52398, 0.69429, 5.40668, 0.03214, -4.23903, 6.12303, 0.03957, -5.28851, 0.69429, 5.40668, 0.03214, -4.61807, 7.99865, 0.06718
4.53065, 0.66916, 5.44752, 0.03231, -3.76802, 6.12310, 0.02638, -4.91642, 0.66916, 5.44752, 0.03231, -4.49854, 7.69559, 0.06128
4.53732, 0.64717, 5.48522, 0.03249, -3.29702, 5.65199, 0.02638, -4.56363, 0.64717, 5.48522, 0.03249, -4.34461, 7.37926, 0.05569
4.54400, 0.62204, 5.52292, 0.03258, -3.76802, 5.65206, 0.01319, -4.28657, 0.62204, 5.52292, 0.03258, -4.22056, 7.07984, 0.04960
4.55067, 0.60004, 5.56062, 0.03267, -3.29703, 5.65199, 0.01319, -3.96560, 0.60004, 5.56062, 0.03267, -4.08790, 6.81241, 0.04392
4.55734, 0.57805, 5.59204, 0.03275, -3.29702, 4.71018, 0.01319, -3.72521, 0.57805, 5.59204, 0.03275, -3.95094, 6.51390, 0.03844
4.56401, 0.55606, 5.62659, 0.03275, -3.29703, 5.18094, 0.00000, -3.46887, 0.55606, 5.62659, 0.03275, -3.83538, 6.24692, 0.03240
4.57068, 0.53721, 5.65801, 0.03275, -2.82602, 4.71011, 0.00000, -3.21829, 0.53721, 5.65801, 0.03275, -3.70696, 5.99573, 0.02675
4.57735, 0.51522, 5.68628, 0.03275, -3.29702, 4.23899, 0.00000, -3.02282, 0.51522, 5.68628, 0.03275, -3.59567, 5.72886, 0.02195
4.58403, 0.49637, 5.71456, 0.03275, -2.82602, 4.23906, 0.00000, -2.80144, 0.49637, 5.71456, 0.03275, -3.49294, 5.47772, 0.01756
4.59070, 0.47752, 5.74283, 0.03275, -2.82602, 4.23899, 0.00000, -2.61609, 0.47752, 5.74283, 0.03275, -3.37094, 5.25797, 0.01340
4.59737, 0.45867, 5.76796, 0.03267, -2.82602, 3.76809, -0.01319, -2.47618, 0.45867, 5.76796, 0.03267, -3.26286, 5.03039, 0.00934
4.60404, 0.44296, 5.79310, 0.03258, -2.35502, 3.76794, -0.01319, -2.32076, 0.44296, 5.79310, 0.03258, -3.16173, 4.82242, 0.00533
4.61072, 0.42412, 5.81823, 0.03249, -2.82602, 3.76801, -0.01319, -2.19162, 0.42412, 5.81823, 0.03249, -3.06408, 4.62426, 0.00200
4.61739, 0.40841, 5.84022, 0.03240, -2.35501, 3.29711, -0.01319, -2.06752, 0.40841, 5.84022, 0.03240, -2.96817, 4.40747, -0.00098
4.62406, 0.39270, 5.86221, 0.03231, -2.35502, 3.29704, -0.01319, -1.95171, 0.39270, 5.86221, 0.03231, -2.87313, 4.22844, -0.00378
4.63073, 0.37699, 5.88106, 0.03214, -2.35501, 2.82599, -0.02638, -1.85796, 0.37699, 5.88106, 0.03214, -2.77852, 4.02122, -0.00651
4.63740, 0.36128, 5.89991, 0.03196, -2.35502, 2.82592, -0.02638, -1.75012, 0.36128, 5.89991, 0.03196, -2.70768, 3.82342, -0.00919
4.64407, 0.34872, 5.91876, 0.03179, -1.88401, 2.82606, -0.02638, -1.64500, 0.34872, 5.91876, 0.03179, -2.60162, 3.65390, -0.01184
4.65075, 0.33301, 5.93761, 0.03161, -2.35502, 2.82606, -0.02638, -1.57179, 0.33301, 5.93761, 0.03161, -2.52505, 3.49851, -0.01449
4.65742, 0.32044, 5.95332, 0.03135, -1.88401, 2.82592, -0.03957, -1.48551, 0.32044, 5.95332, 0.03135, -2.43968, 3.32664, -0.01779
4.66409, 0.30788, 5.97217, 0.03117, -1.88401, 2.35509, -0.02638, -1.39183, 0.30788, 5.97217, 0.03117, -2.34991, 3.19362, -0.02010
4.67076, 0.29217, 5.98788, 0.03091, -2.35502, 2.35509, -0.03957, -1.33196, 0.29217, 5.98788, 0.03091, -2.30502, 3.05649, -0.02258
4.67744, 0.27960, 6.00044, 0.03064, -1.88402, 1.88390, -0.03957, -1.24932, 0.27960, 6.00044, 0.03064, -2.23550, 2.89374, -0.02513
4.68411, 0.26704, 6.01615, 0.03029, -1.88402, 2.35509, -0.05276, -1.16723, 0.26704, 6.01615, 0.03029, -2.17719, 2.76529, -0.02839
4.69078, 0.25761, 6.02872, 0.03003, -1.41301, 1.88404, -0.03957, -1.08870, 0.25761, 6.02872, 0.03003, -2.10095, 2.63043, -0.03133
4.69745, 0.24504, 6.04128, 0.02968, -1.88401, 1.88390, -0.05276, -1.01618, 0.24504, 6.04128, 0.02968, -2.03928, 2.51591, -0.03413
4.70412, 0.23248, 6.05385, 0.02941, -1.88401, 1.88404, -0.03957, -0.94034, 0.23248, 6.05385, 0.02941, -1.98491, 2.41157, -0.03618
4.71079, 0.22305, 6.06642, 0.02906, -1.41301, 1.88404, -0.05276, -0.88056, 0.22305, 6.06642, 0.02906, -1.93418, 2.31231, -0.03853
4.71747, 0.21049, 6.07584, 0.02871, -1.88402, 1.41307, -0.05276, -0.82520, 0.21049, 6.07584, 0.02871, -1.88527, 2.19205, -0.04102
4.72414, 0.20106, 6.08527, 0.02827, -1.41301, 1.41300, -0.06594, -0.74939, 0.20106, 6.08527, 0.02827, -1.83727, 2.08484, -0.04358
4.73081, 0.19164, 6.09469, 0.02792, -1.41301, 1.41293, -0.05276, -0.68422, 0.19164, 6.09469, 0.02792, -1.78973, 1.96060, -0.04618
4.73748, 0.17907, 6.10412, 0.02748, -1.88402, 1.41307, -0.06594, -0.61801, 0.17907, 6.10412, 0.02748, -1.74242, 1.85139, -0.04880
4.74416, 0.16965, 6.11354, 0.02704, -1.41301, 1.41300, -0.06594, -0.54388, 0.16965, 6.11354, 0.02704, -1.69522, 1.77325, -0.05143
4.75083, 0.16022, 6.12296, 0.02660, -1.41301, 1.41293, -0.06594, -0.48110, 0.16022, 6.12296, 0.02660, -1.64807, 1.68709, -0.05340
4.75750, 0.15080, 6.12925, 0.02616, -1.41301, 0.94216, -0.06594, -0.42738, 0.15080, 6.12925, 0.02616, -1.62450, 1.59692, -0.05571
4.76417, 0.14137, 6.13867, 0.02572, -1.41301, 1.41293, -0.06594, -0.36862, 0.14137, 6.13867, 0.02572, -1.58917, 1.52830, -0.05752
4.77084, 0.13195, 6.14496, 0.02519, -1.41301, 0.94202, -0.07913, -0.32309, 0.13195, 6.14496, 0.02519, -1.54797, 1.44690, -0.06040
4.77752, 0.12566, 6.15124, 0.02475, -0.94201, 0.94195, -0.06594, -0.24766, 0.12566, 6.15124, 0.02475, -1.50382, 1.35911, -0.06251
4.78419, 0.11624, 6.15752, 0.02422, -1.41301, 0.94209, -0.07913, -0.19446, 0.11624, 6.15752, 0.02422, -1.45820, 1.29168, -0.06487
4.79086, 0.10681, 6.16381, 0.02369, -1.41301, 0.94195, -0.07913, -0.12590, 0.10681, 6.16381, 0.02369, -1.43540, 1.23441, -0.06672
4.79753, 0.09739, 6.17009, 0.02325, -1.41301, 0.94209, -0.06594, -0.07761, 0.09739, 6.17009, 0.02325, -1.42399, 1.18225, -0.06830
4.80420, 0.09111, 6.17637, 0.02273, -0.94201, 0.94188, -0.07913, -0.03870, 0.09111, 6.17637, 0.02273, -1.37120, 1.13261, -0.06975
4.81088, 0.08168, 6.18266, 0.02220, -1.41301, 0.94216, -0.07913, 0.01197, 0.08168, 6.18266, 0.02220, -1.34481, 1.08426, -0.07113
4.81755, 0.07226, 6.18580, 0.02167, -1.41301, 0.47090, -0.07913, 0.05563, 0.07226, 6.18580, 0.02167, -1.33161, 1.01300, -0.07248
4.82422, 0.06597, 6.19208, 0.02114, -0.94201, 0.94195, -0.07913, 0.10100, 0.06597, 6.19208, 0.02114, -1.30147, 0.97735, -0.07382
4.83089, 0.05655, 6.19522, 0.02061, -1.41301, 0.47105, -0.07913, 0.13825, 0.05655, 6.19522, 0.02061, -1.28640, 0.91245, -0.07515
4.83756, 0.05027, 6.20150, 0.02009, -0.94201, 0.94202, -0.07913, 0.18420, 0.05027, 6.20150, 0.02009, -1.25532, 0.88000, -0.07581
4.84424, 0.04084, 6.20465, 0.01956, -1.41301, 0.47097, -0.07913, 0.21139, 0.04084, 6.20465, 0.01956, -1.26332, 0.84023, -0.07680
4.85091, 0.03456, 6.20779, 0.01894, -0.94201, 0.47105, -0.09232, 0.23976, 0.03456, 6.20779, 0.01894, -1.24378, 0.79681, -0.07795
4.85758, 0.02513, 6.21093, 0.01842, -1.41301, 0.47105, -0.07913, 0.27907, 0.00000, 0.00000, 0.00000, 0.00000, 0.00000, 0.00000
4.86425, 0.01885, 6.21407, 0.01789, -0.94201, 0.47097, -0.07913, 0.00000, 0.01257, -0.06551, 0.01758, -1.18818, 0.67264, -0.07894
4.87092, 0.00942, 6.21721, 0.01560, -1.41301, 0.47090, -0.34291, -1089.79565, -0.00271, -0.07567, 0.01504, -4.79984, -5.09431, -1.23082
4.87759, 0.00000, 6.21721, 0.01472, -1.41301, 0.00000, -0.13189, -860.23291, -0.03413, -0.11130, 0.00889, -7.60210, -9.56365, -2.12886
4.88427, -0.00942, 6.21721, 0.01287, -1.41301, 0.00000, -0.27696, -669.62805, -0.07544, -0.16238, 0.00079, -9.71990, -12.93688, -2.81418
4.89094, -0.02199, 6.21407, 0.01067, -1.88401, -0.47090, -0.32972, -516.61627, -0.12239, -0.22190, -0.00804, -11.28109, -15.41781, -3.32702
4.89761, -0.03456, 6.20779, 0.00830, -1.88401, -0.94202, -0.35610, -399.41196, -0.17156, -0.28489, -0.01684, -12.40640, -17.20397, -3.70624
4.90428, -0.05027, 6.19836, 0.00540, -2.35502, -1.41300, -0.43523, -309.29266, -0.22102, -0.34806, -0.02529, -13.19260, -18.44845, -3.98208
4.91095, -0.06597, 6.18894, 0.00223, -2.35502, -1.41307, -0.47480, -243.80928, -0.26915, -0.40887, -0.03321, -13.72536, -19.28837, -4.18199
4.91763, -0.08168, 6.17637, -0.00111, -2.35502, -1.88404, -0.50118, -198.56807, -0.31499, -0.46632, -0.04054, -14.07622, -19.84167, -4.32860
4.92430, -0.10053, 6.16066, -0.00498, -2.82602, -2.35495, -0.58031, -165.54204, -0.35849, -0.52003, -0.04740, -14.29341, -20.18331, -4.43626
4.93097, -0.11938, 6.14496, -0.00912, -2.82602, -2.35502, -0.61988, -143.73921, -0.39937, -0.56960, -0.05388, -14.41792, -20.37852, -4.51775
4.93764, -0.14137, 6.12611, -0.01369, -3.29702, -2.82599, -0.68582, -130.59082, -0.43806, -0.61547, -0.06011, -14.48541, -20.48219, -4.58317
4.94431, -0.16336, 6.10412, -0.01853, -3.29702, -3.29704, -0.72539, -125.27827, -0.47464, -0.65829, -0.06619, -14.52455, -20.54375, -4.64136
4.95099, -0.18850, 6.08212, -0.02399, -3.76803, -3.29711, -0.81771, -121.58512, -0.50974, -0.69830, -0.07231, -14.54636, -20.57494, -4.69475
4.95766, -0.21363, 6.05699, -0.02962, -3.76803, -3.76794, -0.84409, -124.29058, -0.54354, -0.73631, -0.07850, -14.57366, -20.61601, -4.75025
4.96433, -0.23876, 6.02872, -0.03577, -3.76803, -4.23899, -0.92322, -127.33564, -0.57626, -0.77315, -0.08490, -14.60868, -20.67403, -4.80861
4.97100, -0.26704, 6.00044, -0.04228, -4.23903, -4.23913, -0.97598, -126.37072, -0.60852, -0.80903, -0.09155, -14.64239, -20.72871, -4.86569
4.97767, -0.29531, 5.96903, -0.04915, -4.23903, -4.71004, -1.02873, -127.90495, -0.64041, -0.84457, -0.09849, -14.68353, -20.79781, -4.92422
4.98435, -0.32673, 5.93447, -0.05636, -4.71004, -5.18094, -1.08148, -127.09000, -0.67245, -0.88033, -0.10573, -14.72801, -20.87281, -4.98179
4.99102, -0.35814, 5.89677, -0.06392, -4.71003, -5.65206, -1.13424, -126.00177, -0.70463, -0.91679, -0.11328, -14.77476, -20.95576, -5.03818
4.99769, -0.39270, 5.85907, -0.07184, -5.18104, -5.65213, -1.18700, -120.73200, -0.39270, 5.85907, -0.07184, -3.87857, -3.95678, -0.88380
5.00436, -0.42726, 5.81823, -0.07809, -5.18104, -6.12303, -0.93641, 22.64139, -0.42726, 5.81823, -0.07809, -4.08171, -4.28562, -0.92447
