0.00004, -3.14159, -3.14788, 0.00214, 0.00000, 0.00000, 0.00000, 0.00000, -3.14159, -3.14788, 0.00214, 0.00000, 0.00000, 0.00000
0.00037, -3.14159, -3.14788, 0.00214, 0.00000, 0.00000, 0.00000, 33.62400, -3.14159, -3.14788, 0.00214, 0.00000, 0.00000, 0.00000
0.00704, -3.14159, -3.14788, 0.00258, 0.00000, 0.00000, 0.06594, 33.62400, -3.14159, -3.14788, 0.00258, 0.00000, 0.00000, 0.00330
0.01371, -3.14159, -3.14788, 0.00302, 0.00000, 0.00000, 0.06594, 33.62400, -3.14159, -3.14788, 0.00302, 0.00000, 0.00000, 0.00824
0.02038, -3.13845, -3.14473, 0.00372, 0.47101, 0.47101, 0.10551, 33.62400, -3.13845, -3.14473, 0.00372, 0.02354, 0.02354, 0.01599
0.02705, -3.13845, -3.14159, 0.00452, 0.00000, 0.47101, 0.11870, 33.62400, -3.13845, -3.14159, 0.00452, 0.03532, 0.05887, 0.02580
0.03372, -3.13531, -3.13531, 0.00557, 0.47101, 0.94202, 0.15827, 33.62400, -3.13531, -3.13531, 0.00557, 0.06474, 0.12362, 0.03862
0.04039, -3.13217, -3.12903, 0.00680, 0.47094, 0.94195, 0.18464, 33.62400, -3.13217, -3.12903, 0.00680, 0.10301, 0.20311, 0.05426
0.04706, -3.12589, -3.12274, 0.00821, 0.94202, 0.94202, 0.21102, 33.62400, -3.12589, -3.12274, 0.00821, 0.16923, 0.28994, 0.07263
0.05373, -3.12274, -3.11646, 0.00971, 0.47101, 0.94202, 0.22421, 33.62400, -3.12274, -3.11646, 0.00971, 0.22590, 0.38047, 0.09303
0.06040, -3.11646, -3.10704, 0.01138, 0.94202, 1.41300, 0.25059, 33.62400, -3.11646, -3.10704, 0.01138, 0.30132, 0.49637, 0.11575
0.06707, -3.11018, -3.09761, 0.01331, 0.94199, 1.41303, 0.29016, 33.62400, -3.11018, -3.09761, 0.01331, 0.38615, 0.62499, 0.14163
0.07374, -3.10389, -3.08504, 0.01542, 0.94202, 1.88397, 0.32972, 33.62400, -3.10389, -3.08504, 0.01542, 0.47565, 0.78347, 0.16709
0.08041, -3.09447, -3.07248, 0.01780, 1.41303, 1.88404, 0.34291, 33.62400, -3.09447, -3.07248, 0.01780, 0.59107, 0.95694, 0.19433
0.08708, -3.08504, -3.05991, 0.02035, 1.41296, 1.88401, 0.38248, 33.62400, -3.08504, -3.05991, 0.02035, 0.69586, 1.11430, 0.22180
0.09375, -3.07876, -3.04734, 0.02317, 0.94202, 1.88404, 0.42204, 33.62400, -3.07876, -3.04734, 0.02317, 0.79538, 1.26366, 0.25070
0.10042, -3.06934, -3.03164, 0.02607, 1.41303, 2.35498, 0.43523, 33.62400, -3.06934, -3.03164, 0.02607, 0.89222, 1.40896, 0.27900
0.10709, -3.05677, -3.01593, 0.02818, 1.88401, 2.35502, 0.31653, -15.56125, -3.05677, -3.01593, 0.02818, 1.01132, 1.55229, 0.29975
0.11376, -3.04734, -2.99708, 0.03117, 1.41303, 2.35505, 0.44842, -13.14444, -3.04734, -2.99708, 0.03117, 1.09441, 1.71812, 0.32198
0.12043, -3.03792, -2.98137, 0.03390, 1.41296, 2.35498, 0.39567, -14.53424, -3.03792, -2.98137, 0.03390, 1.18306, 1.87171, 0.34234
0.12710, -3.02850, -2.96881, 0.03645, 1.41303, 1.88401, 0.38248, -15.60041, -3.02850, -2.96881, 0.03645, 1.25094, 1.97205, 0.35911
0.13377, -3.01907, -2.95310, 0.03874, 1.41300, 2.35498, 0.35610, -16.41353, -3.01907, -2.95310, 0.03874, 1.30843, 2.06933, 0.37013
0.14044, -3.00965, -2.93739, 0.04120, 1.41303, 2.35509, 0.35610, -17.08681, -3.00965, -2.93739, 0.04120, 1.36072, 2.14152, 0.37828
0.14711, -3.00022, -2.92168, 0.04340, 1.41303, 2.35498, 0.32972, -17.65393, -3.00022, -2.92168, 0.04340, 1.38687, 2.20117, 0.38104
0.15378, -2.99394, -2.90911, 0.04569, 0.94195, 1.88404, 0.34291, -17.96157, -2.99394, -2.90911, 0.04569, 1.37639, 2.23099, 0.38044
0.16045, -2.98451, -2.89341, 0.04762, 1.41307, 2.35502, 0.30334, -17.96312, -2.98451, -2.89341, 0.04762, 1.39472, 2.26946, 0.37354
0.16712, -2.97823, -2.88084, 0.04956, 0.94202, 1.88397, 0.29015, -18.07445, -2.97823, -2.88084, 0.04956, 1.38034, 2.26515, 0.36284
0.17379, -2.96881, -2.86513, 0.05140, 1.41296, 2.35505, 0.26378, -17.85134, -2.96881, -2.86513, 0.05140, 1.34959, 2.26300, 0.35551
0.18046, -2.96252, -2.85257, 0.05299, 0.94202, 1.88401, 0.23740, -17.61599, -2.96252, -2.85257, 0.05299, 1.31067, 2.21484, 0.34130
0.18713, -2.95624, -2.84000, 0.05448, 0.94202, 1.88401, 0.22421, -17.14728, -2.95624, -2.84000, 0.05448, 1.26766, 2.16720, 0.32496
0.19380, -2.94681, -2.82429, 0.05589, 1.41296, 1.88404, 0.21102, -16.63589, -2.94681, -2.82429, 0.05589, 1.24615, 2.16692, 0.30822
0.20047, -2.94053, -2.81173, 0.05712, 0.94202, 1.88401, 0.18464, -16.31972, -2.94053, -2.81173, 0.05712, 1.21183, 2.14323, 0.29193
0.20714, -2.93425, -2.79602, 0.05827, 0.94202, 2.35498, 0.17145, -15.87817, -2.93425, -2.79602, 0.05827, 1.17114, 2.13138, 0.27390
0.21381, -2.92796, -2.78345, 0.05923, 0.94199, 1.88404, 0.14508, -15.39804, -2.92796, -2.78345, 0.05923, 1.12723, 2.10190, 0.25565
0.22048, -2.91854, -2.76774, 0.06011, 1.41303, 2.35502, 0.13189, -14.86597, -2.91854, -2.76774, 0.06011, 1.12882, 2.11070, 0.23597
0.22715, -2.91226, -2.75204, 0.06099, 0.94202, 2.35502, 0.13189, -14.64099, -2.91226, -2.75204, 0.06099, 1.10606, 2.11510, 0.21822
0.23382, -2.90597, -2.73633, 0.06161, 0.94202, 2.35505, 0.10551, -14.27068, -2.90597, -2.73633, 0.06161, 1.09467, 2.14085, 0.19946
0.24049, -2.89969, -2.72062, 0.06222, 0.94199, 2.35498, 0.07913, -13.98621, -2.89969, -2.72062, 0.06222, 1.06543, 2.15372, 0.18084
0.24716, -2.89341, -2.70491, 0.06275, 0.94202, 2.35502, 0.07913, -13.57181, -2.89341, -2.70491, 0.06275, 1.05080, 2.18369, 0.16362
0.25383, -2.88398, -2.68920, 0.06319, 1.41296, 2.35502, 0.06594, -13.29468, -2.88398, -2.68920, 0.06319, 1.06705, 2.22224, 0.14709
0.26050, -2.87770, -2.67035, 0.06346, 0.94202, 2.82603, 0.03957, -13.20862, -2.87770, -2.67035, 0.06346, 1.05163, 2.26506, 0.13026
0.26717, -2.87142, -2.65465, 0.06372, 0.94202, 2.35502, 0.03957, -12.91895, -2.87142, -2.65465, 0.06372, 1.04392, 2.31002, 0.11459
0.27384, -2.86513, -2.63580, 0.06390, 0.94202, 2.82599, 0.02638, -12.70508, -2.86513, -2.63580, 0.06390, 1.04006, 2.35605, 0.09950
0.28051, -2.85571, -2.61695, 0.06398, 1.41296, 2.82606, 0.01319, -12.51413, -2.85571, -2.61695, 0.06398, 1.06169, 2.42618, 0.08536
0.28718, -2.84942, -2.59810, 0.06398, 0.94202, 2.82599, 0.00000, -12.50908, -2.84942, -2.59810, 0.06398, 1.04896, 2.48478, 0.07170
0.29385, -2.84314, -2.57611, 0.06390, 0.94202, 3.29704, -0.01319, -12.27905, -2.84314, -2.57611, 0.06390, 1.04260, 2.56120, 0.05761
0.30052, -2.83372, -2.55412, 0.06372, 1.41303, 3.29700, -0.02638, -12.10655, -2.83372, -2.55412, 0.06372, 1.06296, 2.64650, 0.04463
0.30719, -2.82429, -2.53212, 0.06346, 1.41300, 3.29704, -0.03957, -12.10278, -2.82429, -2.53212, 0.06346, 1.09670, 2.73626, 0.03155
0.31386, -2.81801, -2.51013, 0.06319, 0.94202, 3.29700, -0.03957, -12.15870, -2.81801, -2.51013, 0.06319, 1.11357, 2.82823, 0.01907
0.32053, -2.80858, -2.48500, 0.06275, 1.41300, 3.76805, -0.06594, -12.11966, -2.80858, -2.48500, 0.06275, 1.12200, 2.94488, 0.00624
0.32720, -2.79916, -2.45987, 0.06231, 1.41300, 3.76801, -0.06594, -12.03991, -2.79916, -2.45987, 0.06231, 1.14976, 3.05029, -0.00545
0.33387, -2.78973, -2.43159, 0.06178, 1.41300, 4.23903, -0.07913, -12.06495, -2.78973, -2.43159, 0.06178, 1.18720, 3.19723, -0.01724
0.34054, -2.78031, -2.40646, 0.06117, 1.41307, 3.76805, -0.09232, -12.15998, -2.78031, -2.40646, 0.06117, 1.22946, 3.31779, -0.02906
0.34721, -2.77088, -2.37819, 0.06046, 1.41296, 4.23903, -0.10551, -12.24009, -2.77088, -2.37819, 0.06046, 1.25059, 3.44873, -0.04091
0.35388, -2.76146, -2.34677, 0.05976, 1.41303, 4.71004, -0.10551, -12.18804, -2.76146, -2.34677, 0.05976, 1.28470, 3.60838, -0.05211
0.36055, -2.75204, -2.31535, 0.05888, 1.41300, 4.71004, -0.13189, -12.22590, -2.75204, -2.31535, 0.05888, 1.32531, 3.75888, -0.06364
0.36722, -2.74261, -2.28394, 0.05800, 1.41303, 4.71004, -0.13189, -12.25814, -2.74261, -2.28394, 0.05800, 1.34562, 3.90475, -0.07469
0.37389, -2.73004, -2.24938, 0.05703, 1.88397, 5.18101, -0.14508, -12.16387, -2.73004, -2.24938, 0.05703, 1.37933, 4.07192, -0.08548
0.38056, -2.72062, -2.21482, 0.05598, 1.41303, 5.18105, -0.15827, -12.12777, -2.72062, -2.21482, 0.05598, 1.41972, 4.24968, -0.09682
0.38723, -2.70805, -2.17712, 0.05483, 1.88401, 5.65206, -0.17145, -12.11118, -2.70805, -2.17712, 0.05483, 1.46348, 4.43278, -0.10776
0.39390, -2.69863, -2.13942, 0.05369, 1.41300, 5.65206, -0.17145, -12.07081, -2.69863, -2.13942, 0.05369, 1.48536, 4.61851, -0.11850
0.40057, -2.68606, -2.09858, 0.05246, 1.88404, 6.12303, -0.18464, -11.90889, -2.68606, -2.09858, 0.05246, 1.51986, 4.80560, -0.12915
0.40724, -2.67350, -2.05774, 0.05114, 1.88401, 6.12303, -0.19783, -11.76680, -2.67350, -2.05774, 0.05114, 1.56065, 5.01686, -0.13975
0.41391, -2.66093, -2.01376, 0.04973, 1.88401, 6.59404, -0.21102, -11.65089, -2.66093, -2.01376, 0.04973, 1.60460, 5.24028, -0.15033
0.42058, -2.64836, -1.96978, 0.04815, 1.88404, 6.59406, -0.23740, -11.51493, -2.64836, -1.96978, 0.04815, 1.65012, 5.44616, -0.16221
0.42725, -2.63265, -1.92265, 0.04657, 2.35498, 7.06504, -0.23740, -11.33145, -2.63265, -1.92265, 0.04657, 1.72000, 5.66689, -0.17343
0.43392, -2.62009, -1.87239, 0.04481, 1.88401, 7.53605, -0.26378, -11.23374, -2.62009, -1.87239, 0.04481, 1.77847, 5.91851, -0.18563
0.44059, -2.60438, -1.82212, 0.04305, 2.35505, 7.53606, -0.26378, -11.05848, -2.60438, -1.82212, 0.04305, 1.83127, 6.16211, -0.19767
0.44726, -2.59181, -1.77186, 0.04111, 1.88401, 7.53606, -0.29015, -10.82525, -2.59181, -1.77186, 0.04111, 1.88122, 6.40162, -0.21028
0.45393, -2.57611, -1.71531, 0.03909, 2.35502, 8.00704, -0.30334, -10.58226, -2.57611, -1.71531, 0.03909, 1.92974, 6.66272, -0.22318
0.46060, -2.56040, -1.65876, 0.03707, 2.35498, 8.47810, -0.30334, -10.28288, -2.56040, -1.65876, 0.03707, 2.00109, 6.93453, -0.23622
0.46727, -2.54469, -1.59907, 0.03504, 2.35505, 8.94904, -0.30334, -10.10710, -2.54469, -1.59907, 0.03504, 2.06033, 7.21178, -0.24868
0.47394, -2.52584, -1.53938, 0.03284, 2.82603, 8.94906, -0.32972, -9.89054, -2.52584, -1.53938, 0.03284, 2.13703, 7.49166, -0.26150
0.48061, -2.51013, -1.47655, 0.03056, 2.35498, 9.42005, -0.34291, -9.75321, -2.51013, -1.47655, 0.03056, 2.19894, 7.77294, -0.27451
0.48728, -2.49128, -1.41058, 0.02827, 2.82603, 9.89110, -0.34291, -9.60482, -2.49128, -1.41058, 0.02827, 2.27698, 8.07839, -0.28629
0.49395, -2.47243, -1.34460, 0.02580, 2.82603, 9.89106, -0.35610, -9.58587, -2.47243, -1.34460, 0.02580, 2.33955, 8.37245, -0.29877
0.50062, -2.45358, -1.27549, 0.02317, 2.82603, 10.36207, -0.39566, -9.55103, -2.45358, -1.27549, 0.02317, 2.41793, 8.66075, -0.31161
0.50729, -2.43159, -1.20323, 0.02044, 3.29700, 10.83309, -0.40885, -9.64342, -2.43159, -1.20323, 0.02044, 2.50423, 8.96979, -0.32528
0.51396, -2.41274, -1.12783, 0.01771, 2.82603, 11.30408, -0.40886, -9.83309, -2.41274, -1.12783, 0.01771, 2.59447, 9.31266, -0.33805
0.52063, -2.39075, -1.05243, 0.01472, 3.29700, 11.30408, -0.44842, -10.24960, -2.39075, -1.05243, 0.01472, 2.68670, 9.62544, -0.35169
0.52730, -2.36876, -0.97389, 0.01182, 3.29704, 11.77508, -0.43523, -10.68624, -2.36876, -0.97389, 0.01182, 2.77990, 9.94663, -0.36511
0.53397, -2.34677, -0.89535, 0.00874, 3.29704, 11.77509, -0.46161, -11.26899, -2.34677, -0.89535, 0.00874, 2.87362, 10.24857, -0.37973
0.54064, -2.32164, -0.81367, 0.00548, 3.76801, 12.24609, -0.48799, -11.90020, -2.32164, -0.81367, 0.00548, 2.96756, 10.56434, -0.39495
0.54731, -2.29965, -0.72885, 0.00223, 3.29704, 12.24609, -0.50117, -12.61628, -2.29965, -0.72885, 0.00223, 3.06165, 10.88713, -0.40982
0.55398, -2.27451, -0.64088, -0.00129, 3.76801, 13.18810, -0.51437, -13.50237, -2.27451, -0.64088, -0.00129, 3.15578, 11.21332, -0.42648
0.56065, -2.24624, -0.55292, -0.00481, 4.23903, 13.18810, -0.52755, -14.39590, -2.24624, -0.55292, -0.00481, 3.27352, 11.54132, -0.44273
0.56732, -2.22111, -0.46496, -0.00850, 3.76805, 13.18810, -0.55393, -15.34739, -2.22111, -0.46496, -0.00850, 3.37947, 11.84658, -0.45876
0.57399, -2.19283, -0.37385, -0.01229, 4.23899, 13.65910, -0.56712, -16.23336, -2.19283, -0.37385, -0.01229, 3.47956, 12.14055, -0.47470
0.58066, -2.16456, -0.28274, -0.01616, 4.23906, 13.65910, -0.58031, -16.96796, -2.16456, -0.28274, -0.01616, 3.60024, 12.40525, -0.49123
0.58733, -2.13628, -0.18850, -0.02012, 4.23906, 14.13010, -0.58031, -17.52160, -2.13628, -0.18850, -0.02012, 3.70769, 12.67894, -0.50676
0.59400, -2.10487, -0.09739, -0.02425, 4.71000, 14.13010, -0.61988, -17.93964, -2.10487, -0.09739, -0.02425, 3.83205, 12.90996, -0.52375
0.60067, -2.07345, 0.00000, -0.02838, 4.71004, 14.13010, -0.61987, -17.93568, -2.07345, 0.00000, -0.02838, 3.96490, 13.16682, -0.54016
0.60734, -2.04204, 0.09425, -0.03270, 4.71004, 14.13010, -0.64625, -17.79189, -2.04204, 0.09425, -0.03270, 4.07841, 13.38942, -0.55628
0.61401, -2.01062, 0.18850, -0.03701, 5.18105, 14.13010, -0.64625, -17.20354, -2.01062, 0.18850, -0.03701, 4.20583, 13.57139, -0.57225
0.62068, -1.97606, 0.28274, -0.04149, 4.71004, 14.13010, -0.67263, -16.17719, -1.97606, 0.28274, -0.04149, 4.34018, 13.70946, -0.58749
0.62735, -1.93836, 0.37699, -0.04589, 5.65202, 14.13009, -0.65944, -14.63076, -1.93836, 0.37699, -0.04589, 4.47802, 13.82561, -0.60171
0.63402, -1.90066, 0.47124, -0.05046, 5.65206, 13.65911, -0.67263, -12.67030, -1.90066, 0.47124, -0.05046, 4.64111, 13.93077, -0.61541
0.64069, -1.86296, 0.56549, -0.05486, 5.65204, 13.65911, -0.65944, -10.42359, -1.86296, 0.56549, -0.05486, 4.79333, 14.00691, -0.62687
0.64736, -1.82527, 0.65659, -0.05944, 5.65206, 13.65911, -0.67263, -7.85515, -1.82527, 0.65659, -0.05944, 4.94016, 14.04518, -0.63789
0.65403, -1.78442, 0.74770, -0.06384, 6.12300, 13.65909, -0.67263, -5.05788, -1.78442, 0.74770, -0.06384, 5.10770, 14.04056, -0.64669
0.66070, -1.74044, 0.83566, -0.06832, 6.59408, 13.18810, -0.67263, -2.02901, -1.74044, 0.83566, -0.06832, 5.28565, 14.01470, -0.65372
0.66737, -1.69646, 0.92363, -0.07272, 6.59404, 13.18810, -0.64625, 1.02054, -1.69646, 0.92363, -0.07272, 5.46885, 13.93110, -0.65922
0.67404, -1.65248, 1.00845, -0.07703, 6.59404, 12.71709, -0.65944, 4.09228, -1.65248, 1.00845, -0.07703, 5.65473, 13.81886, -0.66198
0.68071, -1.60535, 1.09013, -0.08125, 7.06505, 12.71709, -0.61988, 6.92942, -1.60535, 1.09013, -0.08125, 5.86534, 13.66833, -0.66269
0.68738, -1.55823, 1.17181, -0.08548, 7.06505, 11.77507, -0.63306, 9.48930, -1.55823, 1.17181, -0.08548, 6.06493, 13.49908, -0.66108
0.69405, -1.51111, 1.25035, -0.08952, 7.06504, 11.77509, -0.60669, 11.72509, -1.51111, 1.25035, -0.08952, 6.23529, 13.29649, -0.65762
0.70072, -1.46084, 1.32575, -0.09339, 7.53606, 11.30408, -0.59350, 13.53517, -1.46084, 1.32575, -0.09339, 6.41464, 13.05393, -0.65062
0.70739, -1.40743, 1.40115, -0.09726, 8.00706, 11.30410, -0.56712, 14.82447, -1.40743, 1.40115, -0.09726, 6.62210, 12.79131, -0.64316
0.71406, -1.35403, 1.47341, -0.10105, 8.00706, 10.83309, -0.56712, 15.60525, -1.35403, 1.47341, -0.10105, 6.84346, 12.51854, -0.63349
0.72073, -1.30062, 1.54252, -0.10465, 8.00706, 10.36207, -0.54074, 15.76604, -1.30062, 1.54252, -0.10465, 7.04847, 12.21746, -0.62273
0.72740, -1.24407, 1.60850, -0.10817, 8.47805, 10.36207, -0.52756, 15.36399, -1.24407, 1.60850, -0.10817, 7.24514, 11.90211, -0.61009
0.73407, -1.18752, 1.67447, -0.11160, 8.47809, 9.42005, -0.51436, 14.38924, -1.18752, 1.67447, -0.11160, 7.43770, 11.57954, -0.59652
0.74074, -1.13097, 1.73730, -0.11495, 8.47805, 9.42005, -0.51437, 12.90554, -1.13097, 1.73730, -0.11495, 7.62819, 11.25340, -0.58248
0.74741, -1.07128, 1.80013, -0.11829, 8.94908, 9.42009, -0.48799, 10.93593, -1.07128, 1.80013, -0.11829, 7.81763, 10.94903, -0.56887
0.75408, -1.01159, 1.85982, -0.12154, 8.94904, 8.94906, -0.48799, 8.51772, -1.01159, 1.85982, -0.12154, 8.00642, 10.63186, -0.55480
0.76075, -0.95190, 1.91637, -0.12480, 8.94908, 8.47807, -0.48799, 5.65499, -0.95190, 1.91637, -0.12480, 8.19515, 10.30856, -0.54183
0.76742, -0.88907, 1.96978, -0.12797, 9.42006, 8.00704, -0.47480, 2.42982, -0.88907, 1.96978, -0.12797, 8.38383, 9.98222, -0.53009
0.77409, -0.82624, 2.02319, -0.13122, 9.42007, 8.00709, -0.48799, -1.18249, -0.82624, 2.02319, -0.13122, 8.54869, 9.65403, -0.51959
0.78076, -0.76341, 2.07345, -0.13439, 9.42007, 7.53603, -0.47480, -4.89534, -0.76341, 2.07345, -0.13439, 8.70176, 9.32513, -0.50972
0.78743, -0.69743, 2.12372, -0.13773, 9.89106, 7.53606, -0.50117, -8.69966, -0.69743, 2.12372, -0.13773, 8.87252, 9.01934, -0.50281
0.79410, -0.63146, 2.17084, -0.14116, 9.89108, 7.06505, -0.51437, -12.83715, -0.63146, 2.17084, -0.14116, 9.02853, 8.72519, -0.49870
0.80077, -0.56235, 2.21482, -0.14468, 10.36207, 6.59404, -0.52756, -16.86845, -0.56235, 2.21482, -0.14468, 9.20076, 8.41321, -0.49730
0.80744, -0.49637, 2.25881, -0.14838, 9.89107, 6.59404, -0.55393, -21.18042, -0.49637, 2.25881, -0.14838, 9.35738, 8.11582, -0.49923
0.81411, -0.42726, 2.29650, -0.15216, 10.36207, 5.65206, -0.56712, -21.23645, -0.42726, 2.29650, -0.15216, 9.50650, 7.77881, -0.50350
0.82078, -0.35500, 2.33735, -0.15603, 10.83308, 6.12303, -0.58031, -21.11882, -0.35500, 2.33735, -0.15603, 9.67523, 7.46905, -0.51025
0.82745, -0.28588, 2.37190, -0.15999, 10.83308, 5.18105, -0.60669, -20.91986, -0.28588, 2.37190, -0.15999, 9.83027, 7.14926, -0.51890
0.83412, -0.21363, 2.40646, -0.16421, 10.36207, 5.18101, -0.63307, -20.67286, -0.21363, 2.40646, -0.16421, 9.97827, 6.84799, -0.53113
0.84079, -0.14137, 2.43788, -0.16852, 10.83308, 4.71004, -0.63307, -20.30902, -0.14137, 2.43788, -0.16852, 10.12309, 6.53258, -0.54517
0.84746, -0.06597, 2.46929, -0.17283, 10.83308, 4.71004, -0.65944, -19.89433, -0.06597, 2.46929, -0.17283, 10.28967, 6.23361, -0.56076
0.85413, 0.00628, 2.49757, -0.17741, 10.83308, 4.23906, -0.67263, -19.40356, 0.00628, 2.49757, -0.17741, 10.42007, 5.91923, -0.57779
0.86080, 0.08168, 2.52270, -0.18189, 11.30408, 3.76801, -0.67264, -18.87500, 0.08168, 2.52270, -0.18189, 10.55590, 5.59723, -0.59422
0.86747, 0.15708, 2.54783, -0.18664, 11.30408, 3.76805, -0.71220, -18.30725, 0.15708, 2.54783, -0.18664, 10.67093, 5.29489, -0.61167
0.87414, 0.22934, 2.57296, -0.19148, 10.83308, 3.76798, -0.72539, -17.68744, 0.22934, 2.57296, -0.19148, 10.77554, 5.00246, -0.62896
0.88081, 0.30473, 2.59496, -0.19632, 11.30408, 3.29704, -0.72538, -17.06381, 0.30473, 2.59496, -0.19632, 10.87495, 4.73846, -0.64552
0.88748, 0.37699, 2.61381, -0.20133, 11.30408, 2.82603, -0.73858, -16.39730, 0.37699, 2.61381, -0.20133, 10.92466, 4.44166, -0.66237
0.89415, 0.45239, 2.63580, -0.20635, 10.83308, 3.29704, -0.75177, -15.75688, 0.45239, 2.63580, -0.20635, 10.99663, 4.19903, -0.67872
0.90083, 0.52465, 2.65150, -0.21145, 10.83308, 2.35498, -0.76495, -15.06753, 0.52465, 2.65150, -0.21145, 11.03261, 3.93646, -0.69348
0.90749, 0.59690, 2.66721, -0.21655, 10.83308, 2.35505, -0.76496, -14.43374, 0.59690, 2.66721, -0.21655, 11.05060, 3.68739, -0.70680
0.91416, 0.66916, 2.68292, -0.22174, 10.83309, 2.35498, -0.77814, -13.82670, 0.66916, 2.68292, -0.22174, 11.03606, 3.44513, -0.72005
0.92083, 0.74142, 2.69863, -0.22693, 10.83308, 2.35505, -0.77815, -13.24855, 0.74142, 2.69863, -0.22693, 11.02878, 3.22978, -0.73129
0.92750, 0.81053, 2.71119, -0.23212, 10.36207, 1.88401, -0.77814, -12.69371, 0.81053, 2.71119, -0.23212, 10.97806, 3.02793, -0.74219
0.93417, 0.87965, 2.72376, -0.23740, 10.36207, 1.88401, -0.79134, -12.21136, 0.87965, 2.72376, -0.23740, 10.90558, 2.83277, -0.75159
0.94085, 0.94876, 2.73633, -0.24268, 10.36207, 1.88397, -0.79133, -11.78713, 0.94876, 2.73633, -0.24268, 10.84580, 2.64102, -0.75959
0.94752, 1.01473, 2.74575, -0.24787, 9.89108, 1.41303, -0.77814, -10.89738, 1.01473, 2.74575, -0.24787, 10.74494, 2.45088, -0.76621
0.95419, 1.08071, 2.75518, -0.25306, 10.36207, 1.41300, -0.77815, -5.74518, 1.08071, 2.75518, -0.25306, 10.64773, 2.28522, -0.77086
0.96086, 1.14668, 2.76460, -0.25825, 9.42007, 1.41303, -0.77814, -1.14859, 1.14668, 2.76460, -0.25825, 10.52815, 2.10811, -0.77448
0.96753, 1.20951, 2.77088, -0.26326, 9.42007, 1.41300, -0.75177, 3.26356, 1.20951, 2.77088, -0.26326, 10.39801, 1.94897, -0.77565
0.97420, 1.27235, 2.78031, -0.26837, 9.42005, 0.94199, -0.76495, 7.11330, 1.27235, 2.78031, -0.26837, 10.26199, 1.82223, -0.77621
0.98087, 1.33204, 2.78659, -0.27320, 8.94906, 1.41307, -0.72539, 10.51352, 1.33204, 2.78659, -0.27320, 10.10007, 1.68826, -0.77388
0.98754, 1.39173, 2.79602, -0.27795, 8.94908, 0.94202, -0.71220, 13.36701, 1.39173, 2.79602, -0.27795, 9.92462, 1.57412, -0.76939
0.99420, 1.44827, 2.80230, -0.28262, 8.94906, 0.94199, -0.69901, 15.69990, 1.44827, 2.80230, -0.28262, 9.74297, 1.47000, -0.76322
1.00088, 1.50482, 2.81173, -0.28719, 8.00706, 1.41300, -0.68583, 17.43822, 1.50482, 2.81173, -0.28719, 9.55767, 1.39433, -0.75483
1.00754, 1.56137, 2.81801, -0.29159, 8.47807, 0.94199, -0.65944, 18.65043, 1.56137, 2.81801, -0.29159, 9.37110, 1.30944, -0.74406
1.01422, 1.61478, 2.82429, -0.29581, 8.00706, 0.94202, -0.63307, 19.41668, 1.61478, 2.82429, -0.29581, 9.18364, 1.24345, -0.73143
1.02088, 1.66504, 2.83372, -0.29995, 7.53605, 1.41300, -0.61988, 19.68422, 1.66504, 2.83372, -0.29995, 8.97212, 1.21046, -0.71720
1.02756, 1.71531, 2.84000, -0.30391, 8.00706, 0.94202, -0.59350, 19.45466, 1.71531, 2.84000, -0.30391, 8.74865, 1.17042, -0.70085
1.03422, 1.76558, 2.84942, -0.30769, 7.06505, 1.41303, -0.58031, 18.87672, 1.76558, 2.84942, -0.30769, 8.54268, 1.17396, -0.68344
1.04090, 1.81584, 2.85571, -0.31138, 7.53605, 0.94202, -0.54074, 17.97373, 1.81584, 2.85571, -0.31138, 8.34553, 1.15219, -0.66419
1.04756, 1.86296, 2.86513, -0.31490, 7.06505, 1.41296, -0.52756, 16.87103, 1.86296, 2.86513, -0.31490, 8.15272, 1.16485, -0.64467
1.05424, 1.90695, 2.87142, -0.31833, 6.59404, 0.94202, -0.51436, 15.54536, 1.90695, 2.87142, -0.31833, 7.93860, 1.14764, -0.62502
1.06090, 1.95093, 2.88084, -0.32159, 6.59408, 1.41303, -0.48799, 14.09979, 1.95093, 2.88084, -0.32159, 7.73732, 1.16260, -0.60464
1.06758, 1.99491, 2.88712, -0.32475, 6.59401, 0.94202, -0.48799, 12.50989, 1.99491, 2.88712, -0.32475, 7.54250, 1.14653, -0.58391
1.07424, 2.03889, 2.89655, -0.32783, 6.59406, 1.41296, -0.44842, 10.90045, 2.03889, 2.89655, -0.32783, 7.35086, 1.16206, -0.56364
1.08092, 2.07973, 2.90283, -0.33082, 6.12307, 0.94202, -0.44843, 9.18410, 2.07973, 2.90283, -0.33082, 7.16087, 1.16982, -0.54428
1.08758, 2.11743, 2.91226, -0.33382, 5.65206, 1.41300, -0.44842, 7.54048, 2.11743, 2.91226, -0.33382, 6.97165, 1.17370, -0.52602
1.09426, 2.15827, 2.91854, -0.33672, 6.12303, 0.94202, -0.43523, 5.97029, 2.15827, 2.91854, -0.33672, 6.80641, 1.17564, -0.50899
1.10093, 2.19597, 2.92482, -0.33953, 5.65202, 0.94202, -0.42205, 4.40445, 2.19597, 2.92482, -0.33953, 6.62956, 1.15305, -0.49321
1.10760, 2.23367, 2.93111, -0.34235, 5.65202, 0.94202, -0.42204, 2.96117, 2.23367, 2.93111, -0.34235, 6.44696, 1.14176, -0.47873
1.11426, 2.26823, 2.93739, -0.34516, 5.18105, 0.94195, -0.42204, 1.53727, 2.26823, 2.93739, -0.34516, 6.26143, 1.11255, -0.46621
1.12094, 2.30279, 2.94367, -0.34807, 5.18105, 0.94202, -0.42205, 0.29503, 2.30279, 2.94367, -0.34807, 6.09804, 1.09795, -0.45600
1.12760, 2.33735, 2.94681, -0.35079, 5.18105, 0.94199, -0.40885, -0.86145, 2.33735, 2.94681, -0.35079, 5.94567, 1.04354, -0.44693
1.13428, 2.36876, 2.95310, -0.35370, 4.71004, 0.47108, -0.43524, -1.87738, 2.36876, 2.95310, -0.35370, 5.77531, 1.01633, -0.44042
1.14094, 2.40018, 2.95624, -0.35651, 4.71004, 0.47094, -0.42204, -2.77924, 2.40018, 2.95624, -0.35651, 5.59591, 0.95561, -0.43519
1.14762, 2.43159, 2.96252, -0.35933, 4.71004, 0.94202, -0.42205, -3.54156, 2.43159, 2.96252, -0.35933, 5.43557, 0.92525, -0.43125
1.15428, 2.46301, 2.96566, -0.36214, 4.71004, 0.47101, -0.42204, -4.27145, 2.46301, 2.96566, -0.36214, 5.30829, 0.86296, -0.42797
1.16096, 2.49128, 2.96881, -0.36496, 4.23903, 0.47101, -0.42204, -4.88306, 2.49128, 2.96881, -0.36496, 5.15048, 0.80827, -0.42566
1.16762, 2.51956, 2.97195, -0.36786, 4.23903, 0.47101, -0.43524, -5.34384, 2.51956, 2.97195, -0.36786, 5.00090, 0.75737, -0.42517
1.17430, 2.54469, 2.97195, -0.37076, 3.76801, 0.00000, -0.43523, -5.72848, 2.54469, 2.97195, -0.37076, 4.83194, 0.68483, -0.42559
1.18096, 2.57296, 2.97509, -0.37358, 4.23903, 0.47101, -0.42205, -5.89930, 2.57296, 2.97509, -0.37358, 4.70034, 0.62500, -0.42579
1.18764, 2.59810, 2.97509, -0.37639, 3.76805, 0.00000, -0.42204, -6.16997, 2.59810, 2.97509, -0.37639, 4.56392, 0.54801, -0.42524
1.19431, 2.62323, 2.97509, -0.37912, 3.76801, 0.00000, -0.40886, -6.27962, 2.62323, 2.97509, -0.37912, 4.42503, 0.48595, -0.42496
1.20098, 2.64522, 2.97823, -0.38176, 3.29704, 0.47094, -0.39566, -6.35594, 2.64522, 2.97823, -0.38176, 4.28496, 0.43137, -0.42284
1.20765, 2.67035, 2.98137, -0.38387, 3.76801, 0.47105, -0.32972, -6.36530, 2.67035, 2.98137, -0.38387, 4.16781, 0.40409, -0.41651
1.21432, 2.69863, 2.98765, -0.38484, 4.23906, 0.94202, -0.13189, -6.55490, 2.69863, 2.98765, -0.38484, 4.08569, 0.39045, -0.39949
1.22099, 2.72690, 3.00022, -0.38431, 4.23899, 1.88397, 0.07913, -7.04648, 2.72690, 3.00022, -0.38431, 4.02107, 0.45430, -0.36592
1.22766, 2.76146, 3.01593, -0.38308, 5.18105, 2.35505, 0.18464, -7.94324, 2.76146, 3.01593, -0.38308, 4.03585, 0.58039, -0.31881
1.23433, 2.79288, 3.03478, -0.38176, 4.71004, 2.82599, 0.21103, -9.44732, 2.79288, 3.03478, -0.38176, 4.06680, 0.76123, -0.26359
1.24100, 2.82429, 3.05363, -0.38062, 4.71004, 2.82603, 0.15826, -11.11041, 2.82429, 3.05363, -0.38062, 4.12936, 0.99290, -0.20566
1.24767, 2.85885, 3.07248, -0.37982, 5.18105, 2.82603, 0.11870, -12.95986, 2.85885, 3.07248, -0.37982, 4.20775, 1.22653, -0.14965
1.25434, 2.89027, 3.09133, -0.37921, 4.71004, 2.82606, 0.09233, -14.83167, 2.89027, 3.09133, -0.37921, 4.29404, 1.48460, -0.09593
1.26101, 2.92168, 3.11332, -0.37850, 4.71004, 3.29697, 0.10551, -16.65525, 2.92168, 3.11332, -0.37850, 4.38429, 1.77853, -0.04334
1.26768, 2.95310, 3.13217, -0.37780, 4.71007, 2.82606, 0.10551, -18.50852, 2.95310, 3.13217, -0.37780, 4.50005, 2.04322, 0.00800
1.27435, 2.98451, 3.15102, -0.37692, 4.70996, 2.82599, 0.13189, -20.32738, 2.98451, 3.15102, -0.37692, 4.60504, 2.29335, 0.05610
1.28102, 3.01279, 3.16673, -0.37569, 4.23906, 2.35502, 0.18464, -22.00321, 3.01279, 3.16673, -0.37569, 4.65754, 2.48904, 0.09663
1.28769, 3.04420, 3.18558, -0.37437, 4.71007, 2.82599, 0.19783, -23.26623, 3.04420, 3.18558, -0.37437, 4.70735, 2.63400, 0.12283
1.29436, 3.07562, 3.20442, -0.37305, 4.70996, 2.82603, 0.21103, -24.25810, 3.07562, 3.20442, -0.37305, 4.70870, 2.73002, 0.13659
1.30103, 3.10389, 3.22013, -0.37155, 4.23906, 2.35498, 0.21102, -24.82991, 3.10389, 3.22013, -0.37155, 4.68583, 2.75448, 0.14479
1.30770, 3.13531, 3.23898, -0.37024, 4.71000, 2.82606, 0.19783, -25.11336, 3.13531, 3.23898, -0.37024, 4.67439, 2.76671, 0.15021
1.31437, 3.16358, 3.25783, -0.36883, 4.23906, 2.82603, 0.21102, -25.38006, 3.16358, 3.25783, -0.36883, 4.62155, 2.77282, 0.15754
1.32104, 3.19186, 3.27668, -0.36760, 4.23903, 2.82599, 0.18465, -25.49540, 3.19186, 3.27668, -0.36760, 4.57159, 2.77587, 0.16582
1.32771, 3.22327, 3.29553, -0.36636, 4.71007, 2.82603, 0.18464, -25.60313, 3.22327, 3.29553, -0.36636, 4.54661, 2.75385, 0.17391
1.33438, 3.25155, 3.31438, -0.36522, 4.23899, 2.82606, 0.17146, -25.72079, 3.25155, 3.31438, -0.36522, 4.51058, 2.74283, 0.18126
1.34105, 3.28296, 3.33323, -0.36408, 4.71004, 2.82603, 0.17145, -25.76518, 3.28296, 3.33323, -0.36408, 4.49256, 2.73733, 0.18691
1.34772, 3.31124, 3.35522, -0.36302, 4.23899, 3.29700, 0.15827, -25.81816, 3.31124, 3.35522, -0.36302, 4.48355, 2.78166, 0.18841
1.35439, 3.34265, 3.37407, -0.36188, 4.71007, 2.82599, 0.17146, -25.87865, 3.34265, 3.37407, -0.36188, 4.47905, 2.80383, 0.18785
1.36106, 3.37407, 3.39606, -0.36091, 4.71004, 3.29704, 0.14507, -25.84128, 3.37407, 3.39606, -0.36091, 4.47680, 2.83845, 0.18493
1.36773, 3.40549, 3.41805, -0.35994, 4.71007, 3.29704, 0.15827, -25.76411, 3.40549, 3.41805, -0.35994, 4.49923, 2.90288, 0.17951
1.37440, 3.43690, 3.44004, -0.35898, 4.71000, 3.29700, 0.13189, -25.73118, 3.43690, 3.44004, -0.35898, 4.51045, 2.95864, 0.17417
1.38107, 3.46832, 3.46204, -0.35801, 4.71004, 3.29700, 0.14508, -25.60750, 3.46832, 3.46204, -0.35801, 4.53961, 3.01007, 0.16820
1.38774, 3.49973, 3.48403, -0.35713, 4.71004, 3.29704, 0.13189, -25.48960, 3.49973, 3.48403, -0.35713, 4.57774, 3.05933, 0.16257
1.39441, 3.53115, 3.50916, -0.35616, 4.71004, 3.76805, 0.14507, -25.35739, 3.53115, 3.50916, -0.35616, 4.59680, 3.13108, 0.15778
1.40108, 3.56257, 3.53429, -0.35519, 4.71007, 3.76805, 0.14508, -25.17357, 3.56257, 3.53429, -0.35519, 4.62988, 3.21404, 0.15407
1.40775, 3.59712, 3.55942, -0.35405, 4.71007, 3.76794, 0.17146, -25.02202, 3.59712, 3.55942, -0.35405, 4.66997, 3.30263, 0.15221
1.41442, 3.63168, 3.58456, -0.35291, 5.18101, 3.76809, 0.17145, -24.84253, 3.63168, 3.58456, -0.35291, 4.73710, 3.37047, 0.15194
1.42109, 3.66624, 3.60969, -0.35176, 5.18108, 3.76805, 0.17146, -24.68098, 3.66624, 3.60969, -0.35176, 4.79423, 3.45151, 0.15181
1.42776, 3.70080, 3.63796, -0.35053, 5.18105, 3.76798, 0.18464, -24.45479, 3.70080, 3.63796, -0.35053, 4.84633, 3.53911, 0.15372
1.43442, 3.73535, 3.66938, -0.34939, 5.18101, 4.71004, 0.17146, -24.20600, 3.73535, 3.66938, -0.34939, 4.89594, 3.65358, 0.15599
1.44110, 3.77305, 3.69765, -0.34824, 5.18101, 4.23899, 0.17145, -23.93291, 3.77305, 3.69765, -0.34824, 4.96783, 3.75790, 0.15845
1.44776, 3.81075, 3.72907, -0.34719, 5.65209, 4.71007, 0.15827, -23.59056, 3.81075, 3.72907, -0.34719, 5.05089, 3.88074, 0.16034
1.45444, 3.84845, 3.76049, -0.34604, 5.65202, 4.71004, 0.17146, -23.21507, 3.84845, 3.76049, -0.34604, 5.13951, 4.01278, 0.16326
1.46110, 3.88929, 3.79504, -0.34508, 6.12303, 5.18101, 0.14507, -22.81060, 3.88929, 3.79504, -0.34508, 5.25449, 4.14948, 0.16472
1.46778, 3.92699, 3.82960, -0.34411, 5.65202, 5.18108, 0.14508, -22.28763, 3.92699, 3.82960, -0.34411, 5.35906, 4.28845, 0.16545
1.47444, 3.96783, 3.86416, -0.34323, 6.12307, 5.18101, 0.13189, -21.73489, 3.96783, 3.86416, -0.34323, 5.45847, 4.42862, 0.16383
1.48112, 4.01181, 3.90186, -0.34244, 6.59411, 5.65209, 0.11870, -21.00618, 4.01181, 3.90186, -0.34244, 5.57880, 4.59287, 0.16039
1.48778, 4.05265, 3.93956, -0.34173, 6.12296, 5.65199, 0.10551, -20.15186, 4.05265, 3.93956, -0.34173, 5.68608, 4.76922, 0.15537
1.49446, 4.09664, 3.98040, -0.34112, 6.59408, 6.12307, 0.09232, -19.28048, 4.09664, 3.98040, -0.34112, 5.81035, 4.95157, 0.14825
1.50112, 4.14376, 4.02124, -0.34050, 7.06505, 6.12303, 0.09233, -18.24918, 4.14376, 4.02124, -0.34050, 5.96671, 5.11342, 0.14073
1.50780, 4.18774, 4.06522, -0.33997, 6.59401, 6.59408, 0.07913, -17.08746, 4.18774, 4.06522, -0.33997, 6.09198, 5.31206, 0.13235
1.51446, 4.23487, 4.10920, -0.33927, 7.06513, 6.59401, 0.10551, -15.94352, 4.23487, 4.10920, -0.33927, 6.22529, 5.50561, 0.12553
1.52114, 4.28513, 4.15633, -0.33857, 7.53596, 7.06505, 0.10551, -14.72414, 4.28513, 4.15633, -0.33857, 6.38611, 5.72010, 0.11882
1.52781, 4.33226, 4.20345, -0.33786, 7.06513, 7.06505, 0.10551, -13.42909, 4.33226, 4.20345, -0.33786, 6.51364, 5.92157, 0.11348
1.53448, 4.38252, 4.25372, -0.33716, 7.53603, 7.53603, 0.10551, -12.22114, 4.38252, 4.25372, -0.33716, 6.67157, 6.14002, 0.10884
1.54114, 4.43593, 4.30398, -0.33645, 8.00700, 7.53610, 0.10552, -10.98413, 4.43593, 4.30398, -0.33645, 6.84477, 6.36704, 0.10520
1.54782, 4.48934, 4.35739, -0.33584, 8.00708, 8.00708, 0.10551, -9.77712, 4.48934, 4.35739, -0.33584, 7.00199, 6.59826, 0.10206
1.55449, 4.54274, 4.41394, -0.33531, 8.00700, 8.47805, 0.06594, -8.65967, 4.54274, 4.41394, -0.33531, 7.17483, 6.85521, 0.09917
1.56116, 4.59929, 4.47049, -0.33514, 8.47812, 8.47805, 0.02638, -7.67948, 4.59929, 4.47049, -0.33514, 7.35543, 7.10141, 0.09443
1.56783, 4.65584, 4.52704, -0.33505, 8.47812, 8.47805, 0.01319, -6.80621, 4.65584, 4.52704, -0.33505, 7.51640, 7.34229, 0.08810
1.57450, 4.71239, 4.58987, -0.33522, 8.47798, 9.42007, -0.02638, -6.12223, 4.71239, 4.58987, -0.33522, 7.69106, 7.60399, 0.07966
1.58116, 4.77208, 4.65270, -0.33558, 8.94910, 9.42007, -0.05276, -5.65290, 4.77208, 4.65270, -0.33558, 7.87261, 7.87618, 0.06753
1.58784, 4.83491, 4.71867, -0.33593, 9.42007, 9.89112, -0.05275, -5.45380, 4.83491, 4.71867, -0.33593, 8.05757, 8.15354, 0.05355
1.59451, 4.89460, 4.78465, -0.33645, 8.94903, 9.89105, -0.07913, -5.61387, 4.89460, 4.78465, -0.33645, 8.24427, 8.43356, 0.03732
1.60118, 4.96058, 4.85376, -0.33689, 9.89112, 10.36202, -0.06595, -6.16194, 4.96058, 4.85376, -0.33689, 8.45534, 8.71483, 0.02064
1.60785, 5.02341, 4.92602, -0.33733, 9.42007, 10.83314, -0.06594, -7.30990, 5.02341, 4.92602, -0.33733, 8.63155, 9.02036, 0.00373
1.61452, 5.08938, 5.00142, -0.33777, 9.89105, 11.30404, -0.06595, -8.85169, 5.08938, 5.00142, -0.33777, 8.81382, 9.33793, -0.01264
1.62119, 5.15849, 5.07681, -0.33830, 10.36202, 11.30411, -0.07913, -11.03267, 5.15849, 5.07681, -0.33830, 9.02275, 9.63806, -0.02874
1.62786, 5.22761, 5.15535, -0.33909, 10.36216, 11.77509, -0.11870, -13.98806, 5.22761, 5.15535, -0.33909, 9.22138, 9.95293, -0.04405
1.63452, 5.29987, 5.23704, -0.33997, 10.83307, 12.24606, -0.13189, -17.53325, 5.29987, 5.23704, -0.33997, 9.43848, 10.29882, -0.05895
1.64120, 5.37212, 5.31872, -0.34121, 10.83307, 12.24614, -0.18464, -21.99063, 5.37212, 5.31872, -0.34121, 9.66475, 10.61302, -0.07432
1.64787, 5.44438, 5.40354, -0.34288, 10.83307, 12.71704, -0.25059, -27.06256, 5.44438, 5.40354, -0.34288, 9.87211, 10.93502, -0.09189
1.65454, 5.51978, 5.49150, -0.34481, 11.30411, 13.18809, -0.29016, -32.49445, 5.51978, 5.49150, -0.34481, 10.06997, 11.26082, -0.11255
1.66121, 5.59832, 5.58261, -0.34701, 11.77509, 13.65913, -0.32972, -34.54758, 5.59832, 5.58261, -0.34701, 10.31024, 11.61218, -0.13541
1.66788, 5.67686, 5.67686, -0.34956, 11.77502, 14.13004, -0.38248, -33.54725, 5.67686, 5.67686, -0.34956, 10.52454, 11.97621, -0.16266
1.67455, 5.75540, 5.77111, -0.35238, 11.77516, 14.13011, -0.42204, -32.47504, 5.75540, 5.77111, -0.35238, 10.74948, 12.32312, -0.19410
1.68122, 5.83708, 5.86850, -0.35502, 12.24606, 14.60115, -0.39567, -31.24773, 5.83708, 5.86850, -0.35502, 10.97967, 12.66138, -0.22630
1.68789, 5.92190, 5.96588, -0.35801, 12.71711, 14.60108, -0.44842, -29.87868, 5.92190, 5.96588, -0.35801, 11.21255, 12.99541, -0.26087
1.69456, 6.00358, 6.06642, -0.36100, 12.24606, 15.07213, -0.44842, -28.34923, 6.00358, 6.06642, -0.36100, 11.42316, 13.32723, -0.29463
1.70123, 6.08527, 6.16695, -0.36399, 12.71718, 15.07213, -0.44843, -26.71964, 6.08527, 6.16695, -0.36399, 11.59914, 13.63448, -0.32735
1.70790, 6.17009, 6.26748, -0.36698, 12.24606, 15.07213, -0.44842, -24.98135, 6.17009, 6.26748, -0.36698, 11.78130, 13.92936, -0.35689
1.71457, 6.25491, 6.36487, -0.36997, 12.71704, 14.60115, -0.44842, -23.16829, 6.25491, 6.36487, -0.36997, 11.96661, 14.17104, -0.38156
1.72124, 6.33659, 6.46540, -0.37287, 12.24614, 15.07199, -0.43523, -21.35910, 6.33659, 6.46540, -0.37287, 12.10635, 14.38604, -0.40114
1.72791, 6.41827, 6.56279, -0.37569, 12.71704, 14.60115, -0.42205, -19.54392, 6.41827, 6.56279, -0.37569, 12.19978, 14.54066, -0.41555
1.73458, 6.50310, 6.66018, -0.37850, 12.24606, 14.60108, -0.43523, -17.79940, 6.50310, 6.66018, -0.37850, 12.29358, 14.64152, -0.42473
1.74125, 6.58478, 6.75757, -0.38123, 12.24621, 14.60115, -0.39567, -16.09348, 6.58478, 6.75757, -0.38123, 12.36404, 14.71550, -0.42866
1.74792, 6.66332, 6.84867, -0.38361, 11.77502, 14.13011, -0.35610, -14.50408, 6.66332, 6.84867, -0.38361, 12.37572, 14.70541, -0.42865
1.75459, 6.74186, 6.93978, -0.38475, 11.77509, 13.18809, -0.17145, -13.15987, 6.74186, 6.93978, -0.38475, 12.33445, 14.65325, -0.41479
1.76126, 6.81411, 7.02146, -0.38449, 10.83300, 12.24606, 0.03956, -12.15042, 6.81411, 7.02146, -0.38449, 12.24318, 14.48590, -0.38347
1.76793, 6.88323, 7.10000, -0.38325, 10.36209, 11.77509, 0.18465, -11.76337, 6.88323, 7.10000, -0.38325, 12.10332, 14.23733, -0.33615
1.77460, 6.95234, 7.17226, -0.38176, 10.36209, 10.83300, 0.22421, -11.87936, 6.95234, 7.17226, -0.38176, 11.91567, 13.90115, -0.27887
1.78127, 7.01832, 7.24451, -0.38044, 9.89112, 10.83314, 0.19783, -12.42695, 7.01832, 7.24451, -0.38044, 11.68051, 13.54461, -0.21790
1.78794, 7.08429, 7.31363, -0.37938, 9.89112, 10.36202, 0.15827, -13.21544, 7.08429, 7.31363, -0.37938, 11.44521, 13.13091, -0.15775
1.79461, 7.14712, 7.37960, -0.37833, 9.42000, 9.89112, 0.15826, -14.16435, 7.14712, 7.37960, -0.37833, 11.18622, 12.68848, -0.09866
1.80128, 7.20996, 7.44557, -0.37727, 9.89112, 9.89105, 0.15827, -15.27321, 7.20996, 7.44557, -0.37727, 10.89192, 12.23184, -0.04010
1.80795, 7.27279, 7.50841, -0.37613, 8.94895, 9.42007, 0.17146, -16.50134, 7.27279, 7.50841, -0.37613, 10.60342, 11.74439, 0.01820
1.81462, 7.33562, 7.57124, -0.37472, 9.42014, 8.94910, 0.21102, -11.64464, 7.33562, 7.57124, -0.37472, 10.34146, 11.28877, 0.07570
1.82129, 7.39531, 7.63093, -0.37305, 8.94895, 9.42000, 0.25059, -6.79029, 7.39531, 7.63093, -0.37305, 10.06913, 10.82540, 0.12556
1.82796, 7.45186, 7.69062, -0.37112, 8.47812, 8.47812, 0.29015, -2.84192, 7.45186, 7.69062, -0.37112, 9.81526, 10.42891, 0.16301
1.83463, 7.50841, 7.74403, -0.36900, 8.47805, 8.00700, 0.31654, 0.31067, 7.50841, 7.74403, -0.36900, 9.59409, 10.04220, 0.18834
1.84130, 7.56496, 7.79743, -0.36672, 8.00708, 8.00700, 0.34291, 2.81685, 7.56496, 7.79743, -0.36672, 9.38934, 9.70759, 0.20693
1.84797, 7.61836, 7.84770, -0.36452, 8.00708, 7.53617, 0.32972, 4.83036, 7.61836, 7.84770, -0.36452, 9.19273, 9.37539, 0.22283
1.85464, 7.67177, 7.89482, -0.36232, 8.00708, 7.06505, 0.32972, 6.23124, 7.67177, 7.89482, -0.36232, 9.00025, 9.04449, 0.23934
1.86130, 7.72203, 7.94195, -0.36021, 7.53596, 7.06505, 0.31654, 7.13611, 7.72203, 7.94195, -0.36021, 8.80979, 8.73769, 0.25552
1.86798, 7.76916, 7.98593, -0.35810, 7.06505, 6.59408, 0.31653, 7.57301, 7.76916, 7.98593, -0.35810, 8.59684, 8.41950, 0.27152
1.87464, 7.81942, 8.02991, -0.35598, 7.53610, 6.59394, 0.31653, 7.56954, 7.81942, 8.02991, -0.35598, 8.39614, 8.11905, 0.28677
1.88132, 7.86655, 8.07075, -0.35396, 7.06505, 6.12310, 0.30335, 7.28946, 7.86655, 8.07075, -0.35396, 8.17807, 7.80402, 0.29901
1.88798, 7.91367, 8.10845, -0.35194, 7.06505, 5.65199, 0.30334, 6.69332, 7.91367, 8.10845, -0.35194, 7.97481, 7.48161, 0.30777
1.89466, 7.95765, 8.14615, -0.34991, 6.59401, 5.65199, 0.30335, 5.90785, 7.95765, 8.14615, -0.34991, 7.77900, 7.15559, 0.31281
1.90132, 8.00164, 8.18071, -0.34807, 6.59415, 5.18115, 0.27696, 4.97706, 8.00164, 8.18071, -0.34807, 7.58688, 6.85125, 0.31335
1.90800, 8.04248, 8.21212, -0.34622, 6.12296, 4.71004, 0.27697, 3.98527, 8.04248, 8.21212, -0.34622, 7.37309, 6.53428, 0.31033
1.91467, 8.08332, 8.24040, -0.34428, 6.12310, 4.23892, 0.29015, 2.90431, 8.08332, 8.24040, -0.34428, 7.17197, 6.21089, 0.30684
1.92134, 8.12102, 8.26553, -0.34235, 5.65199, 4.23906, 0.29016, 1.76859, 8.12102, 8.26553, -0.34235, 6.95369, 5.88439, 0.30311
1.92801, 8.15872, 8.29066, -0.34041, 5.65199, 3.29711, 0.29016, 0.59503, 8.15872, 8.29066, -0.34041, 6.75033, 5.55624, 0.29993
1.93468, 8.19327, 8.31580, -0.33839, 5.18115, 3.76809, 0.30334, -0.59281, 8.19327, 8.31580, -0.33839, 6.55448, 5.25091, 0.29768
1.94134, 8.22783, 8.33465, -0.33619, 5.18087, 2.82585, 0.32972, -1.73315, 8.22783, 8.33465, -0.33619, 6.33875, 4.90979, 0.29722
1.94802, 8.26239, 8.35664, -0.33399, 5.18115, 3.29711, 0.32972, -2.90527, 8.26239, 8.35664, -0.33399, 6.13673, 4.59796, 0.29830
1.95469, 8.29381, 8.37234, -0.33179, 4.71004, 2.35502, 0.32973, -4.06033, 8.29381, 8.37234, -0.33179, 5.91793, 4.27716, 0.30016
1.96136, 8.32522, 8.38805, -0.32959, 4.71004, 2.35502, 0.32972, -5.11531, 8.32522, 8.38805, -0.32959, 5.71436, 3.95195, 0.30241
1.96803, 8.35664, 8.40376, -0.32748, 4.71004, 2.35502, 0.31653, -6.10243, 8.35664, 8.40376, -0.32748, 5.51834, 3.64800, 0.30552
1.97470, 8.38491, 8.41633, -0.32537, 4.23906, 1.88404, 0.31654, -7.03498, 8.38491, 8.41633, -0.32537, 5.32616, 3.35477, 0.30905
1.98136, 8.41319, 8.42575, -0.32352, 4.23906, 1.41293, 0.27696, -7.82788, 8.41319, 8.42575, -0.32352, 5.13584, 3.06681, 0.31015
1.98804, 8.43832, 8.43204, -0.32159, 3.76794, 0.94209, 0.29016, -8.50427, 8.43832, 8.43204, -0.32159, 4.94651, 2.78158, 0.31070
1.99470, 8.46345, 8.43832, -0.31983, 3.76794, 0.94195, 0.27696, -9.02712, 8.46345, 8.43832, -0.31983, 4.75761, 2.49761, 0.30966
2.00138, 8.48544, 8.44146, -0.31807, 3.29711, 0.47097, 0.25059, -9.45460, 8.48544, 8.44146, -0.31807, 4.56899, 2.19082, 0.30716
2.00804, 8.50743, 8.44460, -0.31649, 3.29697, 0.47112, 0.23740, -9.70471, 8.50743, 8.44460, -0.31649, 4.38046, 1.91965, 0.30129
2.01472, 8.52628, 8.44460, -0.31499, 2.82614, 0.00000, 0.22421, -9.84578, 8.52628, 8.44460, -0.31499, 4.16847, 1.61926, 0.29309
2.02138, 8.54827, 8.44146, -0.31349, 3.29697, -0.47112, 0.22422, -9.77339, 8.54827, 8.44146, -0.31349, 3.99181, 1.32772, 0.28371
2.02806, 8.56712, 8.43832, -0.31218, 2.82599, -0.47097, 0.19783, -9.71770, 8.56712, 8.43832, -0.31218, 3.80930, 1.04069, 0.27242
2.03472, 8.58283, 8.43204, -0.31094, 2.35502, -0.94195, 0.18464, -9.49838, 8.58283, 8.43204, -0.31094, 3.60026, 0.73228, 0.26019
2.04140, 8.59854, 8.42575, -0.30989, 2.35502, -0.94209, 0.15827, -9.08788, 8.59854, 8.42575, -0.30989, 3.40157, 0.43681, 0.24616
2.04806, 8.61425, 8.41633, -0.30883, 2.35502, -1.41293, 0.15827, -8.61153, 8.61425, 8.41633, -0.30883, 3.20799, 0.14774, 0.23320
2.05474, 8.62681, 8.40376, -0.30786, 1.88404, -1.88404, 0.14507, -8.11045, 8.62681, 8.40376, -0.30786, 3.01703, -0.13806, 0.21948
2.06141, 8.63938, 8.38805, -0.30681, 1.88404, -2.35502, 0.15827, -7.47448, 8.63938, 8.38805, -0.30681, 2.82733, -0.44586, 0.20734
2.06808, 8.65195, 8.37234, -0.30584, 1.88404, -2.35502, 0.14508, -6.84875, 8.65195, 8.37234, -0.30584, 2.66185, -0.74102, 0.19533
2.07474, 8.66137, 8.35350, -0.30470, 1.41293, -2.82599, 0.17145, -6.25811, 8.66137, 8.35350, -0.30470, 2.48488, -1.05350, 0.18603
2.08142, 8.67080, 8.33465, -0.30364, 1.41307, -3.29711, 0.15827, -5.60148, 8.67080, 8.33465, -0.30364, 2.32576, -1.35101, 0.17809
2.08808, 8.67708, 8.30951, -0.30259, 0.94209, -3.29697, 0.17146, -5.00489, 8.67708, 8.30951, -0.30259, 2.12842, -1.66465, 0.17081
2.09476, 8.68650, 8.28438, -0.30162, 1.41293, -3.76809, 0.13189, -4.24844, 8.68650, 8.28438, -0.30162, 1.95912, -1.98628, 0.16454
2.10142, 8.69279, 8.25925, -0.30092, 0.94209, -3.76794, 0.10551, -3.61323, 8.69279, 8.25925, -0.30092, 1.80380, -2.28843, 0.15745
2.10810, 8.69593, 8.23097, -0.30030, 0.47083, -4.23906, 0.09232, -2.97231, 8.69593, 8.23097, -0.30030, 1.63196, -2.60431, 0.15060
2.11476, 8.69907, 8.19956, -0.29986, 0.47097, -4.71004, 0.06594, -2.24385, 8.69907, 8.19956, -0.29986, 1.45181, -2.92716, 0.14256
2.12144, 8.70535, 8.16814, -0.29951, 0.94209, -4.71004, 0.05276, -1.47173, 8.70535, 8.16814, -0.29951, 1.31465, -3.22983, 0.13393
2.12810, 8.70535, 8.13358, -0.29916, 0.00000, -5.18101, 0.05275, -0.88228, 8.70535, 8.13358, -0.29916, 1.15184, -3.52252, 0.12434
2.13478, 8.70850, 8.09589, -0.29880, 0.47097, -5.65199, 0.05276, -0.15147, 8.70850, 8.09589, -0.29880, 0.99981, -3.83366, 0.11492
2.14144, 8.70850, 8.05819, -0.29836, 0.00000, -5.65213, 0.06594, 0.50518, 8.70850, 8.05819, -0.29836, 0.85312, -4.13057, 0.10494
2.14812, 8.70850, 8.01734, -0.29775, 0.00000, -6.12310, 0.09233, 1.16258, 8.70850, 8.01734, -0.29775, 0.70915, -4.44383, 0.09665
2.15478, 8.70535, 7.97650, -0.29704, -0.47097, -6.12296, 0.10551, 1.77293, 8.70535, 7.97650, -0.29704, 0.56648, -4.71825, 0.08987
2.16146, 8.70221, 7.92938, -0.29616, -0.47097, -7.06505, 0.13189, 2.34966, 8.70221, 7.92938, -0.29616, 0.40099, -5.02026, 0.08582
2.16812, 8.69907, 7.88226, -0.29528, -0.47112, -7.06505, 0.13189, 2.95831, 8.69907, 7.88226, -0.29528, 0.24755, -5.33616, 0.08511
2.17480, 8.69593, 7.83513, -0.29441, -0.47097, -7.06505, 0.13188, 3.48475, 8.69593, 7.83513, -0.29441, 0.12376, -5.63538, 0.08674
2.18146, 8.68965, 7.78173, -0.29353, -0.94195, -8.00708, 0.13189, 3.86279, 8.68965, 7.78173, -0.29353, -0.00880, -5.94988, 0.09085
2.18814, 8.68336, 7.72832, -0.29273, -0.94195, -8.00708, 0.11870, 4.26201, 8.68336, 7.72832, -0.29273, -0.16926, -6.27194, 0.09620
2.19480, 8.67708, 7.67491, -0.29194, -0.94195, -8.00708, 0.11870, 4.77472, 8.67708, 7.67491, -0.29194, -0.29659, -6.57431, 0.10218
2.20148, 8.67080, 7.61522, -0.29106, -0.94209, -8.94903, 0.13189, 5.16604, 8.67080, 7.61522, -0.29106, -0.43090, -6.89030, 0.10912
2.20814, 8.66137, 7.55867, -0.29036, -1.41307, -8.94903, 0.10551, 5.60832, 8.66137, 7.55867, -0.29036, -0.56872, -7.18963, 0.11457
2.21482, 8.65195, 7.49584, -0.28957, -1.41293, -8.94903, 0.11870, 6.13603, 8.65195, 7.49584, -0.28957, -0.70826, -7.50410, 0.11861
2.22148, 8.64252, 7.43301, -0.28869, -1.41307, -9.89112, 0.13189, 6.75189, 8.64252, 7.43301, -0.28869, -0.82515, -7.82624, 0.12195
2.22816, 8.63310, 7.36703, -0.28781, -1.41293, -9.89112, 0.13189, 7.37302, 8.63310, 7.36703, -0.28781, -0.93068, -8.12857, 0.12362
2.23483, 8.62053, 7.29792, -0.28675, -1.88404, -9.89105, 0.15827, 8.03566, 8.62053, 7.29792, -0.28675, -1.05411, -8.44463, 0.12578
2.24150, 8.60796, 7.22566, -0.28570, -1.88404, -10.83300, 0.15826, 8.84801, 8.60796, 7.22566, -0.28570, -1.18645, -8.79100, 0.12817
2.24816, 8.59540, 7.15341, -0.28446, -1.88404, -10.83314, 0.18465, 9.83097, 8.59540, 7.15341, -0.28446, -1.29975, -9.10553, 0.13201
2.25484, 8.58283, 7.08115, -0.28315, -1.88404, -10.83307, 0.19783, 10.75877, 8.58283, 7.08115, -0.28315, -1.40348, -9.40406, 0.13788
2.26150, 8.56712, 7.00261, -0.28165, -2.35502, -11.77516, 0.22421, 11.67496, 8.56712, 7.00261, -0.28165, -1.52603, -9.74178, 0.14610
2.26818, 8.55142, 6.92721, -0.27998, -2.35487, -11.30404, 0.25059, 12.77139, 8.55142, 6.92721, -0.27998, -1.65792, -10.02836, 0.15614
2.27484, 8.53571, 6.84553, -0.27813, -2.35502, -12.24606, 0.27697, 13.79284, 8.53571, 6.84553, -0.27813, -1.77097, -10.36010, 0.16973
2.28152, 8.52000, 6.76699, -0.27628, -2.35516, -11.77516, 0.27697, 14.86841, 8.52000, 6.76699, -0.27628, -1.87460, -10.64370, 0.18444
2.28818, 8.50115, 6.68217, -0.27435, -2.82599, -12.71704, 0.29015, 15.77243, 8.50115, 6.68217, -0.27435, -1.99708, -10.95039, 0.19971
2.29486, 8.48230, 6.60049, -0.27224, -2.82599, -12.24606, 0.31653, 16.76546, 8.48230, 6.60049, -0.27224, -2.12895, -11.22145, 0.21658
2.30153, 8.46345, 6.51566, -0.27004, -2.82614, -12.71711, 0.32973, 17.58203, 8.46345, 6.51566, -0.27004, -2.24201, -11.47477, 0.23358
2.30820, 8.44146, 6.42770, -0.26784, -3.29697, -13.18809, 0.32972, 18.20302, 8.44146, 6.42770, -0.26784, -2.36916, -11.71914, 0.25066
2.31487, 8.41947, 6.34288, -0.26546, -3.29697, -12.71711, 0.35610, 18.66372, 8.41947, 6.34288, -0.26546, -2.50340, -11.93556, 0.26777
2.32154, 8.39748, 6.25491, -0.26309, -3.29697, -12.71711, 0.35610, 18.88458, 8.39748, 6.25491, -0.26309, -2.64115, -12.16149, 0.28424
2.32821, 8.37549, 6.16695, -0.26054, -3.29711, -13.65913, 0.38248, 18.95392, 8.37549, 6.16695, -0.26054, -2.75714, -12.34511, 0.30039
2.33488, 8.35035, 6.07584, -0.25790, -3.76794, -13.18801, 0.39566, 18.60900, 8.35035, 6.07584, -0.25790, -2.88577, -12.55464, 0.31571
2.34155, 8.32522, 5.98788, -0.25508, -3.76809, -13.18809, 0.42205, 18.08648, 8.32522, 5.98788, -0.25508, -3.02076, -12.70652, 0.33063
2.34822, 8.29695, 5.89991, -0.25236, -4.23906, -13.18823, 0.40885, 17.16305, 8.29695, 5.89991, -0.25236, -3.18242, -12.85310, 0.34468
2.35489, 8.27181, 5.81195, -0.24945, -4.23906, -13.18809, 0.43524, 15.99367, 8.27181, 5.81195, -0.24945, -3.31036, -12.94994, 0.35897
2.36156, 8.24040, 5.72712, -0.24655, -4.23906, -12.71697, 0.44842, 14.42380, 8.24040, 5.72712, -0.24655, -3.46851, -13.02190, 0.37204
2.36823, 8.21212, 5.64230, -0.24356, -4.23892, -13.18816, 0.43523, 12.60479, 8.21212, 5.64230, -0.24356, -3.61825, -13.05789, 0.38451
2.37490, 8.18071, 5.55748, -0.24048, -4.71004, -12.24606, 0.46161, 10.57632, 8.18071, 5.55748, -0.24048, -3.76375, -13.05233, 0.39734
2.38157, 8.14615, 5.47265, -0.23740, -5.18115, -12.71718, 0.46161, 8.27079, 8.14615, 5.47265, -0.23740, -3.93074, -13.04956, 0.40904
2.38824, 8.11473, 5.39097, -0.23432, -4.70989, -12.24606, 0.46162, 5.88461, 8.11473, 5.39097, -0.23432, -4.08486, -13.00109, 0.42016
2.39491, 8.07703, 5.31243, -0.23115, -5.65213, -11.77502, 0.47480, 3.51119, 8.07703, 5.31243, -0.23115, -4.27970, -12.90618, 0.43033
2.40158, 8.04248, 5.23704, -0.22816, -5.18101, -11.77516, 0.44842, 1.12428, 8.04248, 5.23704, -0.22816, -4.44776, -12.74101, 0.43806
2.40825, 8.00478, 5.16164, -0.22526, -5.65213, -11.30411, 0.43523, -1.08700, 8.00478, 5.16164, -0.22526, -4.62602, -12.56419, 0.44258
2.41492, 7.96394, 5.08624, -0.22236, -6.12296, -10.83300, 0.43523, -3.13906, 7.96394, 5.08624, -0.22236, -4.80931, -12.38161, 0.44616
2.42159, 7.92310, 5.01398, -0.21963, -6.12303, -10.83307, 0.40886, -5.02819, 7.92310, 5.01398, -0.21963, -5.01875, -12.17253, 0.44663
2.42826, 7.88226, 4.94487, -0.21708, -6.12303, -10.36209, 0.38248, -6.56770, 7.88226, 4.94487, -0.21708, -5.19409, -11.95028, 0.44423
2.43493, 7.83827, 4.87889, -0.21453, -6.59408, -9.89105, 0.38248, -7.78590, 7.83827, 4.87889, -0.21453, -5.39955, -11.69781, 0.43973
2.44160, 7.79429, 4.81292, -0.21215, -6.59401, -9.89112, 0.35610, -8.66560, 7.79429, 4.81292, -0.21215, -5.59646, -11.43032, 0.43221
2.44827, 7.74717, 4.75009, -0.20978, -7.06505, -9.42007, 0.35610, -9.20305, 7.74717, 4.75009, -0.20978, -5.78913, -11.13167, 0.42317
2.45494, 7.70004, 4.69040, -0.20749, -7.06505, -8.94895, 0.34291, -9.39228, 7.70004, 4.69040, -0.20749, -6.00319, -10.81754, 0.41272
2.46161, 7.64978, 4.63071, -0.20503, -7.53603, -8.94917, 0.36929, -9.19243, 7.64978, 4.63071, -0.20503, -6.20444, -10.51914, 0.40221
2.46828, 7.59951, 4.57416, -0.20274, -7.53610, -8.47798, 0.34291, -8.72949, 7.59951, 4.57416, -0.20274, -6.42279, -10.22867, 0.39169
2.47495, 7.54925, 4.52075, -0.20037, -7.53610, -8.00708, 0.35610, -7.92460, 7.54925, 4.52075, -0.20037, -6.62619, -9.91854, 0.38247
2.48162, 7.49584, 4.46734, -0.19799, -8.00693, -8.00715, 0.35610, -6.83545, 7.49584, 4.46734, -0.19799, -6.82206, -9.59868, 0.37390
2.48829, 7.44243, 4.41708, -0.19562, -8.00708, -7.53603, 0.35610, -5.44749, 7.44243, 4.41708, -0.19562, -7.01422, -9.27385, 0.36698
2.49496, 7.38903, 4.36996, -0.19333, -8.00708, -7.06505, 0.34291, -3.80211, 7.38903, 4.36996, -0.19333, -7.20448, -8.94663, 0.36154
2.50163, 7.33248, 4.32283, -0.19104, -8.47805, -7.06498, 0.34291, -1.91750, 7.33248, 4.32283, -0.19104, -7.39384, -8.64167, 0.35684
2.50830, 7.27279, 4.27885, -0.18884, -8.94917, -6.59415, 0.32972, 0.23620, 7.27279, 4.27885, -0.18884, -7.60624, -8.32440, 0.35317
2.51497, 7.21624, 4.23801, -0.18664, -8.47798, -6.12303, 0.32972, 2.80503, 7.21624, 4.23801, -0.18664, -7.78310, -8.00086, 0.35002
2.52164, 7.15655, 4.19717, -0.18436, -8.94910, -6.12303, 0.34291, 5.37642, 7.15655, 4.19717, -0.18436, -7.96571, -7.69783, 0.34844
2.52831, 7.09372, 4.15947, -0.18198, -9.42007, -5.65199, 0.35610, 8.22127, 7.09372, 4.15947, -0.18198, -8.15125, -7.38141, 0.34700
2.53498, 7.03089, 4.12491, -0.17960, -9.42000, -5.18108, 0.35610, 11.35204, 7.03089, 4.12491, -0.17960, -8.33818, -7.05841, 0.34693
2.54165, 6.96805, 4.09035, -0.17705, -9.42014, -5.18101, 0.38248, 14.64127, 6.96805, 4.09035, -0.17705, -8.52588, -6.75556, 0.34822
2.54832, 6.90522, 4.05894, -0.17441, -9.42007, -4.71004, 0.39567, 18.06260, 6.90522, 4.05894, -0.17441, -8.69036, -6.43933, 0.35084
2.55499, 6.83925, 4.03066, -0.17160, -9.89105, -4.23906, 0.42204, 21.34951, 6.83925, 4.03066, -0.17160, -8.86683, -6.11631, 0.35545
2.56166, 6.77327, 4.00553, -0.16852, -9.89112, -3.76794, 0.46161, 24.84834, 6.77327, 4.00553, -0.16852, -9.04924, -5.79000, 0.36369
2.56833, 6.70416, 3.98040, -0.16527, -10.36202, -3.76809, 0.48799, 27.70506, 6.70416, 3.98040, -0.16527, -9.23467, -5.46195, 0.37506
2.57500, 6.63504, 3.95841, -0.16183, -10.36216, -3.29704, 0.51437, 27.27467, 6.63504, 3.95841, -0.16183, -9.39802, -5.13312, 0.38998
2.58167, 6.56593, 3.93956, -0.15823, -10.36202, -2.82603, 0.54074, 26.89306, 6.56593, 3.93956, -0.15823, -9.57392, -4.80380, 0.40799
2.58834, 6.49367, 3.92071, -0.15445, -10.83300, -2.82599, 0.56713, 26.43725, 6.49367, 3.92071, -0.15445, -9.75603, -4.47434, 0.42821
2.59501, 6.42142, 3.90500, -0.15057, -10.83314, -2.35505, 0.59350, 25.90316, 6.42142, 3.90500, -0.15057, -9.91777, -4.14472, 0.44953
2.60168, 6.34916, 3.89243, -0.14644, -10.83307, -1.88401, 0.60669, 25.31768, 6.34916, 3.89243, -0.14644, -10.06927, -3.81510, 0.47337
2.60835, 6.27690, 3.87987, -0.14222, -10.83314, -1.88397, 0.63306, 24.66074, 6.27690, 3.87987, -0.14222, -10.21569, -3.48539, 0.49783
2.61502, 6.20465, 3.87044, -0.13791, -10.83307, -1.41303, 0.64626, 23.96636, 6.20465, 3.87044, -0.13791, -10.35953, -3.15573, 0.52258
2.62169, 6.12925, 3.86102, -0.13351, -11.30397, -1.41303, 0.65944, 23.23867, 6.12925, 3.86102, -0.13351, -10.50211, -2.84956, 0.54683
2.62836, 6.05699, 3.85788, -0.12902, -10.83314, -0.47101, 0.67264, 22.46555, 6.05699, 3.85788, -0.12902, -10.62049, -2.53168, 0.56950
2.63503, 5.98159, 3.85473, -0.12436, -10.83307, -0.47094, 0.69901, 21.71825, 5.98159, 3.85473, -0.12436, -10.72680, -2.20783, 0.59140
2.64170, 5.90620, 3.85159, -0.11961, -11.30397, -0.47105, 0.72539, 20.94126, 5.90620, 3.85159, -0.11961, -10.82703, -1.90465, 0.61223
2.64837, 5.83394, 3.85159, -0.11477, -10.83321, 0.00000, 0.71220, 20.15687, 5.83394, 3.85159, -0.11477, -10.90072, -1.61172, 0.63188
2.65504, 5.76168, 3.85159, -0.10976, -11.30404, 0.00000, 0.75176, 19.40482, 5.76168, 3.85159, -0.10976, -10.93756, -1.32399, 0.65094
2.66171, 5.68628, 3.85788, -0.10457, -10.83307, 0.94199, 0.77814, 18.67176, 5.68628, 3.85788, -0.10457, -10.97953, -1.01523, 0.67036
2.66838, 5.61403, 3.86102, -0.09946, -10.83314, 0.47101, 0.77814, 17.90438, 5.61403, 3.86102, -0.09946, -11.00052, -0.74313, 0.68732
2.67505, 5.54177, 3.86730, -0.09410, -10.83300, 0.94202, 0.80452, 17.20488, 5.54177, 3.86730, -0.09410, -11.01101, -0.46574, 0.70438
2.68172, 5.47265, 3.87673, -0.08882, -10.36216, 1.41303, 0.79133, 16.50874, 5.47265, 3.87673, -0.08882, -10.99272, -0.18578, 0.72016
2.68839, 5.40354, 3.88615, -0.08328, -10.36202, 1.41300, 0.81771, 15.88635, 5.40354, 3.88615, -0.08328, -10.93646, 0.09554, 0.73662
2.69506, 5.33442, 3.89872, -0.07774, -9.89105, 1.88397, 0.84408, 15.25559, 5.33442, 3.89872, -0.07774, -10.88478, 0.35391, 0.75277
2.70173, 5.26531, 3.91128, -0.07228, -10.36209, 1.88404, 0.80452, 10.73663, 5.26531, 3.91128, -0.07228, -10.81183, 0.60089, 0.76678
2.70840, 5.19934, 3.92699, -0.06692, -9.89105, 2.35502, 0.80452, 5.48429, 5.19934, 3.92699, -0.06692, -10.70473, 0.86563, 0.77840
2.71507, 5.13336, 3.94584, -0.06137, -9.89112, 2.82599, 0.81771, 0.49288, 5.13336, 3.94584, -0.06137, -10.60406, 1.13935, 0.78948
2.72174, 5.07053, 3.96155, -0.05618, -9.42007, 2.35505, 0.77814, -4.12353, 5.07053, 3.96155, -0.05618, -10.48310, 1.39392, 0.79634
2.72840, 5.00770, 3.98040, -0.05090, -9.42007, 2.82603, 0.79133, -8.21189, 5.00770, 3.98040, -0.05090, -10.32839, 1.61544, 0.80043
2.73508, 4.94487, 4.00239, -0.04589, -9.42007, 3.29697, 0.75176, -11.90171, 4.94487, 4.00239, -0.04589, -10.18040, 1.86746, 0.80182
2.74174, 4.88518, 4.02438, -0.04096, -8.94903, 3.29711, 0.73858, -15.05477, 4.88518, 4.02438, -0.04096, -10.01218, 2.11125, 0.79922
2.74841, 4.82549, 4.04637, -0.03613, -8.94910, 3.29704, 0.72538, -17.54980, 4.82549, 4.04637, -0.03613, -9.85757, 2.32737, 0.79463
2.75508, 4.76894, 4.07150, -0.03146, -8.47805, 3.76801, 0.69901, -19.49389, 4.76894, 4.07150, -0.03146, -9.68591, 2.55316, 0.78573
2.76176, 4.71553, 4.09664, -0.02689, -8.47812, 3.76801, 0.68582, -20.81698, 4.71553, 4.09664, -0.02689, -9.48237, 2.76023, 0.77402
2.76842, 4.65898, 4.12177, -0.02249, -8.00708, 3.76801, 0.65944, -21.54268, 4.65898, 4.12177, -0.02249, -9.28637, 2.95799, 0.76026
2.77510, 4.60558, 4.15004, -0.01818, -8.00700, 4.23906, 0.64625, -21.85091, 4.60558, 4.15004, -0.01818, -9.09420, 3.15105, 0.74546
2.78176, 4.55531, 4.17832, -0.01396, -7.53610, 4.23899, 0.63306, -21.69604, 4.55531, 4.17832, -0.01396, -8.88033, 3.31825, 0.72817
2.78844, 4.50504, 4.20973, -0.00991, -7.53603, 4.71004, 0.60669, -21.06958, 4.50504, 4.20973, -0.00991, -8.67922, 3.51956, 0.71096
2.79510, 4.45478, 4.24115, -0.00595, -7.53603, 4.71004, 0.59350, -20.18455, 4.45478, 4.24115, -0.00595, -8.48443, 3.71444, 0.69245
2.80178, 4.40765, 4.27571, -0.00217, -7.06505, 5.18108, 0.56712, -19.02289, 4.40765, 4.27571, -0.00217, -8.26932, 3.90606, 0.67397
2.80844, 4.36053, 4.31027, 0.00135, -7.06505, 5.18101, 0.52755, -17.58293, 4.36053, 4.31027, 0.00135, -8.06754, 4.09610, 0.65418
2.81512, 4.31655, 4.34796, 0.00478, -6.59401, 5.65199, 0.51436, -15.97782, 4.31655, 4.34796, 0.00478, -7.84880, 4.30878, 0.63372
2.82178, 4.27257, 4.38566, 0.00803, -6.59415, 5.65213, 0.47480, -14.21416, 4.27257, 4.38566, 0.00803, -7.64533, 4.50941, 0.61295
2.82846, 4.22858, 4.42650, 0.01120, -6.59394, 6.12303, 0.47480, -12.37942, 4.22858, 4.42650, 0.01120, -7.47296, 4.72744, 0.59202
2.83513, 4.18774, 4.46734, 0.01402, -6.12310, 6.59401, 0.42204, -10.54249, 4.18774, 4.46734, 0.01402, -7.26899, 4.95424, 0.56967
2.84180, 4.14690, 4.51447, 0.01692, -6.12303, 6.59401, 0.43523, -8.61915, 4.14690, 4.51447, 0.01692, -7.07283, 5.20889, 0.54796
2.84846, 4.10606, 4.56159, 0.01965, -6.12303, 7.06513, 0.40886, -6.68800, 4.10606, 4.56159, 0.01965, -6.90408, 5.47757, 0.52588
2.85514, 4.06522, 4.60872, 0.02237, -6.12303, 7.06498, 0.40885, -4.82441, 4.06522, 4.60872, 0.02237, -6.74908, 5.72962, 0.50496
2.86180, 4.02752, 4.65898, 0.02501, -5.65206, 7.53603, 0.39566, -3.01326, 4.02752, 4.65898, 0.02501, -6.57735, 5.99699, 0.48460
2.86848, 3.99296, 4.71239, 0.02765, -5.18101, 8.00708, 0.39566, -1.29000, 3.99296, 4.71239, 0.02765, -6.39731, 6.27193, 0.46585
2.87514, 3.95527, 4.76580, 0.03029, -5.18101, 8.47812, 0.38248, 0.28240, 3.95527, 4.76580, 0.03029, -6.23662, 6.55074, 0.44988
2.88182, 3.92071, 4.82549, 0.03302, -5.18101, 8.47805, 0.40885, 1.78036, 3.92071, 4.82549, 0.03302, -6.08565, 6.85496, 0.43662
2.88848, 3.88615, 4.88518, 0.03557, -5.18105, 8.94910, 0.38248, 3.05243, 3.88615, 4.88518, 0.03557, -5.93948, 7.17196, 0.42472
2.89516, 3.85159, 4.94487, 0.03812, -5.18105, 8.94903, 0.38248, 4.17354, 3.85159, 4.94487, 0.03812, -5.79578, 7.47172, 0.41415
2.90183, 3.82018, 5.00770, 0.04076, -4.71004, 9.42007, 0.39566, 5.15489, 3.82018, 5.00770, 0.04076, -5.65325, 7.78651, 0.40754
2.90850, 3.78876, 5.07367, 0.04322, -4.71007, 9.89105, 0.36929, 5.84040, 3.78876, 5.07367, 0.04322, -5.51136, 8.08516, 0.40095
2.91516, 3.75735, 5.13965, 0.04569, -4.70996, 9.89112, 0.36929, 6.39392, 3.75735, 5.13965, 0.04569, -5.36974, 8.37582, 0.39567
2.92184, 3.72593, 5.20876, 0.04815, -4.71007, 10.36202, 0.36929, 6.76755, 3.72593, 5.20876, 0.04815, -5.22831, 8.68596, 0.39105
2.92850, 3.69765, 5.28102, 0.05061, -4.23906, 10.83314, 0.36929, 6.92679, 3.69765, 5.28102, 0.05061, -5.08692, 9.00593, 0.38742
2.93518, 3.66938, 5.35327, 0.05290, -4.23899, 10.83307, 0.34291, 6.79459, 3.66938, 5.35327, 0.05290, -4.96914, 9.30718, 0.38297
2.94185, 3.64111, 5.42867, 0.05527, -4.23903, 11.30404, 0.35610, 6.56425, 3.64111, 5.42867, 0.05527, -4.83957, 9.62270, 0.37877
2.94852, 3.61283, 5.50721, 0.05756, -4.23899, 11.77509, 0.34291, 6.10368, 3.61283, 5.50721, 0.05756, -4.72770, 9.92171, 0.37337
2.95518, 3.58770, 5.58261, 0.05976, -3.76809, 11.77509, 0.32972, 5.55890, 3.58770, 5.58261, 0.05976, -4.60110, 10.18901, 0.36803
2.96186, 3.55942, 5.66429, 0.06205, -4.23906, 11.77509, 0.34291, 4.87789, 3.55942, 5.66429, 0.06205, -4.49071, 10.48746, 0.36339
2.96852, 3.53429, 5.74597, 0.06434, -3.76794, 12.24606, 0.34291, 4.06202, 3.53429, 5.74597, 0.06434, -4.38840, 10.77803, 0.35842
2.97520, 3.50916, 5.82765, 0.06653, -3.76805, 12.24614, 0.32972, 3.15484, 3.50916, 5.82765, 0.06653, -4.29015, 11.04103, 0.35397
2.98186, 3.48403, 5.90934, 0.06873, -3.76805, 12.24614, 0.32972, 2.28774, 3.48403, 5.90934, 0.06873, -4.19392, 11.29032, 0.34976
2.98854, 3.46204, 5.99416, 0.07102, -3.29704, 12.71697, 0.34291, 1.45168, 3.46204, 5.99416, 0.07102, -4.07518, 11.53267, 0.34633
2.99520, 3.43690, 6.07898, 0.07322, -3.76801, 12.71718, 0.32972, 0.52645, 3.43690, 6.07898, 0.07322, -3.99224, 11.74808, 0.34264
3.00188, 3.41177, 6.16381, 0.07533, -3.76801, 12.71704, 0.31653, -0.06924, 3.41177, 6.16381, 0.07533, -3.92724, 11.94995, 0.33948
3.00854, 3.38978, 6.24863, 0.07744, -3.29704, 12.71711, 0.31653, -0.48062, 3.38978, 6.24863, 0.07744, -3.84762, 12.12157, 0.33592
3.01522, 3.36465, 6.33345, 0.07964, -3.76801, 12.71711, 0.32972, -0.74506, 3.36465, 6.33345, 0.07964, -3.78427, 12.25446, 0.33348
3.02188, 3.34265, 6.42142, 0.08175, -3.29704, 13.18809, 0.31653, -0.64889, 3.34265, 6.42142, 0.08175, -3.72903, 12.41513, 0.33160
3.02856, 3.32066, 6.50624, 0.08378, -3.29700, 12.71711, 0.30334, -0.48213, 3.32066, 6.50624, 0.08378, -3.65433, 12.51901, 0.32868
3.03522, 3.29867, 6.59106, 0.08580, -3.29704, 12.71704, 0.31653, -0.02432, 3.29867, 6.59106, 0.08580, -3.59342, 12.59451, 0.32525
3.04190, 3.27668, 6.67274, 0.08791, -3.29704, 12.24606, 0.30334, 0.74500, 3.27668, 6.67274, 0.08791, -3.53943, 12.63226, 0.32287
3.04856, 3.25469, 6.75757, 0.09002, -3.29700, 12.71718, 0.31653, 1.73272, 3.25469, 6.75757, 0.09002, -3.48887, 12.67469, 0.32102
3.05524, 3.23270, 6.83925, 0.09213, -3.29704, 12.24606, 0.31653, 2.88534, 3.23270, 6.83925, 0.09213, -3.46359, 12.67237, 0.31878
3.06190, 3.21071, 6.91779, 0.09433, -3.29700, 11.77509, 0.32972, 4.32402, 3.21071, 6.91779, 0.09433, -3.42739, 12.62409, 0.31765
3.06858, 3.18872, 6.99633, 0.09671, -3.29700, 11.77502, 0.35610, 5.79329, 3.18872, 6.99633, 0.09671, -3.38575, 12.55286, 0.31907
3.07524, 3.16987, 7.07487, 0.09900, -2.82603, 11.30411, 0.34291, 7.26072, 3.16987, 7.07487, 0.09900, -3.34137, 12.47013, 0.32110
3.08192, 3.14788, 7.15027, 0.10146, -3.29704, 11.30404, 0.36929, 8.69884, 3.14788, 7.15027, 0.10146, -3.29564, 12.35814, 0.32409
3.08858, 3.12903, 7.22252, 0.10401, -2.82599, 10.83307, 0.38248, 10.05633, 3.12903, 7.22252, 0.10401, -3.24922, 12.18436, 0.32888
3.09526, 3.11018, 7.29478, 0.10674, -2.82603, 10.83314, 0.39567, 11.28341, 3.11018, 7.29478, 0.10674, -3.20246, 12.00329, 0.33656
3.10192, 3.08819, 7.36389, 0.10946, -3.29708, 10.36202, 0.40885, 12.33908, 3.08819, 7.36389, 0.10946, -3.17909, 11.79498, 0.34567
3.10860, 3.06934, 7.42987, 0.11237, -2.82599, 10.36209, 0.43523, 13.30018, 3.06934, 7.42987, 0.11237, -3.14385, 11.57311, 0.35616
3.11526, 3.05049, 7.49584, 0.11518, -2.82596, 9.42014, 0.42204, 13.96390, 3.05049, 7.49584, 0.11518, -3.10268, 11.32083, 0.36668
3.12194, 3.03164, 7.55867, 0.11817, -2.82606, 9.42000, 0.44842, 14.43275, 3.03164, 7.55867, 0.11817, -3.05855, 11.05342, 0.37853
3.12860, 3.01279, 7.61836, 0.12134, -2.82603, 8.94910, 0.47480, 14.64332, 3.01279, 7.61836, 0.12134, -3.01293, 10.77838, 0.39172
3.13528, 2.99394, 7.67805, 0.12442, -2.82599, 8.94903, 0.46161, 14.62121, 2.99394, 7.67805, 0.12442, -2.96657, 10.49960, 0.40358
3.14194, 2.97509, 7.73460, 0.12767, -2.82603, 8.47805, 0.48799, 14.45972, 2.97509, 7.73460, 0.12767, -2.94340, 10.19531, 0.41677
3.14862, 2.95938, 7.78801, 0.13102, -2.35505, 8.00708, 0.50117, 14.19920, 2.95938, 7.78801, 0.13102, -2.88472, 9.87836, 0.42996
3.15528, 2.94053, 7.83827, 0.13436, -2.82599, 7.53603, 0.50118, 13.60664, 2.94053, 7.83827, 0.13436, -2.85539, 9.55499, 0.44249
3.16196, 2.92168, 7.88854, 0.13797, -2.82603, 7.53610, 0.54074, 13.04490, 2.92168, 7.88854, 0.13797, -2.84072, 9.22850, 0.45534
3.16863, 2.90283, 7.93566, 0.14149, -2.82603, 7.06505, 0.52755, 12.44796, 2.90283, 7.93566, 0.14149, -2.80982, 8.90035, 0.46771
3.17530, 2.88712, 7.98279, 0.14518, -2.82599, 7.06505, 0.55393, 11.69531, 2.88712, 7.98279, 0.14518, -2.77083, 8.59502, 0.47983
3.18197, 2.86827, 8.02363, 0.14887, -2.35505, 6.12318, 0.55393, 10.88133, 2.86827, 8.02363, 0.14887, -2.75134, 8.25390, 0.49248
3.18864, 2.84942, 8.06447, 0.15257, -2.82599, 6.12282, 0.56712, 10.07407, 2.84942, 8.06447, 0.15257, -2.74160, 7.91853, 0.50408
3.19531, 2.83058, 8.10531, 0.15653, -2.82603, 6.12310, 0.58031, 9.30864, 2.83058, 8.10531, 0.15653, -2.73672, 7.60951, 0.51582
3.20198, 2.81173, 8.13987, 0.16049, -2.82603, 5.18101, 0.59350, 8.56460, 2.81173, 8.13987, 0.16049, -2.73429, 7.26665, 0.52828
3.20865, 2.78973, 8.17443, 0.16436, -3.29700, 5.18115, 0.58031, 7.80388, 2.78973, 8.17443, 0.16436, -2.75663, 6.93032, 0.53913
3.21532, 2.77088, 8.20898, 0.16832, -2.82603, 5.18101, 0.59350, 7.17895, 2.77088, 8.20898, 0.16832, -2.79134, 6.62090, 0.54917
3.22199, 2.74889, 8.24040, 0.17219, -3.29708, 4.70989, 0.58031, 6.66028, 2.74889, 8.24040, 0.17219, -2.83225, 6.32484, 0.55814
3.22866, 2.73004, 8.26867, 0.17623, -2.82596, 4.23906, 0.59350, 6.19052, 2.73004, 8.26867, 0.17623, -2.85271, 6.01201, 0.56593
3.23533, 2.70805, 8.29381, 0.18019, -3.29704, 3.76809, 0.59350, 5.67679, 2.70805, 8.29381, 0.18019, -2.88649, 5.69069, 0.57312
3.24200, 2.68606, 8.31894, 0.18424, -3.29704, 3.76809, 0.60669, 5.23795, 2.68606, 8.31894, 0.18424, -2.95047, 5.36524, 0.57935
3.24867, 2.66407, 8.34407, 0.18820, -3.29704, 3.76794, 0.59350, 4.95622, 2.66407, 8.34407, 0.18820, -3.00602, 5.08471, 0.58445
3.25534, 2.64208, 8.36292, 0.19216, -3.29700, 2.82599, 0.59350, 4.67268, 2.64208, 8.36292, 0.19216, -3.05734, 4.77966, 0.58897
3.26201, 2.61695, 8.38177, 0.19620, -3.76805, 2.82599, 0.60669, 4.41355, 2.61695, 8.38177, 0.19620, -3.13011, 4.46223, 0.59190
3.26868, 2.59181, 8.40062, 0.20016, -3.76801, 2.82614, 0.60669, 4.23950, 2.59181, 8.40062, 0.20016, -3.21358, 4.18580, 0.59336
3.27535, 2.56668, 8.41633, 0.20421, -3.76801, 2.35502, 0.59350, 4.13035, 2.56668, 8.41633, 0.20421, -3.27888, 3.90624, 0.59541
3.28202, 2.54155, 8.42889, 0.20825, -3.76801, 1.88404, 0.60669, 3.94721, 2.54155, 8.42889, 0.20825, -3.35861, 3.60166, 0.59709
3.28869, 2.51642, 8.44146, 0.21239, -3.76805, 1.88390, 0.61988, 3.83885, 2.51642, 8.44146, 0.21239, -3.42203, 3.30803, 0.59991
3.29536, 2.48814, 8.45088, 0.21635, -4.23899, 1.41307, 0.59350, 3.64511, 2.48814, 8.45088, 0.21635, -3.52437, 3.01996, 0.60066
3.30203, 2.45987, 8.45717, 0.22039, -4.23906, 0.94209, 0.60669, 3.57951, 2.45987, 8.45717, 0.22039, -3.62266, 2.73458, 0.60170
3.30870, 2.43159, 8.46345, 0.22435, -4.23903, 0.94181, 0.59350, 3.47856, 2.43159, 8.46345, 0.22435, -3.71888, 2.45062, 0.60156
3.31537, 2.40018, 8.46974, 0.22849, -4.71004, 0.94224, 0.61988, 3.36980, 2.40018, 8.46974, 0.22849, -3.83767, 2.16731, 0.60280
3.32204, 2.36876, 8.47288, 0.23245, -4.71004, 0.47083, 0.59350, 3.22471, 2.36876, 8.47288, 0.23245, -3.96769, 1.90793, 0.60343
3.32871, 2.33735, 8.47288, 0.23640, -4.71004, 0.00000, 0.59350, 3.08182, 2.33735, 8.47288, 0.23640, -4.07982, 1.63690, 0.60308
3.33538, 2.30593, 8.47288, 0.24036, -4.71004, 0.00000, 0.59350, 2.88170, 2.30593, 8.47288, 0.24036, -4.18297, 1.36012, 0.60291
3.34205, 2.27137, 8.46974, 0.24432, -5.18108, -0.47083, 0.59350, 2.63053, 2.27137, 8.46974, 0.24432, -4.30522, 1.08040, 0.60216
3.34872, 2.23681, 8.46345, 0.24828, -5.18101, -0.94224, 0.59350, 2.34047, 2.23681, 8.46345, 0.24828, -4.43697, 0.79926, 0.60113
3.35539, 2.20226, 8.45717, 0.25215, -5.18101, -0.94181, 0.58031, 2.03611, 2.20226, 8.45717, 0.25215, -4.57351, 0.51737, 0.59863
3.36206, 2.16456, 8.45088, 0.25611, -5.65206, -0.94209, 0.59350, 1.72327, 2.16456, 8.45088, 0.25611, -4.71242, 0.25870, 0.59739
3.36873, 2.12686, 8.44146, 0.25998, -5.65206, -1.41307, 0.58031, 1.27099, 2.12686, 8.44146, 0.25998, -4.85254, 0.01157, 0.59544
3.37540, 2.08602, 8.42889, 0.26385, -6.12303, -1.88390, 0.58031, 0.78736, 2.08602, 8.42889, 0.26385, -5.01678, -0.25324, 0.59381
3.38207, 2.04518, 8.41633, 0.26781, -6.12303, -1.88404, 0.59350, 0.26080, 2.04518, 8.41633, 0.26781, -5.16957, -0.52700, 0.59168
3.38874, 2.00434, 8.40062, 0.27168, -6.12307, -2.35502, 0.58031, -0.32995, 2.00434, 8.40062, 0.27168, -5.31659, -0.80513, 0.58995
3.39541, 1.96035, 8.38177, 0.27555, -6.59403, -2.82614, 0.58031, -0.95561, 1.96035, 8.38177, 0.27555, -5.48433, -1.08554, 0.58843
3.40208, 1.91637, 8.36292, 0.27933, -6.59404, -2.82599, 0.58031, -1.65735, 1.91637, 8.36292, 0.27933, -5.66237, -1.36701, 0.58635
3.40875, 1.86925, 8.34407, 0.28329, -7.06505, -2.82599, 0.58031, -2.34527, 1.86925, 8.34407, 0.28329, -5.84562, -1.62553, 0.58531
3.41542, 1.82212, 8.31894, 0.28699, -7.06505, -3.76794, 0.55393, -3.11545, 1.82212, 8.31894, 0.28699, -6.03142, -1.89604, 0.58281
3.42209, 1.77500, 8.29381, 0.29077, -7.06505, -3.76809, 0.56712, -3.84043, 1.77500, 8.29381, 0.29077, -6.21855, -2.17265, 0.58090
3.42876, 1.72473, 8.26867, 0.29446, -7.53605, -3.76809, 0.56712, -4.52035, 1.72473, 8.26867, 0.29446, -6.40628, -2.45221, 0.57797
3.43543, 1.67447, 8.24040, 0.29825, -7.53606, -4.23906, 0.55393, -5.15468, 1.67447, 8.24040, 0.29825, -6.59438, -2.73333, 0.57584
3.44210, 1.62106, 8.20898, 0.30185, -8.00706, -4.70989, 0.54074, -5.70951, 1.62106, 8.20898, 0.30185, -6.78260, -3.01515, 0.57280
3.44877, 1.56765, 8.17443, 0.30555, -8.00708, -5.18101, 0.55393, -6.16486, 1.56765, 8.17443, 0.30555, -6.97094, -3.32096, 0.56930
3.45544, 1.51425, 8.13987, 0.30916, -8.00704, -5.18115, 0.54074, -6.44668, 1.51425, 8.13987, 0.30916, -7.15928, -3.61513, 0.56558
3.46211, 1.45770, 8.10531, 0.31285, -8.47807, -5.65199, 0.55393, -6.53458, 1.45770, 8.10531, 0.31285, -7.34768, -3.87999, 0.56239
3.46878, 1.39801, 8.06447, 0.31646, -8.94904, -5.65213, 0.54074, -6.42760, 1.39801, 8.06447, 0.31646, -7.55960, -4.17723, 0.55948
3.47545, 1.34146, 8.02363, 0.32006, -8.94908, -6.12282, 0.54074, -6.01845, 1.34146, 8.02363, 0.32006, -7.73623, -4.49074, 0.55539
3.48212, 1.27863, 7.97965, 0.32367, -8.94908, -6.59429, 0.54074, -5.36077, 1.27863, 7.97965, 0.32367, -7.94226, -4.78877, 0.55268
3.48879, 1.21894, 7.93566, 0.32728, -8.94906, -6.59394, 0.54074, -4.29237, 1.21894, 7.93566, 0.32728, -8.13950, -5.07912, 0.55001
3.49546, 1.15611, 7.88540, 0.33097, -9.89106, -7.53603, 0.55393, -2.91304, 1.15611, 7.88540, 0.33097, -8.33230, -5.41263, 0.54868
3.50213, 1.09013, 7.88540, 0.33458, -9.42007, 0.00000, 0.54074, -1.15357, 1.09013, 7.88540, 0.33458, -8.54648, -5.36737, 0.54669
3.50880, 1.02416, 7.91053, 0.33819, -9.89106, 3.76794, 0.54074, 1.26947, 1.02416, 7.91053, 0.33819, -8.74775, -4.92098, 0.54569
3.51547, 0.95819, 7.93252, 0.34188, -9.89107, 3.29711, 0.55393, 3.94846, 0.95819, 7.93252, 0.34188, -8.94261, -4.27375, 0.54520
3.52214, 0.88907, 7.95451, 0.34566, -10.36207, 3.29697, 0.58031, 6.86237, 0.88907, 7.95451, 0.34566, -9.15775, -3.52635, 0.54627
3.52881, 0.81996, 7.97336, 0.34953, -10.36207, 2.82606, 0.56712, 10.36156, 0.81996, 7.97336, 0.34953, -9.35955, -2.75218, 0.54812
3.53548, 0.75084, 7.98907, 0.35358, -10.36208, 2.35495, 0.60669, 14.10431, 0.75084, 7.98907, 0.35358, -9.53109, -1.94132, 0.55235
3.54215, 0.67858, 8.00164, 0.35763, -10.83308, 1.88411, 0.60669, 17.80763, 0.67858, 8.00164, 0.35763, -9.73464, -1.13542, 0.55776
3.54882, 0.60633, 8.01420, 0.36185, -10.83308, 1.88404, 0.63307, 22.20558, 0.60633, 8.01420, 0.36185, -9.90704, -0.30869, 0.56508
3.55549, 0.53093, 8.02363, 0.36616, -11.30408, 1.88390, 0.64626, 23.74739, 0.53093, 8.02363, 0.36616, -10.11103, 0.50515, 0.57401
3.56216, 0.45867, 8.03305, 0.37065, -11.30408, 0.94195, 0.67263, 23.26229, 0.45867, 8.03305, 0.37065, -10.28365, 1.35938, 0.58441
3.56883, 0.38013, 8.04248, 0.37487, -11.30409, 1.41307, 0.63307, 22.85486, 0.38013, 8.04248, 0.37487, -10.46419, 1.85717, 0.59423
3.57550, 0.30473, 8.04562, 0.37944, -11.30408, 0.47097, 0.68582, 22.39706, 0.30473, 8.04562, 0.37944, -10.62509, 1.94126, 0.60639
3.58217, 0.22934, 8.04876, 0.38375, -11.30408, 0.47112, 0.64626, 21.79842, 0.22934, 8.04876, 0.38375, -10.77621, 1.84197, 0.61709
3.58884, 0.15080, 8.04876, 0.38806, -11.77509, 0.00000, 0.64626, 21.16250, 0.15080, 8.04876, 0.38806, -10.92241, 1.62752, 0.62640
3.59550, 0.07540, 8.04562, 0.39229, -11.30408, -0.47112, 0.63307, 20.47517, 0.07540, 8.04562, 0.39229, -11.04261, 1.35539, 0.63369
3.60218, 0.00314, 8.04248, 0.39554, -10.83308, -0.47097, 0.47480, 19.80331, 0.00314, 8.04248, 0.39554, -11.12626, 1.07807, 0.63140
3.60884, -0.06597, 8.03305, 0.39633, -10.36207, -1.41307, 0.11870, 19.30032, -0.06597, 8.03305, 0.39633, -11.14453, 0.77450, 0.60585
3.61552, -0.12566, 8.02049, 0.39484, -8.94906, -1.88404, -0.22421, 19.19382, -0.12566, 8.02049, 0.39484, -11.05949, 0.43437, 0.55022
3.62218, -0.18535, 8.00478, 0.39281, -8.94907, -2.35502, -0.30334, 19.66086, -0.18535, 8.00478, 0.39281, -10.89919, 0.07584, 0.47491
3.62886, -0.24190, 7.98593, 0.39097, -8.47806, -2.82585, -0.27697, 20.47372, -0.24190, 7.98593, 0.39097, -10.70132, -0.31529, 0.38980
3.63552, -0.29845, 7.96708, 0.38965, -8.47806, -2.82606, -0.19783, 21.51126, -0.29845, 7.96708, 0.38965, -10.43748, -0.72287, 0.30568
3.64220, -0.35500, 7.94195, 0.38877, -8.47806, -3.76801, -0.13189, 22.59712, -0.35500, 7.94195, 0.38877, -10.16430, -1.13855, 0.22275
3.64886, -0.41155, 7.91367, 0.38798, -8.47807, -4.23906, -0.11870, 23.71278, -0.41155, 7.91367, 0.38798, -9.88637, -1.58197, 0.14302
3.65554, -0.46496, 7.88854, 0.38727, -8.00705, -3.76801, -0.10551, 24.83839, -0.46496, 7.88854, 0.38727, -9.55906, -1.99203, 0.06558
3.66221, -0.52150, 7.88540, 0.38631, -8.00705, -0.47097, -0.14508, 26.03329, -0.52150, 7.88540, 0.38631, -9.25406, -2.19705, -0.01206
3.66888, -0.57491, 7.89482, 0.38525, -8.00706, 1.41300, -0.15827, 25.44473, -0.57491, 7.89482, 0.38525, -8.96031, -2.20539, -0.08318
3.67554, -0.62832, 7.90739, 0.38384, -8.00706, 1.88397, -0.21102, 21.95405, -0.62832, 7.90739, 0.38384, -8.69564, -2.04465, -0.13523
3.68222, -0.68173, 7.91681, 0.38208, -8.00706, 1.41300, -0.26378, 18.81858, -0.68173, 7.91681, 0.38208, -8.51622, -1.79949, -0.16324
3.68888, -0.73199, 7.92624, 0.38032, -7.53606, 1.41307, -0.26378, 16.20395, -0.73199, 7.92624, 0.38032, -8.35584, -1.48844, -0.17526
3.69556, -0.78226, 7.93252, 0.37848, -7.53606, 0.94202, -0.27697, 13.71854, -0.78226, 7.93252, 0.37848, -8.22856, -1.14458, -0.18127
3.70222, -0.83566, 7.93566, 0.37672, -8.00705, 0.47097, -0.26378, 11.47939, -0.83566, 7.93566, 0.37672, -8.14137, -0.80775, -0.18757
3.70890, -0.88279, 7.93880, 0.37496, -7.06505, 0.47090, -0.26378, 9.48339, -0.88279, 7.93880, 0.37496, -8.02714, -0.42745, -0.19732
3.71556, -0.93305, 7.93880, 0.37329, -7.53606, 0.00000, -0.25059, 7.69638, -0.93305, 7.93880, 0.37329, -7.92291, -0.02529, -0.20879
3.72224, -0.98018, 7.93880, 0.37161, -7.06505, 0.00000, -0.25059, 6.01981, -0.98018, 7.93880, 0.37161, -7.82371, 0.36414, -0.22177
3.72890, -1.02730, 7.93252, 0.37003, -7.06504, -0.94188, -0.23740, 4.61317, -1.02730, 7.93252, 0.37003, -7.70344, 0.53530, -0.23288
