31.25910, 0.00314, -0.00628, -0.00516, 0.00000, 0.00000, 0.00000, 0.00000, 0.00314, -0.00627, -0.00516, 0.00057, -0.00194, -0.00000 
31.26578, 0.00314, -0.00628, -0.00490, 0.00000, 0.00000, 0.03957, 24.24407, 0.00288, -0.00667, -0.00501, 0.07721, 0.11692, 0.03236 
31.27244, 0.00314, -0.00628, -0.00454, 0.00000, 0.00000, 0.05276, 24.07612, 0.00264, -0.00703, -0.00473, 0.14838, 0.22725, 0.05595 
31.27912, 0.00628, -0.00314, -0.00410, 0.47101, 0.47101, 0.06594, 23.77395, 0.00547, -0.00433, -0.00435, 0.24372, 0.35793, 0.07357 
31.28578, 0.00628, 0.00000, -0.00349, 0.00000, 0.47101, 0.09232, 26.68571, 0.00523, -0.00165, -0.00381, 0.31295, 0.49572, 0.09668 
31.29246, 0.00942, 0.00314, -0.00296, 0.47094, 0.47101, 0.07913, 14.04162, 0.00819, 0.00126, -0.00328, 0.36780, 0.56262, 0.09552 
31.29912, 0.01257, 0.00628, -0.00217, 0.47101, 0.47101, 0.11870, 15.38996, 0.01115, 0.00417, -0.00255, 0.42409, 0.63295, 0.11516 
31.30580, 0.01571, 0.00942, -0.00138, 0.47101, 0.47094, 0.11870, 20.01674, 0.01407, 0.00701, -0.00181, 0.49183, 0.72281, 0.12744 
31.31246, 0.01571, 0.01571, -0.00023, 0.00000, 0.94202, 0.17145, 26.28833, 0.01389, 0.01281, -0.00078, 0.54574, 0.86825, 0.16390 
31.31914, 0.02199, 0.01885, 0.00029, 0.94202, 0.47101, 0.07913, -3.30294, 0.02011, 0.01608, -0.00011, 0.56288, 0.82981, 0.11918 
31.32580, 0.02513, 0.02513, 0.00170, 0.47101, 0.94202, 0.21102, 15.00751, 0.02309, 0.02207, 0.00112, 0.60789, 0.91512, 0.17331 
31.33248, 0.02827, 0.03142, 0.00276, 0.47101, 0.94199, 0.15827, 7.60732, 0.02617, 0.02820, 0.00219, 0.62744, 0.96021, 0.17019 
31.33914, 0.03142, 0.03770, 0.00372, 0.47097, 0.94202, 0.14508, -4.02965, 0.02938, 0.03453, 0.00320, 0.60997, 0.94640, 0.15497 
31.34582, 0.03456, 0.04398, 0.00452, 0.47101, 0.94202, 0.11870, -17.69067, 0.03271, 0.04107, 0.00409, 0.55133, 0.86750, 0.12812 
31.35248, 0.03770, 0.04712, 0.00522, 0.47101, 0.47101, 0.10551, -26.68571, 0.03612, 0.04469, 0.00488, 0.46896, 0.72197, 0.10245 
31.35916, 0.04084, 0.05341, 0.00584, 0.47101, 0.94202, 0.09232, -26.68571, 0.03952, 0.05133, 0.00556, 0.39253, 0.61596, 0.08362 
31.36582, 0.04398, 0.05655, 0.00628, 0.47101, 0.47094, 0.06594, -26.68571, 0.04289, 0.05489, 0.00608, 0.32174, 0.48976, 0.06073 
31.37250, 0.04398, 0.05969, 0.00672, 0.00000, 0.47105, 0.06594, -26.68571, 0.04321, 0.05841, 0.00656, 0.22642, 0.37278, 0.04930 
31.37916, 0.04398, 0.05969, 0.00680, 0.00000, 0.00000, 0.01319, -26.68571, 0.04351, 0.05887, 0.00674, 0.13732, 0.23536, 0.01660 
31.38584, 0.04712, 0.05969, 0.00689, 0.47101, 0.00000, 0.01319, -26.68571, 0.04682, 0.05930, 0.00689, 0.08372, 0.10679, 0.00100 
31.39250, 0.04712, 0.05969, 0.00680, 0.00000, 0.00000, -0.01319, -26.68571, 0.04709, 0.05970, 0.00687, 0.00445, -0.01340, -0.02028 
31.39918, 0.04712, 0.05969, 0.00654, 0.00000, 0.00000, -0.03957, -26.68571, 0.04733, 0.06007, 0.00669, -0.06969, -0.12582, -0.04367 
31.40584, 0.04398, 0.05969, 0.00619, -0.47101, 0.00000, -0.05276, -26.68571, 0.04453, 0.06042, 0.00640, -0.16881, -0.23095, -0.06210 
31.41252, 0.04398, 0.05655, 0.00557, 0.00000, -0.47105, -0.09232, -26.68571, 0.04474, 0.05771, 0.00587, -0.23236, -0.35835, -0.09157 
31.41918, 0.04084, 0.05655, 0.00496, -0.47101, 0.00000, -0.09232, -19.36502, 0.04182, 0.05789, 0.00530, -0.29865, -0.41304, -0.10166 
31.42586, 0.04084, 0.05341, 0.00390, 0.00000, -0.47094, -0.15827, -26.68571, 0.04201, 0.05514, 0.00438, -0.35447, -0.52971, -0.14434 
31.43252, 0.03770, 0.05027, 0.00302, -0.47101, -0.47108, -0.14508, -20.73614, 0.03908, 0.05227, 0.00352, -0.41780, -0.61019, -0.14901 
31.43920, 0.03456, 0.04712, 0.00161, -0.47101, -0.47094, -0.19783, -24.37306, 0.03618, 0.04944, 0.00225, -0.48910, -0.70470, -0.19303 
31.44586, 0.03142, 0.04084, 0.00029, -0.47101, -0.94202, -0.19783, -21.39603, 0.03323, 0.04351, 0.00098, -0.54708, -0.80823, -0.20671 
31.45254, 0.02827, 0.03770, -0.00085, -0.47097, -0.47101, -0.17145, -7.79714, 0.03012, 0.04038, -0.00021, -0.55944, -0.81041, -0.19284 
31.45920, 0.02199, 0.03142, -0.00270, -0.94202, -0.47101, -0.27696, -20.39598, 0.02412, 0.03442, -0.00188, -0.64083, -0.90517, -0.24584 
31.46588, 0.01885, 0.02513, -0.00437, -0.47101, -0.94199, -0.25059, -26.68571, 0.02120, 0.02854, -0.00350, -0.70825, -1.02732, -0.26219 
31.47254, 0.01571, 0.01885, -0.00622, -0.47101, -0.94202, -0.26378, -26.68571, 0.01828, 0.02265, -0.00527, -0.77200, -1.14353, -0.28387 
31.47922, 0.00942, 0.00942, -0.00789, -0.94202, -1.41303, -0.25059, -6.73281, 0.01208, 0.01336, -0.00699, -0.79950, -1.18398, -0.27062 
31.48588, 0.00314, 0.00314, -0.00973, -0.94195, -0.94195, -0.27696, -0.29604, 0.00583, 0.00701, -0.00882, -0.80629, -1.16377, -0.27335 
31.49256, 0.00000, -0.00314, -0.01158, -0.47101, -0.94202, -0.27697, 2.93941, 0.00258, 0.00063, -0.01067, -0.77404, -1.13085, -0.27377 
31.49922, -0.00628, -0.00942, -0.01334, -0.94202, -0.94202, -0.26378, 8.84052, -0.00376, -0.00584, -0.01246, -0.75579, -1.07270, -0.26410 
31.50590, -0.01257, -0.01571, -0.01510, -0.94202, -0.94199, -0.26378, 2.85201, -0.01004, -0.01220, -0.01422, -0.75891, -1.05028, -0.26247 
31.51256, -0.01571, -0.02513, -0.01712, -0.47097, -1.41303, -0.30334, -4.96636, -0.01318, -0.02146, -0.01617, -0.75779, -1.09924, -0.28531 
31.51924, -0.02199, -0.03142, -0.01853, -0.94202, -0.94195, -0.21102, 14.87205, -0.01957, -0.02800, -0.01773, -0.72497, -1.02038, -0.24047 
31.52590, -0.02513, -0.03770, -0.02029, -0.47101, -0.94202, -0.26378, 11.67534, -0.02287, -0.03447, -0.01947, -0.67585, -0.96455, -0.24602 
31.53258, -0.02827, -0.04084, -0.02170, -0.47101, -0.47108, -0.21102, 26.68571, -0.02631, -0.03812, -0.02098, -0.58350, -0.81063, -0.21460 
31.53924, -0.03142, -0.04712, -0.02311, -0.47094, -0.94199, -0.21102, 25.87783, -0.02974, -0.04476, -0.02244, -0.50037, -0.70072, -0.19933 
31.54592, -0.03456, -0.05027, -0.02434, -0.47108, -0.47097, -0.18464, 26.68571, -0.03315, -0.04835, -0.02375, -0.42068, -0.56702, -0.17778 
31.55259, -0.03770, -0.05341, -0.02539, -0.47094, -0.47105, -0.15827, 24.23763, -0.03650, -0.05186, -0.02487, -0.35448, -0.45509, -0.15483 
31.55926, -0.04084, -0.05341, -0.02627, -0.47108, 0.00000, -0.13189, 23.72190, -0.03984, -0.05230, -0.02583, -0.29486, -0.32501, -0.13089 
31.56593, -0.04084, -0.05655, -0.02750, 0.00000, -0.47097, -0.18464, -1.52523, -0.03986, -0.05533, -0.02697, -0.28917, -0.35809, -0.15858 
31.57260, -0.04398, -0.05655, -0.02803, -0.47094, 0.00000, -0.07913, 13.31270, -0.04307, -0.05556, -0.02766, -0.26709, -0.28713, -0.11205 
31.57927, -0.04398, -0.05969, -0.02891, 0.00000, -0.47097, -0.13189, 3.06841, -0.04313, -0.05865, -0.02851, -0.24943, -0.30083, -0.12049 
31.58594, -0.04712, -0.05969, -0.02953, -0.47105, 0.00000, -0.09232, 5.00190, -0.04625, -0.05874, -0.02918, -0.25666, -0.27598, -0.10418 
31.59261, -0.04712, -0.06283, -0.03058, 0.00000, -0.47101, -0.15827, -11.42665, -0.04615, -0.06158, -0.03012, -0.28582, -0.36360, -0.13700 
31.59928, -0.05027, -0.06283, -0.03111, -0.47097, 0.00000, -0.07913, -4.20757, -0.04918, -0.06152, -0.03074, -0.32036, -0.38158, -0.11058 
31.60595, -0.05027, -0.06597, -0.03234, 0.00000, -0.47101, -0.18464, -21.86524, -0.04899, -0.06422, -0.03181, -0.37883, -0.51538, -0.15925 
31.61262, -0.05341, -0.06912, -0.03296, -0.47105, -0.47101, -0.09232, -14.94032, -0.05192, -0.06706, -0.03251, -0.44157, -0.60712, -0.13415 
31.61929, -0.05655, -0.07226, -0.03410, -0.47097, -0.47101, -0.17145, -16.89517, -0.05484, -0.06988, -0.03356, -0.50705, -0.70361, -0.16165 
31.62596, -0.05969, -0.07540, -0.03507, -0.47097, -0.47101, -0.14508, -18.41343, -0.05776, -0.07268, -0.03452, -0.57372, -0.80245, -0.16346 
31.63263, -0.06283, -0.08168, -0.03613, -0.47101, -0.94202, -0.15827, -11.62110, -0.06076, -0.07867, -0.03557, -0.61539, -0.89113, -0.16751 
31.63930, -0.06597, -0.08482, -0.03718, -0.47101, -0.47094, -0.15827, -5.16039, -0.06383, -0.08172, -0.03663, -0.63480, -0.91496, -0.16537 
31.64597, -0.06912, -0.09111, -0.03824, -0.47101, -0.94202, -0.15827, 2.08808, -0.06699, -0.08796, -0.03770, -0.63092, -0.93128, -0.16120 
31.65264, -0.07540, -0.09739, -0.03920, -0.94202, -0.94202, -0.14508, 8.98399, -0.07325, -0.09429, -0.03871, -0.63599, -0.91414, -0.14797 
31.65931, -0.07854, -0.10053, -0.04026, -0.47094, -0.47101, -0.15827, 11.27314, -0.07649, -0.09761, -0.03977, -0.60512, -0.85981, -0.14766 
31.66598, -0.08168, -0.10681, -0.04132, -0.47108, -0.94199, -0.15827, 0.53054, -0.07962, -0.10378, -0.04081, -0.61059, -0.89251, -0.15322 
31.67265, -0.08482, -0.10996, -0.04202, -0.47094, -0.47101, -0.10551, 18.66126, -0.08292, -0.10721, -0.04162, -0.55951, -0.80597, -0.11938 
31.67932, -0.08796, -0.11624, -0.04290, -0.47105, -0.94202, -0.13189, 11.08831, -0.08614, -0.11353, -0.04250, -0.53612, -0.79266, -0.12000 
31.68599, -0.09111, -0.11938, -0.04352, -0.47097, -0.47101, -0.09232, 22.54382, -0.08948, -0.11699, -0.04320, -0.47908, -0.69623, -0.09474 
31.69266, -0.09425, -0.12252, -0.04404, -0.47101, -0.47101, -0.07913, 23.54600, -0.09281, -0.12044, -0.04379, -0.42315, -0.60207, -0.07410 
31.69933, -0.09739, -0.12566, -0.04448, -0.47101, -0.47101, -0.06594, 23.16562, -0.09611, -0.12387, -0.04429, -0.37267, -0.51693, -0.05799 
31.70600, -0.09739, -0.12881, -0.04483, 0.00000, -0.47101, -0.05276, 13.88575, -0.09627, -0.12712, -0.04467, -0.32548, -0.48465, -0.04813 
31.71267, -0.10053, -0.13195, -0.04483, -0.47101, -0.47101, 0.00000, 26.68571, -0.09959, -0.13057, -0.04480, -0.27094, -0.39161, -0.01016 
31.71934, -0.10053, -0.13195, -0.04483, 0.00000, 0.00000, 0.00000, 22.72995, -0.09982, -0.13089, -0.04485, -0.20326, -0.29635, 0.00670 
31.72601, -0.10053, -0.13509, -0.04466, 0.00000, -0.47094, 0.02638, 26.68571, -0.10007, -0.13429, -0.04476, -0.12751, -0.21655, 0.02998 
31.73268, -0.10367, -0.13509, -0.04431, -0.47101, 0.00000, 0.05276, 26.68571, -0.10334, -0.13463, -0.04449, -0.08646, -0.11388, 0.05511 
31.73935, -0.10367, -0.13509, -0.04387, 0.00000, 0.00000, 0.06594, 26.68571, -0.10357, -0.13495, -0.04412, -0.01894, -0.01791, 0.07441 
31.74602, -0.10367, -0.13509, -0.04316, 0.00000, 0.00000, 0.10551, 26.68571, -0.10378, -0.13525, -0.04351, 0.04423, 0.07186, 0.10430 
31.75269, -0.10367, -0.13509, -0.04246, 0.00000, 0.00000, 0.10551, 20.84479, -0.10392, -0.13543, -0.04284, 0.08498, 0.12674, 0.11539 
31.75936, -0.10053, -0.13195, -0.04149, 0.47101, 0.47094, 0.14508, 20.72293, -0.10100, -0.13256, -0.04196, 0.15244, 0.20644, 0.14111 
31.76603, -0.10053, -0.13195, -0.04035, 0.00000, 0.00000, 0.17145, 26.68571, -0.10118, -0.13282, -0.04092, 0.20520, 0.28275, 0.16989 
31.77270, -0.10053, -0.12881, -0.03903, 0.00000, 0.47101, 0.19783, 26.68571, -0.10134, -0.13001, -0.03969, 0.25451, 0.38312, 0.19777 
31.77937, -0.09739, -0.12566, -0.03780, 0.47101, 0.47101, 0.18464, 13.07667, -0.09831, -0.12695, -0.03846, 0.28770, 0.41032, 0.19773 
31.78604, -0.09425, -0.12252, -0.03639, 0.47101, 0.47101, 0.21102, 14.13006, -0.09529, -0.12392, -0.03710, 0.32271, 0.44195, 0.21178 
31.79271, -0.09425, -0.12252, -0.03481, 0.00000, 0.00000, 0.23740, 18.23229, -0.09535, -0.12399, -0.03559, 0.33927, 0.46403, 0.23374 
31.79938, -0.09111, -0.11624, -0.03322, 0.47101, 0.94202, 0.23740, 10.67936, -0.09228, -0.11785, -0.03402, 0.36074, 0.50504, 0.24145 
31.80605, -0.08796, -0.11310, -0.03155, 0.47097, 0.47101, 0.25059, 7.44205, -0.08917, -0.11470, -0.03238, 0.37147, 0.50033, 0.24959 
31.81272, -0.08796, -0.10996, -0.02979, 0.00000, 0.47101, 0.26378, 13.28818, -0.08916, -0.11165, -0.03067, 0.37066, 0.52609, 0.26353 
31.81939, -0.08482, -0.10681, -0.02812, 0.47105, 0.47101, 0.25059, -0.77748, -0.08597, -0.10835, -0.02897, 0.35553, 0.48123, 0.25628 
31.82606, -0.08168, -0.10367, -0.02636, 0.47094, 0.47097, 0.26378, 0.44735, -0.08280, -0.10510, -0.02723, 0.34588, 0.44631, 0.26006 
31.83273, -0.07854, -0.10367, -0.02451, 0.47108, 0.00000, 0.27696, 1.17583, -0.07964, -0.10491, -0.02541, 0.33983, 0.38931, 0.26910 
31.83940, -0.07854, -0.10053, -0.02223, 0.00000, 0.47101, 0.34291, 21.21427, -0.07974, -0.10202, -0.02328, 0.36790, 0.46482, 0.31651 
31.84607, -0.07540, -0.09739, -0.02020, 0.47094, 0.47101, 0.30334, 18.59209, -0.07676, -0.09908, -0.02127, 0.41571, 0.52337, 0.32006 
31.85274, -0.07226, -0.09111, -0.01800, 0.47101, 0.94202, 0.32972, 21.82174, -0.07380, -0.09314, -0.01912, 0.47119, 0.62425, 0.33631 
31.85941, -0.06912, -0.08796, -0.01589, 0.47101, 0.47097, 0.32972, 7.85186, -0.07069, -0.08998, -0.01699, 0.47995, 0.62219, 0.33027 
31.86608, -0.06597, -0.08482, -0.01343, 0.47101, 0.47105, 0.35610, 8.74511, -0.06758, -0.08685, -0.01461, 0.49170, 0.62566, 0.35398 
31.87275, -0.06283, -0.08168, -0.01088, 0.47101, 0.47094, 0.38248, 17.34447, -0.06457, -0.08387, -0.01214, 0.53024, 0.67275, 0.37716 
31.87942, -0.05969, -0.07540, -0.00833, 0.47101, 0.94202, 0.38248, 21.69789, -0.06160, -0.07792, -0.00963, 0.58058, 0.76851, 0.39106 
31.88609, -0.05655, -0.07226, -0.00569, 0.47097, 0.47101, 0.39566, 20.20770, -0.05861, -0.07496, -0.00704, 0.62370, 0.82370, 0.40397 
31.89276, -0.05341, -0.06597, -0.00287, 0.47097, 0.94202, 0.42204, 23.24874, -0.05564, -0.06900, -0.00429, 0.67420, 0.92059, 0.42555 
31.89943, -0.05027, -0.05969, -0.00023, 0.47105, 0.94202, 0.39567, 9.01388, -0.05251, -0.06279, -0.00161, 0.67744, 0.94231, 0.41529 
31.90610, -0.04398, -0.05341, 0.00214, 0.94202, 0.94195, 0.35610, -17.99663, -0.04605, -0.05614, 0.00089, 0.62621, 0.83015, 0.37558 
31.91277, -0.04084, -0.05027, 0.00487, 0.47094, 0.47105, 0.40885, -10.18003, -0.04274, -0.05270, 0.00358, 0.57433, 0.73726, 0.38690 
31.91944, -0.03770, -0.04398, 0.00751, 0.47108, 0.94202, 0.39566, -6.75997, -0.03948, -0.04628, 0.00622, 0.53714, 0.69752, 0.38764 
31.92611, -0.03456, -0.04084, 0.00988, 0.47094, 0.47094, 0.35610, -12.31844, -0.03617, -0.04283, 0.00866, 0.48562, 0.60564, 0.36482 
31.93278, -0.03142, -0.03770, 0.01226, 0.47108, 0.47108, 0.35610, -10.88095, -0.03288, -0.03944, 0.01108, 0.44260, 0.52788, 0.35494 
31.93945, -0.02827, -0.03456, 0.01454, 0.47094, 0.47094, 0.34291, -9.53199, -0.02962, -0.03608, 0.01340, 0.40733, 0.46290, 0.34322 
31.94612, -0.02827, -0.03456, 0.01692, 0.00000, 0.00000, 0.35610, -8.12281, -0.02942, -0.03581, 0.01577, 0.34960, 0.38121, 0.34563 
31.95279, -0.02513, -0.03142, 0.01938, 0.47101, 0.47108, 0.36929, -3.70494, -0.02625, -0.03259, 0.01820, 0.33919, 0.35576, 0.35517 
31.95946, -0.02513, -0.02827, 0.02167, 0.00000, 0.47094, 0.34291, -0.19101, -0.02616, -0.02942, 0.02051, 0.31138, 0.35061, 0.34907 
31.96613, -0.02199, -0.02827, 0.02369, 0.47101, 0.00000, 0.30334, -10.19388, -0.02293, -0.02915, 0.02262, 0.28378, 0.26787, 0.32046 
31.97280, -0.02199, -0.02827, 0.02633, 0.00000, 0.00000, 0.39567, 13.97181, -0.02300, -0.02929, 0.02511, 0.30469, 0.31086, 0.36550 
31.97947, -0.02199, -0.02513, 0.02853, 0.00000, 0.47101, 0.32972, 13.77311, -0.02306, -0.02638, 0.02735, 0.32359, 0.37907, 0.35490 
31.98614, -0.01885, -0.02513, 0.03056, 0.47101, 0.00000, 0.30334, -5.55138, -0.01988, -0.02618, 0.02947, 0.31042, 0.31865, 0.32660 
31.99281, -0.01885, -0.02199, 0.03311, 0.00000, 0.47101, 0.38248, 13.96113, -0.01994, -0.02327, 0.03190, 0.33020, 0.38833, 0.36181 
31.99948, -0.01571, -0.02199, 0.03513, 0.47101, 0.00000, 0.30334, -0.37756, -0.01682, -0.02316, 0.03402, 0.33350, 0.35410, 0.33206 
32.00615, -0.01571, -0.01885, 0.03759, 0.00000, 0.47101, 0.36929, 13.37236, -0.01687, -0.02024, 0.03640, 0.35059, 0.41960, 0.35749 
32.01282, -0.01257, -0.01885, 0.03962, 0.47097, 0.00000, 0.30334, -3.84372, -0.01371, -0.02006, 0.03852, 0.34235, 0.36713, 0.32882 
32.01949, -0.01257, -0.01571, 0.04217, 0.00000, 0.47101, 0.38248, 12.27924, -0.01375, -0.01712, 0.04096, 0.35609, 0.42738, 0.36204 
32.02616, -0.00942, -0.01571, 0.04428, 0.47101, 0.00000, 0.31653, -3.70122, -0.01058, -0.01695, 0.04316, 0.34869, 0.37615, 0.33718 
32.03283, -0.00942, -0.01257, 0.04683, 0.00000, 0.47097, 0.38248, 21.04208, -0.01072, -0.01416, 0.04559, 0.39019, 0.48049, 0.37088 
32.03950, -0.00628, -0.01257, 0.04903, 0.47101, 0.00000, 0.32972, 1.00963, -0.00760, -0.01406, 0.04786, 0.39593, 0.45031, 0.35085 
32.04617, -0.00628, -0.00942, 0.05167, 0.00000, 0.47101, 0.39567, 15.77193, -0.00767, -0.01116, 0.05040, 0.41849, 0.52475, 0.38167 
32.05284, -0.00314, -0.00628, 0.05413, 0.47101, 0.47101, 0.36929, 10.81715, -0.00465, -0.00818, 0.05286, 0.45381, 0.57058, 0.38095 
32.05951, 0.00000, -0.00314, 0.05668, 0.47101, 0.47101, 0.38248, 4.97171, -0.00156, -0.00509, 0.05540, 0.46916, 0.58539, 0.38425 
32.06618, 0.00314, 0.00000, 0.05941, 0.47101, 0.47101, 0.40885, 14.53555, 0.00143, -0.00216, 0.05806, 0.51419, 0.64789, 0.40447 
32.07285, 0.00314, 0.00000, 0.06214, 0.00000, 0.00000, 0.40885, 11.35735, 0.00142, -0.00221, 0.06076, 0.51727, 0.66260, 0.41291 
32.07952, 0.00628, 0.00628, 0.06504, 0.47101, 0.94202, 0.43523, 17.02502, 0.00439, 0.00374, 0.06360, 0.56763, 0.76254, 0.43288 
32.08619, 0.00942, 0.00942, 0.06750, 0.47094, 0.47094, 0.38248, -3.27202, 0.00758, 0.00699, 0.06617, 0.55174, 0.72801, 0.39910 
32.09286, 0.01257, 0.01257, 0.07032, 0.47101, 0.47101, 0.40885, 2.92354, 0.01071, 0.01014, 0.06894, 0.55707, 0.72768, 0.41251 
32.09953, 0.01571, 0.01571, 0.07296, 0.47101, 0.47101, 0.39567, -1.94464, 0.01388, 0.01336, 0.07162, 0.54734, 0.70409, 0.40313 
32.10620, 0.01885, 0.01885, 0.07577, 0.47101, 0.47101, 0.42204, 8.05912, 0.01694, 0.01640, 0.07438, 0.57029, 0.73287, 0.41652 
32.11287, 0.01885, 0.02199, 0.07850, 0.00000, 0.47101, 0.40885, 5.15099, 0.01700, 0.01949, 0.07711, 0.55352, 0.74637, 0.41567 
32.11954, 0.02199, 0.02513, 0.08105, 0.47101, 0.47101, 0.38248, -4.62849, 0.02019, 0.02275, 0.07973, 0.53693, 0.71128, 0.39656 
32.12621, 0.02513, 0.02827, 0.08369, 0.47101, 0.47101, 0.39567, -4.57161, 0.02338, 0.02599, 0.08238, 0.52223, 0.67979, 0.39380 
32.13288, 0.02827, 0.03456, 0.08633, 0.47101, 0.94199, 0.39566, -4.02644, 0.02656, 0.03227, 0.08502, 0.51082, 0.68316, 0.39271 
32.13955, 0.03142, 0.03456, 0.08853, 0.47097, 0.47101, 0.32972, -18.82295, 0.02989, 0.03269, 0.08736, 0.45454, 0.55661, 0.35134 
32.14622, 0.03142, 0.03770, 0.09134, 0.00000, 0.00000, 0.42204, -2.02719, 0.02999, 0.03584, 0.09005, 0.42536, 0.55092, 0.38532 
32.15289, 0.03456, 0.04084, 0.09363, 0.47101, 0.47101, 0.34291, -9.47501, 0.03320, 0.03912, 0.09243, 0.40447, 0.50949, 0.35936 
32.15956, 0.03456, 0.04398, 0.09592, 0.00000, 0.47101, 0.35610, -8.08177, 0.03335, 0.04236, 0.09476, 0.36019, 0.47874, 0.34713 
32.16623, 0.03770, 0.04398, 0.09794, 0.47101, 0.00000, 0.29015, -26.68571, 0.03672, 0.04286, 0.09690, 0.29019, 0.32932, 0.31091 
32.17290, 0.03770, 0.04398, 0.10023, 0.00000, 0.00000, 0.34291, -15.78560, 0.03692, 0.04314, 0.09917, 0.22980, 0.24390, 0.31884 
32.17957, 0.03770, 0.04712, 0.10207, 0.00000, 0.47101, 0.27696, -18.02894, 0.03713, 0.04649, 0.10111, 0.16624, 0.18183, 0.28787 
32.18624, 0.03770, 0.04712, 0.10375, 0.00000, 0.00000, 0.25059, -26.24625, 0.03742, 0.04691, 0.10290, 0.08104, 0.05486, 0.25603 
32.19291, 0.03770, 0.04398, 0.10542, 0.00000, -0.47101, 0.25059, -26.68571, 0.03769, 0.04427, 0.10462, -0.00000, -0.09509, 0.23914 
32.19958, 0.03770, 0.04398, 0.10700, 0.00000, 0.00000, 0.23740, -19.30000, 0.03786, 0.04452, 0.10624, -0.05268, -0.17058, 0.22787 
32.20625, 0.03770, 0.04084, 0.10841, 0.00000, -0.47101, 0.21102, -12.91290, 0.03796, 0.04161, 0.10770, -0.08189, -0.23840, 0.21288 
32.21292, 0.03456, 0.03770, 0.10973, -0.47101, -0.47101, 0.19783, -5.50488, 0.03493, 0.03856, 0.10905, -0.11573, -0.26592, 0.20257 
32.21959, 0.03456, 0.03456, 0.11105, 0.00000, -0.47101, 0.19783, -1.70089, 0.03490, 0.03545, 0.11038, -0.10635, -0.27379, 0.19943 
32.22626, 0.03142, 0.03142, 0.11263, -0.47101, -0.47101, 0.23740, 13.24990, 0.03168, 0.03209, 0.11188, -0.08042, -0.20769, 0.22529 
32.23293, 0.03142, 0.03142, 0.11413, 0.00000, 0.00000, 0.22421, 20.34272, 0.03142, 0.03168, 0.11334, -0.00483, -0.08262, 0.23597 
32.23960, 0.03142, 0.02827, 0.11562, 0.00000, -0.47097, 0.22421, 12.88392, 0.03127, 0.02836, 0.11483, 0.04249, -0.03186, 0.23659 
32.24627, 0.02827, 0.02827, 0.11738, -0.47097, 0.00000, 0.26378, 25.28195, 0.02794, 0.02790, 0.11650, 0.09577, 0.10547, 0.26373 
32.25294, 0.02827, 0.02827, 0.11905, 0.00000, 0.00000, 0.25059, 15.04079, 0.02778, 0.02764, 0.11817, 0.14268, 0.18286, 0.26510 
32.25961, 0.03142, 0.02827, 0.12081, 0.47097, 0.00000, 0.26378, 14.30663, 0.03070, 0.02742, 0.11990, 0.21411, 0.25157, 0.27215 
32.26628, 0.03142, 0.03142, 0.12292, 0.00000, 0.47097, 0.31654, 26.50126, 0.03044, 0.03005, 0.12189, 0.28995, 0.40571, 0.30839 
32.27295, 0.03142, 0.03142, 0.12477, 0.00000, 0.00000, 0.27696, 12.11736, 0.03036, 0.02990, 0.12377, 0.31580, 0.45019, 0.29937 
32.27962, 0.03456, 0.03456, 0.12653, 0.47101, 0.47101, 0.26378, 0.31851, 0.03344, 0.03300, 0.12559, 0.33267, 0.46202, 0.28185 
32.28629, 0.03456, 0.03770, 0.12864, 0.00000, 0.47101, 0.31654, 3.00998, 0.03346, 0.03605, 0.12764, 0.32780, 0.48755, 0.30078 
32.29296, 0.03770, 0.03770, 0.12996, 0.47101, 0.00000, 0.19783, -20.58915, 0.03676, 0.03646, 0.12916, 0.27898, 0.36592, 0.23847 
32.29963, 0.03770, 0.04084, 0.13216, 0.00000, 0.47101, 0.32972, -3.86998, 0.03683, 0.03960, 0.13122, 0.25664, 0.36445, 0.28220 
32.30630, 0.03770, 0.04084, 0.13357, 0.00000, 0.00000, 0.21102, -16.10591, 0.03703, 0.03990, 0.13277, 0.19738, 0.27416, 0.23833 
32.31297, 0.03770, 0.04084, 0.13498, 0.00000, 0.00000, 0.21103, -26.50076, 0.03732, 0.04036, 0.13428, 0.10933, 0.13795, 0.21088 
32.31964, 0.03770, 0.04084, 0.13647, 0.00000, 0.00000, 0.22421, -19.60644, 0.03752, 0.04067, 0.13578, 0.04860, 0.04487, 0.20682 
32.32631, 0.03770, 0.04084, 0.13779, 0.00000, 0.00000, 0.19783, -16.09042, 0.03768, 0.04090, 0.13714, 0.00283, -0.02469, 0.19391 
32.33298, 0.03770, 0.04084, 0.13893, 0.00000, 0.00000, 0.17146, -26.01253, 0.03792, 0.04128, 0.13837, -0.07114, -0.13915, 0.16870 
32.33965, 0.03770, 0.03770, 0.14008, 0.00000, -0.47101, 0.17145, -22.31448, 0.03812, 0.03853, 0.13955, -0.12868, -0.25681, 0.15881 
32.34632, 0.03456, 0.03456, 0.14131, -0.47101, -0.47101, 0.18465, -4.38619, 0.03507, 0.03547, 0.14074, -0.15602, -0.27857, 0.16939 
32.35299, 0.03456, 0.03456, 0.14219, 0.00000, 0.00000, 0.13188, -7.81999, 0.03509, 0.03550, 0.14170, -0.16329, -0.28809, 0.14659 
32.35966, 0.03142, 0.03142, 0.14324, -0.47101, -0.47101, 0.15827, -0.08670, 0.03199, 0.03236, 0.14273, -0.17555, -0.28747, 0.15206 
32.36633, 0.02827, 0.02827, 0.14395, -0.47097, -0.47097, 0.10551, -13.08819, 0.02902, 0.02943, 0.14354, -0.22858, -0.35274, 0.12238 
32.37300, 0.02827, 0.02513, 0.14456, 0.00000, -0.47101, 0.09232, -15.04998, 0.02911, 0.02653, 0.14423, -0.25514, -0.42454, 0.09900 
32.37967, 0.02513, 0.01885, 0.14536, -0.47101, -0.94202, 0.11870, 0.74893, 0.02599, 0.02031, 0.14499, -0.26015, -0.44301, 0.10995 
32.38634, 0.02199, 0.01571, 0.14624, -0.47101, -0.47101, 0.13189, 15.81547, 0.02271, 0.01689, 0.14581, -0.21825, -0.35832, 0.12941 
32.39301, 0.01885, 0.01257, 0.14694, -0.47101, -0.47101, 0.10551, 15.45503, 0.01945, 0.01350, 0.14652, -0.18084, -0.28193, 0.12543 
32.39968, 0.01885, 0.01257, 0.14773, 0.00000, 0.00000, 0.11870, 11.18544, 0.01928, 0.01324, 0.14730, -0.13018, -0.20380, 0.12792 
32.40635, 0.01571, 0.00942, 0.14852, -0.47101, -0.47101, 0.11870, 9.86902, 0.01609, 0.00997, 0.14809, -0.11665, -0.16634, 0.12846 
32.41302, 0.01571, 0.00628, 0.14914, 0.00000, -0.47094, 0.09233, -3.77371, 0.01610, 0.00694, 0.14878, -0.11771, -0.20020, 0.10873 
32.41969, 0.01257, 0.00628, 0.15019, -0.47101, 0.00000, 0.15826, 9.89484, 0.01292, 0.00673, 0.14973, -0.10561, -0.13579, 0.13837 
32.42636, 0.01257, 0.00314, 0.15072, 0.00000, -0.47101, 0.07914, -7.96017, 0.01297, 0.00378, 0.15037, -0.12117, -0.19350, 0.10470 
32.43303, 0.01257, 0.00000, 0.15178, 0.00000, -0.47101, 0.15826, 7.35475, 0.01286, 0.00057, 0.15133, -0.08769, -0.17224, 0.13575 
32.43970, 0.00942, 0.00000, 0.15310, -0.47101, 0.00000, 0.19784, 26.68571, 0.00950, 0.00009, 0.15250, -0.02559, -0.02808, 0.18102 
32.44637, 0.00942, -0.00314, 0.15406, 0.00000, -0.47101, 0.14507, 8.91768, 0.00940, -0.00310, 0.15350, 0.00597, -0.01076, 0.16722 
32.45304, 0.00942, -0.00314, 0.15530, 0.00000, 0.00000, 0.18465, 13.83968, 0.00925, -0.00333, 0.15469, 0.05089, 0.05793, 0.18392 
32.45971, 0.00942, -0.00314, 0.15670, 0.00000, 0.00000, 0.21102, 16.08119, 0.00908, -0.00358, 0.15601, 0.09994, 0.13335, 0.20545 
32.46638, 0.00942, -0.00314, 0.15811, 0.00000, 0.00000, 0.21102, 20.56256, 0.00888, -0.00389, 0.15738, 0.15990, 0.22621, 0.21934 
32.47305, 0.00942, -0.00314, 0.15969, 0.00000, 0.00000, 0.23740, 22.40720, 0.00868, -0.00421, 0.15889, 0.22177, 0.32225, 0.24002 
32.47972, 0.00942, 0.00000, 0.16137, 0.00000, 0.47101, 0.25059, 26.63413, 0.00844, -0.00154, 0.16050, 0.29288, 0.46212, 0.26008 
32.48639, 0.00942, 0.00314, 0.16277, 0.00000, 0.47101, 0.21102, 4.28305, 0.00845, 0.00153, 0.16198, 0.28927, 0.48268, 0.23726 
32.49306, 0.01257, 0.00314, 0.16409, 0.47101, 0.00000, 0.19784, -7.10628, 0.01163, 0.00175, 0.16338, 0.28005, 0.41718, 0.21380 
32.49973, 0.01257, 0.00628, 0.16568, 0.00000, 0.47101, 0.23740, 3.15399, 0.01165, 0.00482, 0.16492, 0.27438, 0.43606, 0.22778 
32.50640, 0.01257, 0.00942, 0.16664, 0.00000, 0.47094, 0.14508, -20.28325, 0.01191, 0.00829, 0.16606, 0.19553, 0.33804, 0.17509 
32.51307, 0.01571, 0.00942, 0.16779, 0.47101, 0.00000, 0.17145, -26.68571, 0.01527, 0.00879, 0.16726, 0.13149, 0.18645, 0.15960 
32.51974, 0.01571, 0.00942, 0.16893, 0.00000, 0.00000, 0.17146, -21.20862, 0.01551, 0.00917, 0.16842, 0.05965, 0.07199, 0.15403 
32.52641, 0.01571, 0.00942, 0.16990, 0.00000, 0.00000, 0.14507, -20.32005, 0.01572, 0.00952, 0.16944, -0.00476, -0.03065, 0.13897 
32.53308, 0.01257, 0.00628, 0.17078, -0.47101, -0.47094, 0.13189, -19.63310, 0.01287, 0.00678, 0.17036, -0.09258, -0.15220, 0.12506 
32.53975, 0.01257, 0.00628, 0.17157, 0.00000, 0.00000, 0.11870, -24.07107, 0.01310, 0.00714, 0.17121, -0.15959, -0.26006, 0.10900 
32.54642, 0.00942, 0.00314, 0.17219, -0.47101, -0.47101, 0.09233, -25.20701, 0.01027, 0.00446, 0.17190, -0.25566, -0.39557, 0.08762 
32.55309, 0.00628, -0.00314, 0.17271, -0.47094, -0.94202, 0.07913, -22.12536, 0.00740, -0.00135, 0.17247, -0.33638, -0.53702, 0.07107 
32.55976, 0.00314, -0.00628, 0.17351, -0.47101, -0.47101, 0.11870, -0.72088, 0.00429, -0.00449, 0.17319, -0.34541, -0.53580, 0.09515 
32.56643, 0.00000, -0.01257, 0.17377, -0.47101, -0.94202, 0.03957, -9.89001, 0.00128, -0.01053, 0.17356, -0.38326, -0.61044, 0.06181 
32.57310, -0.00314, -0.01571, 0.17439, -0.47101, -0.47097, 0.09232, 5.66191, -0.00190, -0.01378, 0.17412, -0.37056, -0.57578, 0.08039 
32.57977, -0.00628, -0.01885, 0.17491, -0.47101, -0.47101, 0.07913, 13.49379, -0.00516, -0.01716, 0.17462, -0.33475, -0.50541, 0.08632 
32.58644, -0.00628, -0.02513, 0.17527, 0.00000, -0.94202, 0.05276, 1.40677, -0.00524, -0.02335, 0.17503, -0.31006, -0.52982, 0.07087 
32.59311, -0.00942, -0.02827, 0.17615, -0.47101, -0.47101, 0.13189, 26.68571, -0.00863, -0.02692, 0.17576, -0.23746, -0.39978, 0.11555 
32.59978, -0.01257, -0.03142, 0.17685, -0.47101, -0.47094, 0.10551, 26.68571, -0.01200, -0.03047, 0.17644, -0.17028, -0.27927, 0.12438 
32.60645, -0.01257, -0.03456, 0.17755, 0.00000, -0.47108, 0.10551, 26.68571, -0.01230, -0.03398, 0.17712, -0.07826, -0.16754, 0.12877 
32.61312, -0.01571, -0.03456, 0.17843, -0.47097, 0.00000, 0.13189, 26.68571, -0.01563, -0.03442, 0.17795, -0.02198, -0.03499, 0.14446 
32.61979, -0.01571, -0.03456, 0.17949, 0.00000, 0.00000, 0.15826, 26.68571, -0.01590, -0.03484, 0.17894, 0.05978, 0.08893, 0.16580 
32.62646, -0.01571, -0.03456, 0.18072, 0.00000, 0.00000, 0.18465, 25.00224, -0.01614, -0.03519, 0.18009, 0.13099, 0.19646, 0.18831 
32.63313, -0.01571, -0.03456, 0.18213, 0.00000, 0.00000, 0.21102, 25.21910, -0.01636, -0.03553, 0.18142, 0.19827, 0.29811, 0.21318 
32.63980, -0.01257, -0.03456, 0.18353, 0.47097, 0.00000, 0.21102, 20.32441, -0.01348, -0.03577, 0.18279, 0.27561, 0.36880, 0.22226 
32.64647, -0.01257, -0.03142, 0.18529, 0.00000, 0.47108, 0.27697, 26.68571, -0.01369, -0.03305, 0.18443, 0.33875, 0.49566, 0.25717 
32.65314, -0.01257, -0.02827, 0.18723, 0.00000, 0.47094, 0.27697, 26.68571, -0.01389, -0.03030, 0.18627, 0.39785, 0.61541, 0.28812 
32.65981, -0.00942, -0.02513, 0.18890, 0.47101, 0.47101, 0.25058, 3.46955, -0.01078, -0.02716, 0.18800, 0.41013, 0.61272, 0.27102 
32.66648, -0.00628, -0.02513, 0.19075, 0.47101, 0.00000, 0.27697, -0.46882, -0.00764, -0.02699, 0.18984, 0.40985, 0.56264, 0.27389 
32.67315, -0.00628, -0.02199, 0.19304, 0.00000, 0.47101, 0.34291, 20.79303, -0.00777, -0.02414, 0.19197, 0.44717, 0.65071, 0.31961 
32.67982, -0.00314, -0.01885, 0.19479, 0.47101, 0.47101, 0.27697, 2.20872, -0.00465, -0.02098, 0.19382, 0.45353, 0.64153, 0.29210 
32.68649, 0.00000, -0.01257, 0.19699, 0.47101, 0.94199, 0.31653, 13.15288, -0.00165, -0.01495, 0.19593, 0.49444, 0.71747, 0.31792 
32.69316, 0.00314, -0.00942, 0.19902, 0.47101, 0.47101, 0.30335, 6.64422, 0.00143, -0.01184, 0.19797, 0.51300, 0.72923, 0.31463 
32.69983, 0.00314, -0.00628, 0.20130, 0.00000, 0.47101, 0.34291, 11.11632, 0.00142, -0.00882, 0.20019, 0.51529, 0.76347, 0.33411 
32.70650, 0.00628, -0.00314, 0.20324, 0.47101, 0.47101, 0.29015, -3.54307, 0.00461, -0.00555, 0.20220, 0.50120, 0.72349, 0.31058 
32.71317, 0.00942, 0.00000, 0.20509, 0.47094, 0.47101, 0.27697, -14.27632, 0.00790, -0.00211, 0.20413, 0.45499, 0.63370, 0.28637 
32.71984, 0.01257, 0.00314, 0.20711, 0.47101, 0.47101, 0.30334, -7.19071, 0.01112, 0.00119, 0.20614, 0.43474, 0.58601, 0.29079 
32.72651, 0.01257, 0.00628, 0.20922, 0.00000, 0.47101, 0.31654, 8.80301, 0.01111, 0.00420, 0.20819, 0.43682, 0.62211, 0.30826 
32.73318, 0.01571, 0.00942, 0.21098, 0.47101, 0.47094, 0.26378, -3.63985, 0.01427, 0.00743, 0.21003, 0.42948, 0.59489, 0.28413 
32.73985, 0.01885, 0.01257, 0.21265, 0.47101, 0.47101, 0.25058, -12.89481, 0.01753, 0.01082, 0.21178, 0.39422, 0.52449, 0.26042 
32.74652, 0.01885, 0.01571, 0.21459, 0.00000, 0.47101, 0.29016, -4.64826, 0.01765, 0.01403, 0.21368, 0.35801, 0.50067, 0.27320 
32.75319, 0.02199, 0.01885, 0.21608, 0.47101, 0.47101, 0.22421, -20.81571, 0.02097, 0.01751, 0.21529, 0.30318, 0.39887, 0.23727 
32.75986, 0.02199, 0.01885, 0.21784, 0.00000, 0.00000, 0.26378, -15.35199, 0.02118, 0.01783, 0.21703, 0.23997, 0.30292, 0.24247 
32.76653, 0.02199, 0.01885, 0.21943, 0.00000, 0.00000, 0.23740, -16.95328, 0.02140, 0.01816, 0.21866, 0.17582, 0.20519, 0.23147 
32.77320, 0.02199, 0.01885, 0.22092, 0.00000, 0.00000, 0.22421, -9.26540, 0.02152, 0.01833, 0.22018, 0.13993, 0.15206, 0.22255 
32.77987, 0.02199, 0.01885, 0.22242, 0.00000, 0.00000, 0.22421, -9.00710, 0.02162, 0.01849, 0.22169, 0.10718, 0.10365, 0.21899 
32.78654, 0.02199, 0.01885, 0.22365, 0.00000, 0.00000, 0.18465, -12.51364, 0.02176, 0.01870, 0.22300, 0.06553, 0.04091, 0.19510 
32.79321, 0.02199, 0.01885, 0.22488, 0.00000, 0.00000, 0.19783, -17.63438, 0.02195, 0.01898, 0.22428, 0.01050, -0.04327, 0.18044 
32.79988, 0.02199, 0.01571, 0.22611, 0.00000, -0.47101, 0.17145, -11.59815, 0.02206, 0.01610, 0.22552, -0.02199, -0.12096, 0.17632 
32.80655, 0.02199, 0.01571, 0.22734, 0.00000, 0.00000, 0.18465, 3.58232, 0.02200, 0.01600, 0.22673, -0.00480, -0.09006, 0.18232 
32.81322, 0.02199, 0.01571, 0.22831, 0.00000, 0.00000, 0.14508, 3.80050, 0.02194, 0.01590, 0.22776, 0.01197, -0.06006, 0.16593 
32.81989, 0.01885, 0.01257, 0.22963, -0.47101, -0.47101, 0.19783, 12.57520, 0.01876, 0.01262, 0.22900, 0.02547, -0.01728, 0.18865 
32.82656, 0.01885, 0.01257, 0.23069, 0.00000, 0.00000, 0.15827, 8.14535, 0.01867, 0.01247, 0.23010, 0.05327, 0.02860, 0.17814 
32.83323, 0.01885, 0.01257, 0.23192, 0.00000, 0.00000, 0.18464, 6.95913, 0.01859, 0.01234, 0.23130, 0.07555, 0.06562, 0.18501 
32.83990, 0.01885, 0.01257, 0.23315, 0.00000, 0.00000, 0.18465, 6.54288, 0.01853, 0.01224, 0.23252, 0.09508, 0.09817, 0.18822 
32.84657, 0.01885, 0.01257, 0.23429, 0.00000, 0.00000, 0.18464, 6.46354, 0.01847, 0.01214, 0.23368, 0.11311, 0.12822, 0.18303 
32.85324, 0.01885, 0.01257, 0.23561, 0.00000, 0.00000, 0.18464, 6.60859, 0.01841, 0.01204, 0.23496, 0.13042, 0.15706, 0.19401 
32.85991, 0.01885, 0.01257, 0.23684, 0.00000, 0.00000, 0.18465, 6.59569, 0.01835, 0.01195, 0.23620, 0.14658, 0.18396, 0.19274 
32.86658, 0.01885, 0.01257, 0.23816, 0.00000, 0.00000, 0.19783, 6.56370, 0.01830, 0.01187, 0.23750, 0.16159, 0.20897, 0.19884 
32.87325, 0.01885, 0.01257, 0.23940, 0.00000, 0.00000, 0.18465, -1.64408, 0.01834, 0.01192, 0.23876, 0.14987, 0.19150, 0.19154 
32.87992, 0.01885, 0.01257, 0.24063, 0.00000, 0.00000, 0.18464, -5.77348, 0.01842, 0.01205, 0.24001, 0.12595, 0.15460, 0.18494 
32.88659, 0.01885, 0.01257, 0.24186, 0.00000, 0.00000, 0.18465, -8.02190, 0.01852, 0.01220, 0.24126, 0.09651, 0.10889, 0.18045 
32.89326, 0.02199, 0.01257, 0.24300, 0.47101, 0.00000, 0.17145, -5.30916, 0.02162, 0.01230, 0.24242, 0.10724, 0.07960, 0.17290 
32.89993, 0.02199, 0.01257, 0.24441, 0.00000, 0.00000, 0.21102, 16.73871, 0.02146, 0.01202, 0.24374, 0.15736, 0.16204, 0.20108 
32.90660, 0.02199, 0.01257, 0.24582, 0.00000, 0.00000, 0.21103, 23.19917, 0.02123, 0.01166, 0.24509, 0.22453, 0.27132, 0.21859 
32.91327, 0.02199, 0.01571, 0.24749, 0.00000, 0.47101, 0.25058, 26.29382, 0.02099, 0.01431, 0.24666, 0.29703, 0.41795, 0.24848 
32.91994, 0.02199, 0.01571, 0.24898, 0.00000, 0.00000, 0.22422, 11.79732, 0.02092, 0.01419, 0.24817, 0.31941, 0.45492, 0.24223 
32.92661, 0.02513, 0.01885, 0.25057, 0.47101, 0.47101, 0.23740, 8.20785, 0.02393, 0.01717, 0.24975, 0.35880, 0.50061, 0.24470 
32.93328, 0.02513, 0.02199, 0.25224, 0.00000, 0.47101, 0.25058, 11.23926, 0.02387, 0.02011, 0.25139, 0.37606, 0.55950, 0.25355 
32.93995, 0.02827, 0.02513, 0.25365, 0.47101, 0.47101, 0.21103, -3.81541, 0.02701, 0.02332, 0.25288, 0.37474, 0.54061, 0.23048 
32.94662, 0.02827, 0.02513, 0.25532, 0.00000, 0.00000, 0.25059, -2.60828, 0.02710, 0.02345, 0.25452, 0.34821, 0.50102, 0.23910 
32.95329, 0.03142, 0.02827, 0.25681, 0.47097, 0.47101, 0.22421, -2.93800, 0.03024, 0.02662, 0.25604, 0.35219, 0.49131, 0.22974 
32.95996, 0.03456, 0.03142, 0.25849, 0.47101, 0.47097, 0.25059, 1.78161, 0.03331, 0.02971, 0.25768, 0.37128, 0.50685, 0.24182 
32.96663, 0.03456, 0.03456, 0.25998, 0.00000, 0.47101, 0.22421, -3.68948, 0.03340, 0.03289, 0.25921, 0.34286, 0.49513, 0.23071 
32.97330, 0.03770, 0.03456, 0.26121, 0.47101, 0.00000, 0.18464, -22.82473, 0.03673, 0.03334, 0.26056, 0.28603, 0.36088, 0.19551 
32.97997, 0.03770, 0.03770, 0.26288, 0.00000, 0.47101, 0.25059, -7.75019, 0.03685, 0.03655, 0.26215, 0.25102, 0.33941, 0.21892 
32.98664, 0.03770, 0.03770, 0.26412, 0.00000, 0.00000, 0.18464, -12.26697, 0.03701, 0.03678, 0.26347, 0.20416, 0.26885, 0.19598 
32.99331, 0.03770, 0.03770, 0.26543, 0.00000, 0.00000, 0.19784, -10.59427, 0.03713, 0.03698, 0.26479, 0.16557, 0.21118, 0.19066 
32.99998, 0.03770, 0.03770, 0.26649, 0.00000, 0.00000, 0.15826, -13.44554, 0.03728, 0.03720, 0.26593, 0.12052, 0.14303, 0.16774 
33.00665, 0.03770, 0.03770, 0.26772, 0.00000, 0.00000, 0.18465, -6.41591, 0.03735, 0.03730, 0.26714, 0.10045, 0.11429, 0.17276 
33.01332, 0.03770, 0.03770, 0.26869, 0.00000, 0.00000, 0.14508, -6.64076, 0.03742, 0.03739, 0.26817, 0.08096, 0.08629, 0.15565 
33.01999, 0.03770, 0.03770, 0.26975, 0.00000, 0.00000, 0.15826, -6.35216, 0.03747, 0.03747, 0.26924, 0.06364, 0.06153, 0.15401 
33.02666, 0.03770, 0.03770, 0.27062, 0.00000, 0.00000, 0.13189, -9.78452, 0.03756, 0.03761, 0.27016, 0.03667, 0.02129, 0.13711 
33.03333, 0.03770, 0.03770, 0.27133, 0.00000, 0.00000, 0.10551, -14.86288, 0.03770, 0.03782, 0.27095, -0.00450, -0.04164, 0.11398 
33.04000, 0.03770, 0.03456, 0.27212, 0.00000, -0.47101, 0.11870, -8.84185, 0.03777, 0.03487, 0.27175, -0.02409, -0.09952, 0.11161 
33.04667, 0.03456, 0.03456, 0.27282, -0.47101, 0.00000, 0.10551, -1.82033, 0.03471, 0.03484, 0.27246, -0.05018, -0.09068, 0.10740 
33.05334, 0.03456, 0.03142, 0.27326, 0.00000, -0.47101, 0.06595, -14.19958, 0.03483, 0.03198, 0.27300, -0.08428, -0.17310, 0.07923 
33.06001, 0.03456, 0.03142, 0.27397, 0.00000, 0.00000, 0.10551, 0.19087, 0.03478, 0.03190, 0.27366, -0.07107, -0.15056, 0.09303 
33.06668, 0.03142, 0.02827, 0.27441, -0.47101, -0.47097, 0.06594, 3.93653, 0.03166, 0.02872, 0.27414, -0.07668, -0.13989, 0.08167 
33.07335, 0.03142, 0.02827, 0.27494, 0.00000, 0.00000, 0.07914, 1.09494, 0.03161, 0.02864, 0.27467, -0.06178, -0.11603, 0.08122 
33.08002, 0.02827, 0.02513, 0.27546, -0.47097, -0.47101, 0.07913, 0.70681, 0.02852, 0.02553, 0.27519, -0.07887, -0.12461, 0.08005 
33.08669, 0.02827, 0.02513, 0.27590, 0.00000, 0.00000, 0.06595, -4.31091, 0.02853, 0.02555, 0.27566, -0.08145, -0.12969, 0.07078 
33.09336, 0.02827, 0.02199, 0.27634, 0.00000, -0.47101, 0.06594, -5.83395, 0.02856, 0.02255, 0.27612, -0.08861, -0.17103, 0.06535 
33.10003, 0.02513, 0.02199, 0.27705, -0.47101, 0.00000, 0.10551, 9.34836, 0.02538, 0.02233, 0.27675, -0.07747, -0.10607, 0.09093 
33.10670, 0.02513, 0.01885, 0.27731, 0.00000, -0.47101, 0.03957, -7.63446, 0.02542, 0.01937, 0.27711, -0.09119, -0.15893, 0.06096 
33.11337, 0.02513, 0.01885, 0.27775, 0.00000, 0.00000, 0.06594, -3.80246, 0.02543, 0.01938, 0.27754, -0.09206, -0.16130, 0.06150 
33.12004, 0.02199, 0.01571, 0.27837, -0.47101, -0.47101, 0.09232, 6.37938, 0.02228, 0.01617, 0.27810, -0.09063, -0.14179, 0.08068 
33.12671, 0.02199, 0.01571, 0.27872, 0.00000, 0.00000, 0.05276, -1.83376, 0.02227, 0.01616, 0.27850, -0.08601, -0.13651, 0.06565 
33.13338, 0.02199, 0.01257, 0.27907, 0.00000, -0.47101, 0.05276, -5.10444, 0.02229, 0.01315, 0.27888, -0.09192, -0.17684, 0.05640 
33.14005, 0.01885, 0.01257, 0.27977, -0.47101, 0.00000, 0.10551, 12.81288, 0.01908, 0.01289, 0.27948, -0.07101, -0.09734, 0.08753 
33.14672, 0.01885, 0.01257, 0.28004, 0.00000, 0.00000, 0.03956, -2.90847, 0.01908, 0.01290, 0.27983, -0.07168, -0.10131, 0.06249 
33.15339, 0.01885, 0.00942, 0.28048, 0.00000, -0.47101, 0.06595, -2.37309, 0.01908, 0.00985, 0.28027, -0.07060, -0.13145, 0.06301 
33.16006, 0.01571, 0.00942, 0.28118, -0.47101, 0.00000, 0.10551, 13.56916, 0.01587, 0.00959, 0.28088, -0.04935, -0.05216, 0.09123 
33.16673, 0.01571, 0.00628, 0.28118, 0.00000, -0.47094, 0.00000, -11.30542, 0.01597, 0.00671, 0.28105, -0.07840, -0.13089, 0.03963 
33.17340, 0.01571, 0.00628, 0.28189, 0.00000, 0.00000, 0.10551, 8.71327, 0.01585, 0.00653, 0.28163, -0.04279, -0.07688, 0.07770 
33.18007, 0.01571, 0.00628, 0.28241, 0.00000, 0.00000, 0.07913, 6.53063, 0.01576, 0.00640, 0.28214, -0.01633, -0.03722, 0.08133 
33.18674, 0.01571, 0.00628, 0.28285, 0.00000, 0.00000, 0.06595, 5.37940, 0.01569, 0.00630, 0.28259, 0.00481, -0.00586, 0.07653 
33.19341, 0.01257, 0.00314, 0.28347, -0.47101, -0.47101, 0.09232, 8.71478, 0.01255, 0.00310, 0.28317, 0.00532, 0.01112, 0.08940 
33.20008, 0.01257, 0.00314, 0.28400, 0.00000, 0.00000, 0.07913, 5.13698, 0.01249, 0.00301, 0.28371, 0.02365, 0.03712, 0.08717 
33.20675, 0.01257, 0.00314, 0.28444, 0.00000, 0.00000, 0.06595, -4.24453, 0.01253, 0.00309, 0.28419, 0.01134, 0.01473, 0.07433 
33.21342, 0.01257, 0.00314, 0.28514, 0.00000, 0.00000, 0.10551, 3.12884, 0.01249, 0.00304, 0.28484, 0.02297, 0.03049, 0.09132 
33.22009, 0.01257, 0.00314, 0.28576, 0.00000, 0.00000, 0.09232, 6.53346, 0.01242, 0.00293, 0.28544, 0.04454, 0.06219, 0.09563 
33.22676, 0.01257, 0.00314, 0.28628, 0.00000, 0.00000, 0.07913, 0.01647, 0.01242, 0.00294, 0.28599, 0.04426, 0.05939, 0.08682 
33.23343, 0.01257, 0.00314, 0.28699, 0.00000, 0.00000, 0.10552, 8.77534, 0.01233, 0.00280, 0.28665, 0.07149, 0.10038, 0.10131 
33.24010, 0.01257, 0.00314, 0.28752, 0.00000, 0.00000, 0.07913, 4.61643, 0.01229, 0.00275, 0.28721, 0.08391, 0.11802, 0.09285 
33.24677, 0.01257, 0.00314, 0.28813, 0.00000, 0.00000, 0.09232, 2.63332, 0.01227, 0.00272, 0.28782, 0.08930, 0.12464, 0.09357 
33.25344, 0.01257, 0.00314, 0.28875, 0.00000, 0.00000, 0.09232, 1.57400, 0.01226, 0.00272, 0.28844, 0.09102, 0.12556, 0.09411 
33.26011, 0.01257, 0.00314, 0.28936, 0.00000, 0.00000, 0.09233, 0.92646, 0.01226, 0.00273, 0.28905, 0.09059, 0.12320, 0.09329 
33.26678, 0.01257, 0.00314, 0.28998, 0.00000, 0.00000, 0.09232, 4.40130, 0.01223, 0.00268, 0.28966, 0.10110, 0.13829, 0.09548 
33.27345, 0.01257, 0.00314, 0.29059, 0.00000, 0.00000, 0.09232, 6.07290, 0.01218, 0.00260, 0.29027, 0.11618, 0.16073, 0.09670 
33.28012, 0.01257, 0.00314, 0.29130, 0.00000, 0.00000, 0.10551, 6.79087, 0.01212, 0.00252, 0.29095, 0.13253, 0.18529, 0.10520 
33.28679, 0.01257, 0.00314, 0.29209, 0.00000, 0.00000, 0.11870, 7.13219, 0.01207, 0.00244, 0.29170, 0.14891, 0.20996, 0.11562 
33.29346, 0.01257, 0.00628, 0.29279, 0.00000, 0.47101, 0.10551, 7.17910, 0.01202, 0.00540, 0.29241, 0.16434, 0.26227, 0.11411 
33.30013, 0.01257, 0.00628, 0.29341, 0.00000, 0.00000, 0.09232, -8.60853, 0.01213, 0.00559, 0.29308, 0.12927, 0.20461, 0.09897 
33.30680, 0.01257, 0.00628, 0.29402, 0.00000, 0.00000, 0.09233, -12.66958, 0.01229, 0.00584, 0.29372, 0.08373, 0.13045, 0.08850 
33.31347, 0.01257, 0.00628, 0.29446, 0.00000, 0.00000, 0.06594, -14.76598, 0.01245, 0.00611, 0.29423, 0.03454, 0.05065, 0.06941 
33.32014, 0.01257, 0.00628, 0.29490, 0.00000, 0.00000, 0.06595, -15.71593, 0.01261, 0.00637, 0.29470, -0.01445, -0.02872, 0.05937 
33.32681, 0.01257, 0.00628, 0.29517, 0.00000, 0.00000, 0.03956, -16.09656, 0.01277, 0.00663, 0.29503, -0.06148, -0.10486, 0.04140 
33.33348, 0.01257, 0.00314, 0.29543, 0.00000, -0.47101, 0.03957, -16.08054, 0.01292, 0.00382, 0.29532, -0.10538, -0.20500, 0.03168 
33.34015, 0.00942, 0.00000, 0.29587, -0.47101, -0.47101, 0.06594, -0.17692, 0.00984, 0.00073, 0.29571, -0.12641, -0.22046, 0.04877 
33.34682, 0.00942, 0.00000, 0.29605, 0.00000, 0.00000, 0.02638, -0.99880, 0.00981, 0.00070, 0.29593, -0.11949, -0.21108, 0.03736 
33.35349, 0.00628, -0.00314, 0.29631, -0.47094, -0.47101, 0.03957, -0.46561, 0.00675, -0.00238, 0.29618, -0.14107, -0.22862, 0.03794 
33.36016, 0.00628, -0.00628, 0.29649, 0.00000, -0.47101, 0.02638, -4.96302, 0.00677, -0.00538, 0.29639, -0.14628, -0.26849, 0.02984 
33.36683, 0.00314, -0.00628, 0.29702, -0.47101, 0.00000, 0.07913, 17.52926, 0.00351, -0.00572, 0.29681, -0.11035, -0.16577, 0.06397 
33.37350, 0.00314, -0.00942, 0.29719, 0.00000, -0.47101, 0.02638, 4.25547, 0.00344, -0.00887, 0.29703, -0.08926, -0.16484, 0.04698 
33.38017, 0.00314, -0.00942, 0.29763, 0.00000, 0.00000, 0.06594, 17.99818, 0.00323, -0.00919, 0.29741, -0.02645, -0.06756, 0.06603 
33.38684, 0.00314, -0.00942, 0.29816, 0.00000, 0.00000, 0.07913, 21.06142, 0.00300, -0.00954, 0.29788, 0.04193, 0.03869, 0.08392 
33.39351, 0.00314, -0.00942, 0.29878, 0.00000, 0.00000, 0.09233, 22.52724, 0.00277, -0.00990, 0.29845, 0.11049, 0.14537, 0.10039 
33.40018, 0.00314, -0.00942, 0.29948, 0.00000, 0.00000, 0.10551, 23.03616, 0.00255, -0.01024, 0.29910, 0.17622, 0.24769, 0.11488 
33.40685, 0.00314, -0.00942, 0.30027, 0.00000, 0.00000, 0.11870, 14.90422, 0.00243, -0.01042, 0.29985, 0.21218, 0.30292, 0.12456 
33.41352, 0.00314, -0.00628, 0.30106, 0.00000, 0.47101, 0.11870, 14.42277, 0.00233, -0.00755, 0.30063, 0.24427, 0.38117, 0.12914 
33.42019, 0.00314, -0.00628, 0.30177, 0.00000, 0.00000, 0.10551, -1.89341, 0.00240, -0.00743, 0.30138, 0.22314, 0.34515, 0.11677 
33.42686, 0.00628, -0.00314, 0.30247, 0.47101, 0.47101, 0.10551, -2.72250, 0.00551, -0.00426, 0.30211, 0.23049, 0.33628, 0.10940 
33.43353, 0.00628, -0.00314, 0.30317, 0.00000, 0.00000, 0.10551, -6.49963, 0.00562, -0.00407, 0.30282, 0.19644, 0.28126, 0.10372 
33.44020, 0.00628, 0.00000, 0.30405, 0.00000, 0.47101, 0.13189, 2.77817, 0.00563, -0.00102, 0.30365, 0.19368, 0.30498, 0.11930 
33.44687, 0.00942, 0.00000, 0.30441, 0.47094, 0.00000, 0.05276, -16.82465, 0.00889, -0.00067, 0.30415, 0.15937, 0.20155, 0.07770 
33.45354, 0.00942, 0.00000, 0.30546, 0.00000, 0.00000, 0.15826, -2.02087, 0.00893, -0.00059, 0.30507, 0.14463, 0.17856, 0.11651 
33.46021, 0.00942, 0.00000, 0.30616, 0.00000, 0.00000, 0.10551, 0.60783, 0.00895, -0.00057, 0.30579, 0.13909, 0.17015, 0.11106 
33.46688, 0.00942, 0.00000, 0.30696, 0.00000, 0.00000, 0.11870, 1.86231, 0.00896, -0.00056, 0.30657, 0.13784, 0.16853, 0.11650 
33.47355, 0.00942, 0.00000, 0.30775, 0.00000, 0.00000, 0.11870, 2.41784, 0.00896, -0.00057, 0.30735, 0.13842, 0.16978, 0.11876 
33.48022, 0.00942, 0.00314, 0.30854, 0.00000, 0.47101, 0.11870, 2.67794, 0.00895, 0.00247, 0.30814, 0.13974, 0.20124, 0.12003 
33.48689, 0.00942, 0.00314, 0.30916, 0.00000, 0.00000, 0.09233, -4.79454, 0.00902, 0.00259, 0.30881, 0.11758, 0.16547, 0.10395 
33.49356, 0.00942, 0.00314, 0.30977, 0.00000, 0.00000, 0.09232, -4.69612, 0.00909, 0.00270, 0.30945, 0.09716, 0.13251, 0.09522 
33.50023, 0.00942, 0.00314, 0.31030, 0.00000, 0.00000, 0.07913, -8.42324, 0.00920, 0.00286, 0.31002, 0.06636, 0.08311, 0.08288 
33.50690, 0.00942, 0.00314, 0.31074, 0.00000, 0.00000, 0.06595, -10.19248, 0.00931, 0.00304, 0.31051, 0.03199, 0.02810, 0.06902 
33.51357, 0.00942, 0.00314, 0.31135, 0.00000, 0.00000, 0.09232, -2.71621, 0.00934, 0.00309, 0.31109, 0.02331, 0.01387, 0.07882 
33.52024, 0.00942, 0.00000, 0.31162, 0.00000, -0.47101, 0.03956, -11.06591, 0.00945, 0.00023, 0.31144, -0.01098, -0.07001, 0.05378 
33.52691, 0.00942, 0.00000, 0.31215, 0.00000, 0.00000, 0.07914, 0.92319, 0.00943, 0.00020, 0.31193, -0.00549, -0.06079, 0.06713 
33.53358, 0.00942, 0.00000, 0.31259, 0.00000, 0.00000, 0.06594, 3.21173, 0.00939, 0.00014, 0.31236, 0.00684, -0.04077, 0.06826 
33.54025, 0.00942, -0.00314, 0.31303, 0.00000, -0.47101, 0.06595, 4.55654, 0.00934, -0.00299, 0.31280, 0.02262, -0.04434, 0.06955 
33.54692, 0.00942, -0.00314, 0.31373, 0.00000, 0.00000, 0.10551, 21.11565, 0.00912, -0.00335, 0.31340, 0.08930, 0.06275, 0.09847 
33.55359, 0.00942, -0.00314, 0.31452, 0.00000, 0.00000, 0.11870, 26.68571, 0.00885, -0.00377, 0.31411, 0.16916, 0.19065, 0.12263 
33.56026, 0.00942, 0.00000, 0.31540, 0.00000, 0.47101, 0.13189, 26.68571, 0.00860, -0.00113, 0.31493, 0.24383, 0.33929, 0.14145 
33.56693, 0.00942, 0.00000, 0.31646, 0.00000, 0.00000, 0.15826, 26.68571, 0.00837, -0.00150, 0.31591, 0.31374, 0.45032, 0.16436 
33.57360, 0.01257, 0.00314, 0.31760, 0.47101, 0.47101, 0.17146, 24.21883, 0.01123, 0.00124, 0.31700, 0.40121, 0.57086, 0.18050 
33.58027, 0.01257, 0.00628, 0.31901, 0.00000, 0.47101, 0.21102, 26.68571, 0.01103, 0.00396, 0.31831, 0.46157, 0.69697, 0.21012 
33.58694, 0.01571, 0.00942, 0.32033, 0.47101, 0.47094, 0.19783, 12.13518, 0.01403, 0.00694, 0.31963, 0.50215, 0.74345, 0.21046 
33.59362, 0.01885, 0.01571, 0.32165, 0.47101, 0.94202, 0.19784, 4.61939, 0.01712, 0.01310, 0.32096, 0.51714, 0.77964, 0.20664 
33.60029, 0.02199, 0.01885, 0.32279, 0.47101, 0.47101, 0.17145, -10.88333, 0.02037, 0.01648, 0.32218, 0.48321, 0.70926, 0.18302 
33.60696, 0.02513, 0.02199, 0.32393, 0.47101, 0.47101, 0.17146, -10.83814, 0.02361, 0.01983, 0.32336, 0.45227, 0.64469, 0.17125 
33.61363, 0.02827, 0.02513, 0.32499, 0.47101, 0.47101, 0.15827, -14.91895, 0.02689, 0.02323, 0.32447, 0.41117, 0.56501, 0.15721 
33.62030, 0.02827, 0.02827, 0.32596, 0.00000, 0.47101, 0.14507, -12.74690, 0.02709, 0.02658, 0.32548, 0.35043, 0.50236, 0.14460 
33.62698, 0.03142, 0.03142, 0.32657, 0.47097, 0.47097, 0.09233, -26.68571, 0.03048, 0.03015, 0.32622, 0.27975, 0.37543, 0.10391 
33.63365, 0.03142, 0.03456, 0.32745, 0.00000, 0.47101, 0.13188, -18.65775, 0.03071, 0.03355, 0.32709, 0.20963, 0.29765, 0.10809 
33.64032, 0.03142, 0.03456, 0.32789, 0.00000, 0.00000, 0.06595, -26.68571, 0.03101, 0.03402, 0.32765, 0.11889, 0.15693, 0.07294 
33.64699, 0.03142, 0.03456, 0.32842, 0.00000, 0.00000, 0.07913, -26.68571, 0.03130, 0.03446, 0.32821, 0.03402, 0.02531, 0.06211 
33.65366, 0.03142, 0.03456, 0.32877, 0.00000, 0.00000, 0.05276, -26.68571, 0.03156, 0.03487, 0.32863, -0.04538, -0.09781, 0.04321 
33.66034, 0.03142, 0.03142, 0.32895, 0.00000, -0.47101, 0.02638, -26.68571, 0.03181, 0.03221, 0.32888, -0.11961, -0.24197, 0.02101 
33.66701, 0.02827, 0.02827, 0.32930, -0.47097, -0.47097, 0.05275, -9.37144, 0.02881, 0.02922, 0.32919, -0.16458, -0.29168, 0.03186 
33.67368, 0.02827, 0.02827, 0.32930, 0.00000, 0.00000, 0.00000, -11.33275, 0.02887, 0.02932, 0.32927, -0.18364, -0.31992, 0.00998 
33.68035, 0.02513, 0.02513, 0.32921, -0.47101, -0.47101, -0.01319, -14.81157, 0.02593, 0.02642, 0.32924, -0.24212, -0.39262, -0.00955 
33.68702, 0.02199, 0.02199, 0.32886, -0.47101, -0.47101, -0.05275, -24.75430, 0.02308, 0.02368, 0.32901, -0.32868, -0.51116, -0.04409 
33.69370, 0.02199, 0.01571, 0.32851, 0.00000, -0.94202, -0.05276, -25.26966, 0.02326, 0.01788, 0.32872, -0.38213, -0.65467, -0.06164 
33.70037, 0.01885, 0.01257, 0.32842, -0.47101, -0.47101, -0.01319, 3.24732, 0.02008, 0.01463, 0.32854, -0.37246, -0.61991, -0.03577 
33.70704, 0.01571, 0.00942, 0.32816, -0.47101, -0.47101, -0.03956, 13.52145, 0.01681, 0.01120, 0.32826, -0.33182, -0.53737, -0.03015 
33.71371, 0.01257, 0.00628, 0.32789, -0.47101, -0.47094, -0.03957, 14.64277, 0.01354, 0.00779, 0.32798, -0.29093, -0.45553, -0.02750 
33.72038, 0.01257, 0.00314, 0.32772, 0.00000, -0.47101, -0.02638, 11.23346, 0.01335, 0.00446, 0.32779, -0.23429, -0.39703, -0.02050 
33.72705, 0.00942, 0.00000, 0.32781, -0.47101, -0.47101, 0.01319, 26.16163, 0.00996, 0.00090, 0.32778, -0.16432, -0.26895, 0.01042 
33.73373, 0.00942, 0.00000, 0.32789, 0.00000, 0.00000, 0.01319, 16.70243, 0.00975, 0.00056, 0.32782, -0.09939, -0.16831, 0.02009 
33.74040, 0.00942, 0.00000, 0.32789, 0.00000, 0.00000, 0.00000, 16.56877, 0.00955, 0.00025, 0.32783, -0.03908, -0.07484, 0.01885 
33.74707, 0.00942, -0.00314, 0.32816, 0.00000, -0.47101, 0.03957, 16.50390, 0.00936, -0.00308, 0.32803, 0.01717, -0.01674, 0.03844 
33.75374, 0.00942, -0.00314, 0.32860, 0.00000, 0.00000, 0.06594, 26.68571, 0.00908, -0.00353, 0.32838, 0.10168, 0.11630, 0.06638 
33.76041, 0.00942, 0.00000, 0.32921, 0.00000, 0.47101, 0.09232, 26.68571, 0.00881, -0.00090, 0.32890, 0.18071, 0.26974, 0.09309 
33.76709, 0.00942, 0.00000, 0.32983, 0.00000, 0.00000, 0.09232, 17.00937, 0.00867, -0.00112, 0.32949, 0.22432, 0.33710, 0.10206 
33.77376, 0.00942, 0.00314, 0.33053, 0.00000, 0.47101, 0.10552, 10.23170, 0.00860, 0.00182, 0.33017, 0.24381, 0.39535, 0.10894 
33.78043, 0.01257, 0.00628, 0.33115, 0.47101, 0.47101, 0.09232, -5.62337, 0.01176, 0.00504, 0.33082, 0.24214, 0.37188, 0.09796 
33.78711, 0.01257, 0.00628, 0.33185, 0.00000, 0.00000, 0.10551, -1.40558, 0.01182, 0.00513, 0.33151, 0.22467, 0.34299, 0.10073 
33.79378, 0.01571, 0.00942, 0.33238, 0.47101, 0.47094, 0.07913, -8.56801, 0.01499, 0.00838, 0.33209, 0.21556, 0.30928, 0.08556 
33.80045, 0.01571, 0.00942, 0.33300, 0.00000, 0.00000, 0.09232, -3.53093, 0.01506, 0.00850, 0.33271, 0.19378, 0.27489, 0.08741 
33.80712, 0.01571, 0.01257, 0.33352, 0.00000, 0.47101, 0.07914, -1.97064, 0.01511, 0.01163, 0.33325, 0.17827, 0.27958, 0.08166 
33.81379, 0.01571, 0.01257, 0.33379, 0.00000, 0.00000, 0.03956, -17.20099, 0.01532, 0.01196, 0.33362, 0.11601, 0.18006, 0.05196 
33.82047, 0.01571, 0.01257, 0.33396, 0.00000, 0.00000, 0.02638, -26.68571, 0.01561, 0.01243, 0.33388, 0.02800, 0.03975, 0.02459 
33.82714, 0.01571, 0.01257, 0.33405, 0.00000, 0.00000, 0.01319, -26.68571, 0.01589, 0.01287, 0.33403, -0.05432, -0.09149, 0.00491 
33.83381, 0.01571, 0.01257, 0.33396, 0.00000, 0.00000, -0.01319, -26.68571, 0.01614, 0.01328, 0.33402, -0.13133, -0.21425, -0.01843 
33.84048, 0.01571, 0.00942, 0.33370, 0.00000, -0.47101, -0.03956, -26.24661, 0.01638, 0.01060, 0.33384, -0.20196, -0.35598, -0.04260 
33.84715, 0.01257, 0.00628, 0.33388, -0.47101, -0.47094, 0.02637, -0.28339, 0.01329, 0.00748, 0.33391, -0.21631, -0.36017, -0.00790 
33.85382, 0.00942, 0.00314, 0.33370, -0.47101, -0.47101, -0.02637, 0.26595, 0.01018, 0.00434, 0.33376, -0.22876, -0.36240, -0.01728 
33.86050, 0.00942, 0.00314, 0.33361, 0.00000, 0.00000, -0.01319, -3.36849, 0.01016, 0.00432, 0.33367, -0.22265, -0.35465, -0.01715 
33.86717, 0.00628, 0.00000, 0.33344, -0.47094, -0.47101, -0.02638, -8.00528, 0.00715, 0.00133, 0.33353, -0.26121, -0.39944, -0.02555 
33.87384, 0.00628, -0.00314, 0.33308, 0.00000, -0.47101, -0.05276, -14.91775, 0.00724, -0.00155, 0.33324, -0.28988, -0.47683, -0.04767 
33.88051, 0.00314, -0.00628, 0.33308, -0.47101, -0.47101, 0.00000, 6.57912, 0.00407, -0.00480, 0.33315, -0.27900, -0.44316, -0.02032 
33.88718, 0.00314, -0.00942, 0.33300, 0.00000, -0.47101, -0.01319, 8.61177, 0.00392, -0.00807, 0.33304, -0.23334, -0.40262, -0.01158 
33.89386, 0.00000, -0.00942, 0.33308, -0.47101, 0.00000, 0.01319, 26.10614, 0.00055, -0.00858, 0.33303, -0.16553, -0.24957, 0.01406 
33.90053, 0.00000, -0.01257, 0.33300, 0.00000, -0.47101, -0.01319, 10.29506, 0.00041, -0.01185, 0.33298, -0.12257, -0.21428, 0.00649 
33.90720, 0.00000, -0.01257, 0.33317, 0.00000, 0.00000, 0.02638, 22.50576, 0.00015, -0.01226, 0.33308, -0.04411, -0.09240, 0.02792 
33.91387, 0.00000, -0.01257, 0.33335, 0.00000, 0.00000, 0.02638, 16.44515, -0.00003, -0.01253, 0.33323, 0.01026, -0.00857, 0.03617 
33.92054, 0.00000, -0.01257, 0.33361, 0.00000, 0.00000, 0.03957, 17.22451, -0.00021, -0.01281, 0.33345, 0.06357, 0.07373, 0.04670 
33.92722, 0.00000, -0.01257, 0.33405, 0.00000, 0.00000, 0.06594, 21.15844, -0.00042, -0.01313, 0.33382, 0.12578, 0.17029, 0.06755 
33.93389, 0.00000, -0.00942, 0.33458, 0.00000, 0.47101, 0.09232, 22.79932, -0.00063, -0.01041, 0.33429, 0.18909, 0.29787, 0.08559 
33.94056, 0.00000, -0.00942, 0.33511, 0.00000, 0.00000, 0.06595, 11.31184, -0.00071, -0.01052, 0.33481, 0.21231, 0.33193, 0.08851 
33.94723, 0.00314, -0.00628, 0.33563, 0.47101, 0.47101, 0.07913, 0.72468, 0.00237, -0.00741, 0.33535, 0.23053, 0.34005, 0.08360 
33.95390, 0.00314, -0.00314, 0.33634, 0.00000, 0.47101, 0.10551, 3.99103, 0.00238, -0.00435, 0.33602, 0.22872, 0.36498, 0.09714 
33.96058, 0.00628, -0.00314, 0.33660, 0.47101, 0.00000, 0.03957, -19.28531, 0.00567, -0.00395, 0.33641, 0.18378, 0.24438, 0.05780 
33.96725, 0.00628, 0.00000, 0.33766, 0.00000, 0.47101, 0.15827, 5.44452, 0.00564, -0.00094, 0.33729, 0.19020, 0.28375, 0.11127 
33.97392, 0.00628, 0.00000, 0.33792, 0.00000, 0.00000, 0.03956, -11.12237, 0.00580, -0.00070, 0.33769, 0.14427, 0.21011, 0.06921 
33.98059, 0.00628, 0.00000, 0.33836, 0.00000, 0.00000, 0.06595, -15.65364, 0.00599, -0.00040, 0.33816, 0.08708, 0.11867, 0.05928 
33.98726, 0.00628, 0.00000, 0.33863, 0.00000, 0.00000, 0.03956, -18.08919, 0.00619, -0.00007, 0.33850, 0.02594, 0.02101, 0.04028 
33.99393, 0.00628, 0.00000, 0.33880, 0.00000, 0.00000, 0.02638, -19.30890, 0.00639, 0.00025, 0.33872, -0.03509, -0.07641, 0.02264 
34.00061, 0.00628, 0.00000, 0.33880, 0.00000, 0.00000, 0.00000, -19.76456, 0.00659, 0.00057, 0.33880, -0.09360, -0.16980, 0.00083 
34.00728, 0.00628, -0.00314, 0.33889, 0.00000, -0.47101, 0.01319, -11.57268, 0.00669, -0.00232, 0.33889, -0.12259, -0.24537, 0.00103 
34.01395, 0.00314, -0.00314, 0.33907, -0.47101, 0.00000, 0.02638, 8.46795, 0.00353, -0.00251, 0.33901, -0.11662, -0.18826, 0.01852 
34.02062, 0.00314, -0.00314, 0.33880, 0.00000, 0.00000, -0.03957, -9.67418, 0.00360, -0.00239, 0.33885, -0.13885, -0.22522, -0.01612 
34.02729, 0.00314, -0.00628, 0.33880, 0.00000, -0.47101, 0.00000, -5.63138, 0.00363, -0.00538, 0.33884, -0.14692, -0.26867, -0.01104 
34.03397, 0.00000, -0.00942, 0.33889, -0.47101, -0.47101, 0.01319, 0.31280, 0.00055, -0.00848, 0.33889, -0.16560, -0.28069, 0.00140 
34.04064, 0.00000, -0.00942, 0.33889, 0.00000, 0.00000, 0.00000, 3.09298, 0.00048, -0.00858, 0.33888, -0.14527, -0.25016, 0.00233 
34.04731, 0.00000, -0.00942, 0.33889, 0.00000, 0.00000, 0.00000, 5.27082, 0.00040, -0.00871, 0.33888, -0.11942, -0.21076, 0.00396 
34.05399, 0.00000, -0.01257, 0.33898, 0.00000, -0.47101, 0.01319, 6.62007, 0.00030, -0.01191, 0.33894, -0.09097, -0.19628, 0.01223 
34.06066, -0.00314, -0.01257, 0.33933, -0.47101, 0.00000, 0.05275, 23.08315, -0.00300, -0.01232, 0.33918, -0.04249, -0.07265, 0.04460 
34.06733, -0.00314, -0.01257, 0.33942, 0.00000, 0.00000, 0.01319, 6.64448, -0.00307, -0.01243, 0.33931, -0.01962, -0.03892, 0.03255 
34.07400, -0.00314, -0.01257, 0.33959, 0.00000, 0.00000, 0.02638, 2.79907, -0.00310, -0.01247, 0.33949, -0.01029, -0.02652, 0.03048 
34.08067, -0.00314, -0.01257, 0.33959, 0.00000, 0.00000, 0.00000, -7.28502, -0.00303, -0.01235, 0.33955, -0.03322, -0.06512, 0.01135 
34.08735, -0.00314, -0.01257, 0.33986, 0.00000, 0.00000, 0.03957, -0.30318, -0.00303, -0.01234, 0.33977, -0.03275, -0.06647, 0.02574 
34.09402, -0.00314, -0.01257, 0.34012, 0.00000, 0.00000, 0.03956, 2.86357, -0.00306, -0.01239, 0.34001, -0.02238, -0.05196, 0.03386 
34.10069, -0.00314, -0.01571, 0.34021, 0.00000, 0.00000, 0.01319, -3.81852, -0.00303, -0.01537, 0.34014, -0.03361, -0.10066, 0.02163 
34.10736, -0.00314, -0.01571, 0.34065, 0.00000, 0.00000, 0.06595, 12.34189, -0.00316, -0.01558, 0.34048, 0.00655, -0.03776, 0.05034 
34.11403, -0.00314, -0.01571, 0.34100, 0.00000, 0.00000, 0.05275, 16.35197, -0.00333, -0.01584, 0.34080, 0.05670, 0.04105, 0.06006 
34.12070, -0.00314, -0.01571, 0.34153, 0.00000, 0.00000, 0.07914, 18.14290, -0.00350, -0.01611, 0.34127, 0.10924, 0.12367, 0.07937 
34.12738, -0.00314, -0.01571, 0.34197, 0.00000, 0.00000, 0.06594, 10.65891, -0.00359, -0.01625, 0.34171, 0.13489, 0.16370, 0.07830 
34.13405, -0.00314, -0.01257, 0.34267, 0.00000, 0.47097, 0.10551, 18.77283, -0.00375, -0.01346, 0.34233, 0.18432, 0.27053, 0.10156 
34.14072, -0.00314, -0.01257, 0.34320, 0.00000, 0.00000, 0.07914, 6.75669, -0.00378, -0.01350, 0.34289, 0.19290, 0.28264, 0.09407 
34.14739, 0.00000, -0.00942, 0.34382, 0.47101, 0.47101, 0.09232, 4.32465, -0.00074, -0.01045, 0.34350, 0.22302, 0.31092, 0.09578 
34.15406, 0.00000, -0.00628, 0.34461, 0.00000, 0.47101, 0.11870, 7.80018, -0.00078, -0.00746, 0.34424, 0.23300, 0.35565, 0.11123 
34.16074, 0.00314, -0.00628, 0.34505, 0.47101, 0.00000, 0.06594, -7.11392, 0.00239, -0.00726, 0.34477, 0.22533, 0.29521, 0.08480 
34.16741, 0.00314, -0.00314, 0.34593, 0.00000, 0.47101, 0.13189, 9.87533, 0.00233, -0.00431, 0.34555, 0.24232, 0.35233, 0.11360 
34.17408, 0.00314, -0.00314, 0.34637, 0.00000, 0.00000, 0.06595, -10.34120, 0.00249, -0.00406, 0.34609, 0.19482, 0.27711, 0.08428 
34.18075, 0.00628, 0.00000, 0.34681, 0.47101, 0.47101, 0.06594, -16.65704, 0.00574, -0.00068, 0.34659, 0.16029, 0.20427, 0.06627 
34.18742, 0.00628, 0.00000, 0.34725, 0.00000, 0.00000, 0.06594, -14.80517, 0.00593, -0.00039, 0.34706, 0.10473, 0.11743, 0.05827 
34.19410, 0.00628, 0.00000, 0.34751, 0.00000, 0.00000, 0.03957, -14.46658, 0.00610, -0.00013, 0.34737, 0.05381, 0.03789, 0.04095 
34.20077, 0.00628, 0.00000, 0.34769, 0.00000, 0.00000, 0.02638, -14.19515, 0.00625, 0.00012, 0.34760, 0.00704, -0.03516, 0.02643 
34.20744, 0.00628, 0.00000, 0.34795, 0.00000, 0.00000, 0.03957, -5.64623, 0.00631, 0.00020, 0.34785, -0.00988, -0.06093, 0.02972 
34.21411, 0.00628, 0.00000, 0.34821, 0.00000, 0.00000, 0.03956, -1.22342, 0.00632, 0.00021, 0.34810, -0.01182, -0.06302, 0.03371 
34.22078, 0.00314, 0.00000, 0.34839, -0.47101, 0.00000, 0.02638, -2.62204, 0.00330, 0.00024, 0.34829, -0.04778, -0.07190, 0.02897 
34.22746, 0.00314, -0.00314, 0.34830, 0.00000, -0.47101, -0.01319, -15.61543, 0.00345, -0.00256, 0.34830, -0.09305, -0.17396, -0.00055 
34.23413, 0.00314, -0.00314, 0.34839, 0.00000, 0.00000, 0.01319, -13.59738, 0.00357, -0.00237, 0.34839, -0.12912, -0.23138, -0.00074 
34.24080, 0.00000, -0.00628, 0.34848, -0.47101, -0.47101, 0.01319, -7.81470, 0.00058, -0.00533, 0.34847, -0.17443, -0.28527, 0.00224 
34.24747, 0.00000, -0.00942, 0.34839, 0.00000, -0.47101, -0.01319, -9.78873, 0.00065, -0.00826, 0.34843, -0.19391, -0.34657, -0.01083 
34.25414, 0.00000, -0.00942, 0.34839, 0.00000, 0.00000, 0.00000, 2.04803, 0.00058, -0.00836, 0.34840, -0.17503, -0.31698, -0.00433 
34.26081, -0.00314, -0.01257, 0.34839, -0.47101, -0.47101, 0.00000, 4.43231, -0.00254, -0.01154, 0.34839, -0.17961, -0.30650, 0.00018 
34.26749, -0.00314, -0.01571, 0.34839, 0.00000, -0.47097, 0.00000, 0.70897, -0.00258, -0.01465, 0.34839, -0.16648, -0.31620, 0.00045 
34.27416, -0.00628, -0.01571, 0.34857, -0.47101, 0.00000, 0.02638, 15.26818, -0.00582, -0.01495, 0.34850, -0.13832, -0.22477, 0.02181 
34.28083, -0.00628, -0.01571, 0.34848, 0.00000, 0.00000, -0.01319, -1.96010, -0.00582, -0.01495, 0.34847, -0.13692, -0.22509, 0.00308 
34.28750, -0.00628, -0.01885, 0.34848, 0.00000, -0.47101, 0.00000, -5.93611, -0.00578, -0.01793, 0.34849, -0.14806, -0.27417, -0.00163 
34.29417, -0.00628, -0.01885, 0.34883, 0.00000, 0.00000, 0.05275, 19.78218, -0.00602, -0.01829, 0.34871, -0.07781, -0.16406, 0.03591 
34.30085, -0.00942, -0.02199, 0.34901, -0.47101, -0.47101, 0.02638, 20.46947, -0.00928, -0.02169, 0.34887, -0.03966, -0.08659, 0.04228 
34.30752, -0.00942, -0.02199, 0.34927, 0.00000, 0.00000, 0.03957, 15.68940, -0.00945, -0.02194, 0.34911, 0.01009, -0.01001, 0.04892 
34.31419, -0.00942, -0.02199, 0.34962, 0.00000, 0.00000, 0.05275, 17.62940, -0.00963, -0.02221, 0.34942, 0.06271, 0.07129, 0.06002 
34.32087, -0.00942, -0.02199, 0.35006, 0.00000, 0.00000, 0.06595, 10.22588, -0.00971, -0.02235, 0.34983, 0.08871, 0.11047, 0.06838 
34.32754, -0.00942, -0.01885, 0.35050, 0.00000, 0.47101, 0.06594, 6.25202, -0.00975, -0.01936, 0.35027, 0.10051, 0.15633, 0.07045 
34.33421, -0.00628, -0.01885, 0.35085, 0.47101, 0.00000, 0.05276, -7.88090, -0.00660, -0.01918, 0.35066, 0.09701, 0.10084, 0.05723 
34.34088, -0.00628, -0.01885, 0.35138, 0.00000, 0.00000, 0.07913, 1.28806, -0.00659, -0.01915, 0.35115, 0.09338, 0.09465, 0.06900 
34.34755, -0.00628, -0.01885, 0.35208, 0.00000, 0.00000, 0.10551, 13.14238, -0.00670, -0.01933, 0.35177, 0.12720, 0.14788, 0.09392 
34.35423, -0.00628, -0.01885, 0.35270, 0.00000, 0.00000, 0.09233, 18.58138, -0.00686, -0.01959, 0.35236, 0.17591, 0.22475, 0.10327 
34.36090, -0.00628, -0.01571, 0.35340, 0.00000, 0.47101, 0.10551, 12.82122, -0.00696, -0.01669, 0.35303, 0.20336, 0.29697, 0.11088 
34.36757, -0.00314, -0.01571, 0.35384, 0.47101, 0.00000, 0.06594, -5.97308, -0.00380, -0.01651, 0.35356, 0.19985, 0.24293, 0.08521 
34.37424, -0.00314, -0.01257, 0.35481, 0.00000, 0.47097, 0.14508, 12.83448, -0.00389, -0.01361, 0.35440, 0.22645, 0.31508, 0.12211 
34.38091, -0.00314, -0.01257, 0.35534, 0.00000, 0.00000, 0.07913, 1.67924, -0.00386, -0.01356, 0.35500, 0.21638, 0.29903, 0.10164 
34.38758, 0.00000, -0.00942, 0.35604, 0.47101, 0.47101, 0.10551, -0.21232, -0.00077, -0.01043, 0.35570, 0.23073, 0.30366, 0.10316 
34.39426, 0.00000, -0.00942, 0.35666, 0.00000, 0.00000, 0.09233, 3.73778, -0.00076, -0.01041, 0.35633, 0.22750, 0.29964, 0.10002 
34.40093, 0.00000, -0.00628, 0.35754, 0.00000, 0.47101, 0.13188, 13.07069, -0.00085, -0.00751, 0.35713, 0.25373, 0.37134, 0.12291 
34.40760, 0.00314, -0.00314, 0.35789, 0.47101, 0.47101, 0.05276, -10.20480, 0.00236, -0.00422, 0.35762, 0.23499, 0.32350, 0.08224 
34.41427, 0.00314, -0.00314, 0.35859, 0.00000, 0.00000, 0.10551, -12.87044, 0.00254, -0.00393, 0.35830, 0.18002, 0.23755, 0.08676 
34.42094, 0.00314, -0.00314, 0.35912, 0.00000, 0.00000, 0.07913, -14.85643, 0.00273, -0.00363, 0.35887, 0.12237, 0.14727, 0.07522 
34.42762, 0.00314, -0.00314, 0.35956, 0.00000, 0.00000, 0.06595, -15.80517, 0.00292, -0.00333, 0.35935, 0.06547, 0.05810, 0.06220 
34.43429, 0.00314, -0.00314, 0.36009, 0.00000, 0.00000, 0.07913, -8.02781, 0.00302, -0.00318, 0.35987, 0.03665, 0.01341, 0.06656 
34.44096, 0.00314, -0.00314, 0.36027, 0.00000, 0.00000, 0.02638, -16.12075, 0.00319, -0.00291, 0.36014, -0.01572, -0.06868, 0.03821 
34.44763, 0.00314, -0.00314, 0.36062, 0.00000, 0.00000, 0.05276, -11.59194, 0.00331, -0.00273, 0.36049, -0.05048, -0.12292, 0.03919 
34.45430, 0.00314, -0.00628, 0.36079, 0.00000, -0.47101, 0.02637, -9.23521, 0.00339, -0.00564, 0.36070, -0.07557, -0.19093, 0.02744 
34.46098, 0.00000, -0.00942, 0.36106, -0.47101, -0.47101, 0.03957, 4.13144, 0.00029, -0.00879, 0.36094, -0.08687, -0.18895, 0.03616 
34.46765, 0.00000, -0.00942, 0.36115, 0.00000, 0.00000, 0.01319, 2.15108, 0.00025, -0.00885, 0.36106, -0.07458, -0.16904, 0.02595 
34.47432, 0.00000, -0.01257, 0.36150, 0.00000, -0.47101, 0.05275, 10.36444, 0.00012, -0.01210, 0.36135, -0.03727, -0.13861, 0.04471 
34.48099, -0.00314, -0.01257, 0.36194, -0.47101, 0.00000, 0.06595, 26.33332, -0.00320, -0.01255, 0.36171, 0.01794, -0.00253, 0.06931 
34.48766, -0.00314, -0.01571, 0.36220, 0.00000, -0.47097, 0.03957, 9.90976, -0.00330, -0.01575, 0.36200, 0.04719, 0.01392, 0.05938 
34.49434, -0.00314, -0.01571, 0.36273, 0.00000, 0.00000, 0.07913, 21.96135, -0.00351, -0.01609, 0.36246, 0.11233, 0.11731, 0.08106 
34.50101, -0.00314, -0.01571, 0.36335, 0.00000, 0.00000, 0.09232, 24.12530, -0.00374, -0.01645, 0.36302, 0.18005, 0.22479, 0.09979 
34.50768, -0.00314, -0.01257, 0.36352, 0.00000, 0.47097, 0.02638, 25.13952, -0.00396, -0.01376, 0.36327, 0.24655, 0.35937, 0.07594 
34.51435, 0.00000, -0.01257, 0.36422, 0.47101, 0.00000, 0.10551, 9.96541, -0.00097, -0.01383, 0.36390, 0.29094, 0.38169, 0.09571 
34.52102, 0.00000, -0.01257, 0.36475, 0.00000, 0.00000, 0.07913, 26.68571, -0.00119, -0.01418, 0.36441, 0.35582, 0.48586, 0.10172 
34.52769, 0.00000, -0.01257, 0.36528, 0.00000, 0.00000, 0.07914, 22.31784, -0.00134, -0.01443, 0.36494, 0.40280, 0.56157, 0.10241 
34.53437, 0.00000, -0.01257, 0.36572, 0.00000, 0.00000, 0.06594, 23.77380, -0.00150, -0.01469, 0.36540, 0.45132, 0.63963, 0.09678 
34.54104, 0.00000, -0.00942, 0.36616, 0.00000, 0.47101, 0.06595, 24.28571, -0.00166, -0.01189, 0.36585, 0.49828, 0.74428, 0.09423 
34.54771, 0.00000, -0.00942, 0.36669, 0.00000, 0.00000, 0.07913, 0.68803, -0.00156, -0.01173, 0.36640, 0.46820, 0.69660, 0.08719 
34.55438, 0.00000, -0.00942, 0.36713, 0.00000, 0.00000, 0.06594, 4.53168, -0.00151, -0.01165, 0.36687, 0.45212, 0.67114, 0.07895 
34.56105, 0.00000, -0.01257, 0.36757, 0.00000, -0.47101, 0.06595, -1.76125, -0.00139, -0.01452, 0.36733, 0.41736, 0.58691, 0.07150 
34.56773, 0.00000, -0.01257, 0.36801, 0.00000, 0.00000, 0.06594, 10.82280, -0.00141, -0.01456, 0.36776, 0.42429, 0.59885, 0.07445 
34.57440, 0.00000, -0.01257, 0.36836, 0.00000, 0.00000, 0.05276, 13.41671, -0.00146, -0.01464, 0.36812, 0.43891, 0.62294, 0.07055 
34.58107, 0.00000, -0.01257, 0.36871, 0.00000, 0.00000, 0.05275, 22.70646, -0.00161, -0.01487, 0.36846, 0.48174, 0.69172, 0.07353 
34.58775, 0.00000, -0.01257, 0.36906, 0.00000, 0.00000, 0.05276, 15.63593, -0.00166, -0.01496, 0.36882, 0.49962, 0.72085, 0.07127 
34.59442, 0.00000, -0.01571, 0.36933, 0.00000, -0.47097, 0.05275, 12.19690, -0.00168, -0.01804, 0.36912, 0.50558, 0.70198, 0.06232 
34.60109, -0.00314, -0.01571, 0.36968, -0.47101, 0.00000, 0.03957, 26.31676, -0.00489, -0.01831, 0.36944, 0.52567, 0.78266, 0.07133 
34.60776, -0.00314, -0.01885, 0.36985, 0.00000, -0.47101, 0.02638, 8.86685, -0.00487, -0.02131, 0.36967, 0.51884, 0.74218, 0.05307 
34.61443, -0.00314, -0.01885, 0.37003, 0.00000, 0.00000, 0.02638, 26.68571, -0.00503, -0.02157, 0.36985, 0.56833, 0.82103, 0.05415 
34.62111, -0.00314, -0.02199, 0.37021, 0.00000, -0.47101, 0.02637, 26.68571, -0.00519, -0.02486, 0.37003, 0.61466, 0.86578, 0.05469 
34.62778, -0.00628, -0.02199, 0.37029, -0.47101, 0.00000, 0.01319, 26.68571, -0.00837, -0.02509, 0.37013, 0.62818, 0.93567, 0.04746 
34.63445, -0.00628, -0.02513, 0.37038, 0.00000, -0.47101, 0.01319, 26.68571, -0.00851, -0.02835, 0.37023, 0.66998, 0.97198, 0.04459 
34.64112, -0.00628, -0.02827, 0.37047, 0.00000, -0.47101, 0.01319, 26.68571, -0.00864, -0.03160, 0.37033, 0.70907, 1.00494, 0.04315 
34.64779, -0.00942, -0.02827, 0.37047, -0.47101, 0.00000, 0.00000, 26.68571, -0.01180, -0.03180, 0.37035, 0.71582, 1.06380, 0.03567 
34.65446, -0.00942, -0.03142, 0.37056, 0.00000, -0.47094, 0.01319, 26.68571, -0.01192, -0.03503, 0.37043, 0.75129, 1.08970, 0.03868 
34.66114, -0.01257, -0.03456, 0.37056, -0.47101, -0.47108, 0.00000, 26.68571, -0.01508, -0.03825, 0.37045, 0.75460, 1.11304, 0.03344 
34.66781, -0.01257, -0.03770, 0.37065, 0.00000, -0.47094, 0.01319, 26.68571, -0.01519, -0.04145, 0.37053, 0.78689, 1.13380, 0.03755 
34.67448, -0.01571, -0.04084, 0.37065, -0.47097, -0.47108, 0.00000, 26.68571, -0.01833, -0.04465, 0.37054, 0.78731, 1.15226, 0.03286 
34.68115, -0.01571, -0.04398, 0.37065, 0.00000, -0.47094, 0.00000, 26.68571, -0.01843, -0.04785, 0.37055, 0.81681, 1.16845, 0.03050 
34.68782, -0.01885, -0.04712, 0.37065, -0.47101, -0.47105, 0.00000, 26.68571, -0.02156, -0.05103, 0.37055, 0.81462, 1.18263, 0.02932 
34.69450, -0.01885, -0.05027, 0.37056, 0.00000, -0.47097, -0.01319, 26.68571, -0.02165, -0.05422, 0.37049, 0.84168, 1.19473, 0.02197 
34.70117, -0.02199, -0.05341, 0.37047, -0.47101, -0.47105, -0.01319, 26.68571, -0.02477, -0.05739, 0.37041, 0.83721, 1.20517, 0.01830 
34.70784, -0.02513, -0.05969, 0.37038, -0.47101, -0.94195, -0.01319, 26.68571, -0.02789, -0.06360, 0.37033, 0.83241, 1.18490, 0.01645 
34.71451, -0.02513, -0.06283, 0.37029, 0.00000, -0.47101, -0.01319, 26.68571, -0.02798, -0.06677, 0.37024, 0.85696, 1.19286, 0.01552 
34.72118, -0.02827, -0.06597, 0.37021, -0.47101, -0.47101, -0.01319, 26.68571, -0.03109, -0.06993, 0.37016, 0.85015, 1.19934, 0.01579 
