43.14011, 0.00314, -0.00314, 0.00223, 0.00000, 0.00000, 0.00000, 0.00314, -0.00314, 0.00223, 0.00065, -0.00103, -0.00000
43.14679, 0.00314, -0.00314, 0.00240, 0.00000, 0.00000, 0.02638, 0.00300, -0.00334, 0.00236, 0.04100, 0.06144, 0.01271
43.15346, 0.00314, -0.00314, 0.00249, 0.00000, 0.00000, 0.01319, 0.00287, -0.00355, 0.00241, 0.08068, 0.12342, 0.02536
43.16013, 0.00314, -0.00314, 0.00276, 0.00000, 0.00000, 0.03957, 0.00274, -0.00376, 0.00263, 0.11972, 0.18493, 0.03796
43.16680, 0.00314, -0.00314, 0.00302, 0.00000, 0.00000, 0.03957, 0.00261, -0.00396, 0.00285, 0.15795, 0.24569, 0.05044
43.17347, 0.00628, 0.00000, 0.00328, 0.47101, 0.47101, 0.03957, 0.00562, -0.00102, 0.00308, 0.19842, 0.30557, 0.06278
43.18015, 0.00628, 0.00000, 0.00372, 0.00000, 0.00000, 0.06594, 0.00546, -0.00127, 0.00346, 0.24555, 0.38165, 0.07820
43.18682, 0.00628, 0.00314, 0.00425, 0.00000, 0.47101, 0.07913, 0.00529, 0.00160, 0.00394, 0.29861, 0.46292, 0.09470
43.19349, 0.00942, 0.00628, 0.00469, 0.47094, 0.47101, 0.06594, 0.00838, 0.00466, 0.00436, 0.31377, 0.48528, 0.09925
43.20016, 0.01257, 0.00942, 0.00531, 0.47101, 0.47094, 0.09232, 0.01146, 0.00772, 0.00496, 0.32990, 0.50938, 0.10396
43.20683, 0.01257, 0.01257, 0.00592, 0.00000, 0.47101, 0.09232, 0.01138, 0.01073, 0.00555, 0.35523, 0.54844, 0.11148
43.21350, 0.01571, 0.01571, 0.00636, 0.47101, 0.47101, 0.06594, 0.01455, 0.01393, 0.00600, 0.34459, 0.53131, 0.10756
43.22018, 0.01571, 0.01885, 0.00698, 0.00000, 0.47101, 0.09232, 0.01458, 0.01711, 0.00663, 0.33620, 0.51764, 0.10412
43.22685, 0.01885, 0.02199, 0.00724, 0.47101, 0.47101, 0.03957, 0.01788, 0.02050, 0.00695, 0.28868, 0.44225, 0.08811
43.23352, 0.01885, 0.02513, 0.00768, 0.00000, 0.47101, 0.06594, 0.01803, 0.02389, 0.00744, 0.24232, 0.36805, 0.07208
43.24019, 0.02199, 0.02513, 0.00768, 0.47101, 0.00000, 0.00000, 0.02147, 0.02435, 0.00754, 0.15373, 0.23165, 0.04336
43.24686, 0.02199, 0.02513, 0.00803, 0.00000, 0.00000, 0.05276, 0.02166, 0.02464, 0.00795, 0.09717, 0.14423, 0.02435
43.25354, 0.02199, 0.02513, 0.00803, 0.00000, 0.00000, 0.00000, 0.02183, 0.02490, 0.00801, 0.04602, 0.06471, 0.00688
43.26021, 0.02199, 0.02513, 0.00812, 0.00000, 0.00000, 0.01319, 0.02192, 0.02505, 0.00813, 0.01786, 0.02128, -0.00342
43.26688, 0.02199, 0.02513, 0.00812, 0.00000, 0.00000, 0.00000, 0.02200, 0.02517, 0.00816, -0.00658, -0.01660, -0.01264
43.27355, 0.02199, 0.02513, 0.00803, 0.00000, 0.00000, -0.01319, 0.02210, 0.02533, 0.00811, -0.03662, -0.06377, -0.02374
43.28022, 0.02199, 0.02513, 0.00803, 0.00000, 0.00000, 0.00000, 0.02215, 0.02539, 0.00813, -0.04906, -0.08322, -0.02931
43.28690, 0.02199, 0.02513, 0.00786, 0.00000, 0.00000, -0.02638, 0.02218, 0.02545, 0.00797, -0.06050, -0.10120, -0.03461
43.29357, 0.02199, 0.02513, 0.00786, 0.00000, 0.00000, 0.00000, 0.02215, 0.02540, 0.00797, -0.05109, -0.08601, -0.03327
43.30024, 0.01885, 0.02513, 0.00777, -0.47101, 0.00000, -0.01319, 0.01897, 0.02534, 0.00787, -0.03935, -0.06697, -0.03116
43.30691, 0.01885, 0.02513, 0.00751, 0.00000, 0.00000, -0.03957, 0.01903, 0.02542, 0.00763, -0.05573, -0.09170, -0.03780
43.31358, 0.01885, 0.02513, 0.00707, 0.00000, 0.00000, -0.06594, 0.01918, 0.02567, 0.00725, -0.10253, -0.16531, -0.05423
43.32026, 0.01885, 0.02513, 0.00672, 0.00000, 0.00000, -0.05276, 0.01939, 0.02599, 0.00697, -0.16324, -0.26190, -0.07532
43.32693, 0.01885, 0.02513, 0.00610, 0.00000, 0.00000, -0.09232, 0.01961, 0.02635, 0.00643, -0.23025, -0.36932, -0.09862
43.33360, 0.01571, 0.02199, 0.00540, -0.47101, -0.47101, -0.10551, 0.01671, 0.02358, 0.00581, -0.30230, -0.48081, -0.12281
43.34027, 0.01571, 0.01885, 0.00452, 0.00000, -0.47101, -0.13189, 0.01698, 0.02087, 0.00502, -0.38494, -0.61023, -0.15045
43.34694, 0.01257, 0.01571, 0.00381, -0.47101, -0.47101, -0.10551, 0.01400, 0.01798, 0.00437, -0.43169, -0.68448, -0.16693
43.35361, 0.00942, 0.01257, 0.00276, -0.47101, -0.47101, -0.15827, 0.01102, 0.01510, 0.00337, -0.48009, -0.76192, -0.18387
43.36029, 0.00628, 0.00942, 0.00161, -0.47094, -0.47101, -0.17145, 0.00807, 0.01226, 0.00229, -0.53736, -0.85440, -0.20368
43.36696, 0.00314, 0.00314, 0.00029, -0.47101, -0.94195, -0.19783, 0.00517, 0.00636, 0.00105, -0.61026, -0.96763, -0.22749
43.37363, 0.00000, -0.00314, -0.00059, -0.47101, -0.94202, -0.13189, 0.00210, 0.00019, 0.00020, -0.63093, -0.99937, -0.23463
43.38030, -0.00314, -0.00628, -0.00155, -0.47101, -0.47101, -0.14508, -0.00113, -0.00309, -0.00080, -0.60258, -0.95880, -0.22690
43.38697, -0.00628, -0.01257, -0.00279, -0.47101, -0.94202, -0.18464, -0.00437, -0.00953, -0.00206, -0.57300, -0.91104, -0.21752
43.39365, -0.00942, -0.01571, -0.00367, -0.47101, -0.47097, -0.13189, -0.00773, -0.01299, -0.00301, -0.50857, -0.81301, -0.19761
43.40032, -0.01257, -0.02199, -0.00463, -0.47101, -0.94202, -0.14508, -0.01106, -0.01958, -0.00404, -0.45052, -0.71936, -0.17832
43.40699, -0.01571, -0.02513, -0.00525, -0.47097, -0.47101, -0.09232, -0.01452, -0.02322, -0.00476, -0.35381, -0.56909, -0.14724
43.41367, -0.01885, -0.02513, -0.00595, -0.47101, 0.00000, -0.10551, -0.01792, -0.02361, -0.00554, -0.27548, -0.45204, -0.12253
43.42034, -0.01885, -0.02827, -0.00674, 0.00000, -0.47101, -0.11870, -0.01800, -0.02688, -0.00636, -0.25132, -0.41445, -0.11364
43.42701, -0.01885, -0.02827, -0.00718, 0.00000, 0.00000, -0.06594, -0.01820, -0.02717, -0.00687, -0.19197, -0.32644, -0.09444
43.43368, -0.02199, -0.02827, -0.00762, -0.47101, 0.00000, -0.06594, -0.02158, -0.02754, -0.00739, -0.11946, -0.21632, -0.07073
43.44035, -0.02199, -0.02827, -0.00806, 0.00000, 0.00000, -0.06594, -0.02164, -0.02762, -0.00785, -0.10190, -0.19230, -0.06421
43.44703, -0.02199, -0.02827, -0.00850, 0.00000, 0.00000, -0.06594, -0.02161, -0.02755, -0.00828, -0.11290, -0.21351, -0.06671
43.45370, -0.02199, -0.02827, -0.00877, 0.00000, 0.00000, -0.03957, -0.02155, -0.02744, -0.00853, -0.12985, -0.24472, -0.07126
43.46037, -0.02199, -0.02827, -0.00921, 0.00000, 0.00000, -0.06594, -0.02144, -0.02726, -0.00894, -0.16240, -0.30078, -0.08076
43.46704, -0.02199, -0.02827, -0.00947, 0.00000, 0.00000, -0.03957, -0.02134, -0.02707, -0.00917, -0.19401, -0.35634, -0.09024
43.47371, -0.02199, -0.02827, -0.00991, 0.00000, 0.00000, -0.06594, -0.02119, -0.02682, -0.00957, -0.23784, -0.43128, -0.10358
43.48038, -0.02513, -0.03142, -0.01026, -0.47101, -0.47094, -0.05276, -0.02418, -0.02972, -0.00987, -0.28188, -0.50257, -0.11626
43.48706, -0.02513, -0.03142, -0.01061, 0.00000, 0.00000, -0.05276, -0.02411, -0.02958, -0.01020, -0.30518, -0.54578, -0.12311
43.49373, -0.02827, -0.03456, -0.01114, -0.47101, -0.47108, -0.07913, -0.02713, -0.03252, -0.01070, -0.34045, -0.60416, -0.13308
43.50040, -0.02827, -0.03770, -0.01176, 0.00000, -0.47094, -0.09232, -0.02696, -0.03539, -0.01127, -0.39117, -0.68737, -0.14782
43.50707, -0.03142, -0.03770, -0.01185, -0.47094, 0.00000, -0.01319, -0.03015, -0.03543, -0.01137, -0.37731, -0.67497, -0.14337
43.51374, -0.03142, -0.04084, -0.01264, 0.00000, -0.47108, -0.11870, -0.03008, -0.03846, -0.01214, -0.39683, -0.70879, -0.14805
43.52042, -0.03456, -0.04398, -0.01299, -0.47108, -0.47094, -0.05276, -0.03328, -0.04167, -0.01252, -0.38038, -0.68701, -0.14148
43.52709, -0.03456, -0.04712, -0.01343, 0.00000, -0.47105, -0.06594, -0.03332, -0.04487, -0.01298, -0.36729, -0.66979, -0.13554
43.53376, -0.03770, -0.04712, -0.01378, -0.47094, 0.00000, -0.05276, -0.03665, -0.04513, -0.01339, -0.31156, -0.59131, -0.11725
43.54043, -0.03770, -0.04712, -0.01431, 0.00000, 0.00000, -0.07913, -0.03669, -0.04518, -0.01394, -0.29756, -0.57615, -0.11139
43.54710, -0.04084, -0.05027, -0.01466, -0.47108, -0.47097, -0.05276, -0.03984, -0.04832, -0.01430, -0.29446, -0.57437, -0.10832
43.55378, -0.04084, -0.05027, -0.01501, 0.00000, 0.00000, -0.05276, -0.03984, -0.04829, -0.01465, -0.29650, -0.58458, -0.10729
43.56045, -0.04084, -0.05341, -0.01537, 0.00000, -0.47105, -0.05276, -0.03982, -0.05139, -0.01501, -0.30228, -0.59734, -0.10694
43.56712, -0.04398, -0.05341, -0.01545, -0.47094, 0.00000, -0.01319, -0.04309, -0.05158, -0.01515, -0.26090, -0.53941, -0.09208
43.57379, -0.04398, -0.05341, -0.01580, 0.00000, 0.00000, -0.05276, -0.04305, -0.05148, -0.01549, -0.27355, -0.56862, -0.09491
43.58046, -0.04398, -0.05655, -0.01589, 0.00000, -0.47097, -0.01319, -0.04303, -0.05458, -0.01558, -0.28008, -0.58167, -0.09434
43.58714, -0.04398, -0.05655, -0.01580, 0.00000, 0.00000, 0.01319, -0.04310, -0.05466, -0.01552, -0.25792, -0.55670, -0.08616
43.59381, -0.04712, -0.05655, -0.01572, -0.47105, 0.00000, 0.01319, -0.04634, -0.05479, -0.01547, -0.22875, -0.51767, -0.07480
43.60048, -0.04712, -0.05655, -0.01616, 0.00000, 0.00000, -0.06594, -0.04624, -0.05459, -0.01588, -0.26093, -0.57825, -0.08375
43.60715, -0.04712, -0.05969, -0.01607, 0.00000, -0.47097, 0.01319, -0.04613, -0.05756, -0.01577, -0.29169, -0.62984, -0.09066
43.61382, -0.04712, -0.05969, -0.01598, 0.00000, 0.00000, 0.01319, -0.04619, -0.05761, -0.01570, -0.27511, -0.61472, -0.08436
43.62049, -0.05027, -0.05969, -0.01598, -0.47097, 0.00000, 0.00000, -0.04943, -0.05775, -0.01574, -0.24406, -0.57253, -0.07210
43.62717, -0.05027, -0.05969, -0.01616, 0.00000, 0.00000, -0.02638, -0.04941, -0.05769, -0.01591, -0.24908, -0.59053, -0.07242
43.63384, -0.05027, -0.06283, -0.01633, 0.00000, -0.47101, -0.02638, -0.04928, -0.06061, -0.01606, -0.28926, -0.65695, -0.08206
43.64051, -0.05341, -0.06283, -0.01607, -0.47105, 0.00000, 0.03957, -0.05248, -0.06067, -0.01582, -0.27060, -0.63888, -0.07507
43.64718, -0.05341, -0.06597, -0.01624, 0.00000, -0.47101, -0.02638, -0.05241, -0.06368, -0.01598, -0.29238, -0.67602, -0.07863
43.65385, -0.05341, -0.06597, -0.01607, 0.00000, 0.00000, 0.02638, -0.05241, -0.06364, -0.01581, -0.29298, -0.68982, -0.07791
43.66053, -0.05655, -0.06597, -0.01607, -0.47097, 0.00000, 0.00000, -0.05551, -0.06356, -0.01581, -0.30421, -0.71401, -0.07828
43.66720, -0.05655, -0.06912, -0.01616, 0.00000, -0.47101, -0.01319, -0.05541, -0.06651, -0.01587, -0.33522, -0.76941, -0.08570
43.67387, -0.05655, -0.06912, -0.01598, 0.00000, 0.00000, 0.02638, -0.05542, -0.06651, -0.01571, -0.33295, -0.77116, -0.08125
43.68055, -0.05969, -0.07226, -0.01589, -0.47097, -0.47101, 0.01319, -0.05854, -0.06960, -0.01563, -0.33649, -0.78389, -0.07999
43.68722, -0.05969, -0.07226, -0.01580, 0.00000, 0.00000, 0.01319, -0.05846, -0.06945, -0.01553, -0.36195, -0.82880, -0.08377
43.69389, -0.06283, -0.07540, -0.01563, -0.47101, -0.47101, 0.02638, -0.06161, -0.07258, -0.01536, -0.35952, -0.83289, -0.08069
43.70056, -0.06283, -0.07540, -0.01554, 0.00000, 0.00000, 0.01319, -0.06159, -0.07253, -0.01528, -0.36589, -0.84640, -0.07779
43.70723, -0.06283, -0.07854, -0.01545, 0.00000, -0.47094, 0.01319, -0.06153, -0.07556, -0.01518, -0.38163, -0.88082, -0.08069
43.71391, -0.06597, -0.07854, -0.01501, -0.47101, 0.00000, 0.06594, -0.06478, -0.07571, -0.01479, -0.35056, -0.83531, -0.06560
43.72058, -0.06597, -0.08168, -0.01501, 0.00000, -0.47108, 0.00000, -0.06475, -0.07877, -0.01479, -0.35967, -0.85913, -0.06620
43.72725, -0.06912, -0.08168, -0.01457, -0.47101, 0.00000, 0.06594, -0.06790, -0.07878, -0.01438, -0.35720, -0.85731, -0.05929
43.73392, -0.06912, -0.08482, -0.01440, 0.00000, -0.47094, 0.02638, -0.06788, -0.08186, -0.01420, -0.36073, -0.87275, -0.05810
43.74059, -0.06912, -0.08482, -0.01396, 0.00000, 0.00000, 0.06594, -0.06788, -0.08187, -0.01379, -0.36129, -0.87268, -0.05089
43.74726, -0.07226, -0.08796, -0.01352, -0.47101, -0.47105, 0.06594, -0.07108, -0.08506, -0.01337, -0.34505, -0.85700, -0.04330
43.75394, -0.07226, -0.08796, -0.01308, 0.00000, 0.00000, 0.06594, -0.07105, -0.08503, -0.01295, -0.35178, -0.86403, -0.03681
43.76061, -0.07226, -0.08796, -0.01255, 0.00000, 0.00000, 0.07913, -0.07113, -0.08508, -0.01245, -0.32977, -0.84892, -0.02998
43.76728, -0.07226, -0.09111, -0.01193, 0.00000, -0.47097, 0.09232, -0.07115, -0.08826, -0.01186, -0.32378, -0.83782, -0.02108
43.77395, -0.07540, -0.09111, -0.01097, -0.47101, 0.00000, 0.14508, -0.07452, -0.08857, -0.01097, -0.25385, -0.74532, 0.00152
43.78062, -0.07540, -0.09111, -0.01035, 0.00000, 0.00000, 0.09232, -0.07444, -0.08847, -0.01037, -0.27859, -0.77425, 0.00506
43.78730, -0.07540, -0.09111, -0.00947, 0.00000, 0.00000, 0.13189, -0.07451, -0.08853, -0.00951, -0.25658, -0.75834, 0.01218
43.79397, -0.07540, -0.09111, -0.00868, 0.00000, 0.00000, 0.11870, -0.07438, -0.08837, -0.00872, -0.29743, -0.80573, 0.01343
43.80064, -0.07540, -0.09111, -0.00762, 0.00000, 0.00000, 0.15827, -0.07447, -0.08844, -0.00770, -0.27049, -0.78285, 0.02172
43.80731, -0.07540, -0.09111, -0.00674, 0.00000, 0.00000, 0.13189, -0.07431, -0.08829, -0.00683, -0.31675, -0.82809, 0.02551
43.81398, -0.07540, -0.09111, -0.00578, 0.00000, 0.00000, 0.14508, -0.07435, -0.08829, -0.00587, -0.30466, -0.83003, 0.02855
43.82066, -0.07540, -0.09111, -0.00481, 0.00000, 0.00000, 0.14508, -0.07410, -0.08805, -0.00491, -0.38065, -0.90087, 0.03149
43.82733, -0.07540, -0.09111, -0.00375, 0.00000, 0.00000, 0.15827, -0.07417, -0.08808, -0.00387, -0.35992, -0.89054, 0.03666
43.83400, -0.07540, -0.09111, -0.00270, 0.00000, 0.00000, 0.15827, -0.07370, -0.08768, -0.00283, -0.49932, -1.01261, 0.03916
43.84067, -0.07540, -0.09111, -0.00173, 0.00000, 0.00000, 0.14508, -0.07372, -0.08762, -0.00186, -0.49464, -1.03051, 0.03816
43.84734, -0.07540, -0.09111, -0.00059, 0.00000, 0.00000, 0.17146, -0.07226, -0.08638, -0.00070, -0.93135, -1.40229, 0.03485
43.85402, -0.07540, -0.09111, 0.00056, 0.00000, 0.00000, 0.17145, -0.07239, -0.08647, 0.00042, -0.89445, -1.37415, 0.04226
43.86069, -0.07540, -0.09111, 0.00179, 0.00000, 0.00000, 0.18464, -0.07713, -0.09044, 0.00154, 0.52906, -0.18378, 0.07501
43.86736, -0.07540, -0.09425, 0.00302, 0.00000, -0.47101, 0.18464, -0.07713, -0.09360, 0.00274, 0.53028, -0.17611, 0.08358
43.87403, -0.07540, -0.09425, 0.00452, 0.00000, 0.00000, 0.23740, -0.07739, -0.09392, 0.00417, 0.60589, -0.08142, 0.10519
43.88070, -0.07540, -0.09111, 0.00610, 0.00000, 0.47101, 0.23740, -0.07763, -0.09112, 0.00567, 0.67871, 0.01996, 0.12957
43.88737, -0.07540, -0.09111, 0.00768, 0.00000, 0.00000, 0.22421, -0.07767, -0.09120, 0.00721, 0.69251, 0.04491, 0.14252
43.89405, -0.07540, -0.09111, 0.00935, 0.00000, 0.00000, 0.25059, -0.07771, -0.09127, 0.00885, 0.70405, 0.06467, 0.15293
43.90072, -0.07540, -0.09111, 0.01103, 0.00000, 0.00000, 0.25059, -0.07772, -0.09128, 0.01049, 0.70485, 0.06852, 0.16165
43.90739, -0.07540, -0.08796, 0.01270, 0.00000, 0.47097, 0.25059, -0.07778, -0.08821, 0.01213, 0.72541, 0.08963, 0.16978
43.91406, -0.07226, -0.08796, 0.01419, 0.47101, 0.00000, 0.22421, -0.07452, -0.08802, 0.01364, 0.68900, 0.03139, 0.16461
43.92073, -0.07226, -0.08796, 0.01604, 0.00000, 0.00000, 0.27697, -0.07453, -0.08803, 0.01547, 0.69026, 0.03463, 0.17139
43.92741, -0.07226, -0.08796, 0.01780, 0.00000, 0.00000, 0.26378, -0.07456, -0.08806, 0.01720, 0.69957, 0.04624, 0.18052
43.93408, -0.07226, -0.08482, 0.01965, 0.00000, 0.47105, 0.27696, -0.07466, -0.08504, 0.01901, 0.72892, 0.08167, 0.19098
43.94075, -0.07226, -0.08482, 0.02123, 0.00000, 0.00000, 0.23740, -0.07452, -0.08481, 0.02062, 0.68800, 0.01107, 0.18291
43.94743, -0.07226, -0.08482, 0.02281, 0.00000, 0.00000, 0.23740, -0.07432, -0.08449, 0.02225, 0.62785, -0.08522, 0.16874
43.95410, -0.07226, -0.08482, 0.02449, 0.00000, 0.00000, 0.25059, -0.07420, -0.08424, 0.02396, 0.59252, -0.15848, 0.15794
43.96077, -0.07226, -0.08796, 0.02607, 0.00000, -0.47105, 0.23740, -0.07401, -0.08710, 0.02558, 0.53409, -0.24299, 0.14823
43.96744, -0.07226, -0.08796, 0.02774, 0.00000, 0.00000, 0.25059, -0.07406, -0.08711, 0.02723, 0.55097, -0.23928, 0.15214
43.97411, -0.07540, -0.09111, 0.02932, -0.47101, -0.47097, 0.23740, -0.07717, -0.09024, 0.02879, 0.54200, -0.24276, 0.15897
43.98079, -0.07540, -0.09111, 0.03100, 0.00000, 0.00000, 0.25059, -0.07730, -0.09038, 0.03043, 0.58105, -0.20193, 0.17107
43.98746, -0.07540, -0.09425, 0.03267, 0.00000, -0.47101, 0.25059, -0.07726, -0.09348, 0.03208, 0.56791, -0.21466, 0.17643
43.99413, -0.07540, -0.09739, 0.03451, 0.00000, -0.47101, 0.27696, -0.07730, -0.09670, 0.03388, 0.58081, -0.18783, 0.19095
44.00080, -0.07854, -0.09739, 0.03654, -0.47094, 0.00000, 0.30334, -0.08068, -0.09708, 0.03581, 0.65091, -0.07445, 0.21959
44.00747, -0.07854, -0.09739, 0.03838, 0.00000, 0.00000, 0.27696, -0.08088, -0.09736, 0.03758, 0.71098, 0.00788, 0.24278
44.01414, -0.07854, -0.10053, 0.04041, 0.00000, -0.47101, 0.31653, -0.08098, -0.10070, 0.03952, 0.74084, 0.06983, 0.26598
44.02082, -0.07854, -0.10053, 0.04270, 0.00000, 0.00000, 0.32972, -0.08127, -0.10115, 0.04169, 0.82954, 0.20457, 0.30188
44.02749, -0.07854, -0.09739, 0.04507, 0.00000, 0.47101, 0.35610, -0.08162, -0.09856, 0.04393, 0.93283, 0.36891, 0.34089
44.03416, -0.07540, -0.09739, 0.04745, 0.47094, 0.00000, 0.35610, -0.07856, -0.09873, 0.04624, 0.95884, 0.42140, 0.36210
44.04083, -0.07540, -0.09425, 0.05017, 0.00000, 0.47101, 0.40885, -0.07880, -0.09599, 0.04886, 1.03022, 0.53993, 0.39325
44.04750, -0.07226, -0.09111, 0.05290, 0.47101, 0.47101, 0.40885, -0.07583, -0.09309, 0.05151, 1.08157, 0.61241, 0.41583
44.05418, -0.06912, -0.09111, 0.05580, 0.47101, 0.00000, 0.43523, -0.07279, -0.09328, 0.05434, 1.11033, 0.67121, 0.43956
44.06085, -0.06912, -0.08482, 0.05906, 0.00000, 0.94202, 0.48799, -0.07317, -0.08747, 0.05748, 1.22555, 0.81160, 0.47351
44.06752, -0.06597, -0.08168, 0.06187, 0.47101, 0.47094, 0.42204, -0.06995, -0.08424, 0.06028, 1.20301, 0.78434, 0.47684
44.07419, -0.06283, -0.07854, 0.06504, 0.47101, 0.47108, 0.48799, -0.06680, -0.08106, 0.06343, 1.19810, 0.77163, 0.48313
44.08086, -0.05969, -0.07540, 0.06829, 0.47101, 0.47094, 0.47480, -0.06366, -0.07795, 0.06665, 1.19851, 0.78058, 0.49326
44.08754, -0.05655, -0.07226, 0.07146, 0.47097, 0.47101, 0.47480, -0.06053, -0.07481, 0.06979, 1.20266, 0.78027, 0.50169
44.09421, -0.05341, -0.06912, 0.07480, 0.47097, 0.47101, 0.50117, -0.05740, -0.07170, 0.07310, 1.20378, 0.79039, 0.51174
44.10088, -0.05341, -0.06597, 0.07832, 0.00000, 0.47101, 0.52755, -0.05756, -0.06875, 0.07655, 1.25374, 0.84500, 0.53163
44.10755, -0.05027, -0.06283, 0.08158, 0.47105, 0.47101, 0.48799, -0.05435, -0.06552, 0.07980, 1.23103, 0.81884, 0.53431
44.11422, -0.04712, -0.05969, 0.08501, 0.47097, 0.47101, 0.51436, -0.05122, -0.06236, 0.08321, 1.23378, 0.81195, 0.54091
44.12090, -0.04398, -0.05655, 0.08853, 0.47105, 0.47097, 0.52755, -0.04806, -0.05923, 0.08670, 1.23067, 0.81670, 0.54934
44.12757, -0.04084, -0.05341, 0.09187, 0.47094, 0.47097, 0.50118, -0.04492, -0.05603, 0.09003, 1.22846, 0.79643, 0.55275
44.13424, -0.03770, -0.05027, 0.09548, 0.47108, 0.47105, 0.54074, -0.04185, -0.05303, 0.09358, 1.24958, 0.83984, 0.56870
44.14091, -0.03456, -0.04398, 0.09917, 0.47094, 0.94202, 0.55393, -0.03904, -0.04706, 0.09720, 1.34933, 0.93242, 0.59178
44.14758, -0.03142, -0.04084, 0.10269, 0.47108, 0.47094, 0.52755, -0.03593, -0.04401, 0.10067, 1.35837, 0.95957, 0.60499
44.15425, -0.02827, -0.03770, 0.10647, 0.47094, 0.47108, 0.56712, -0.03288, -0.04094, 0.10442, 1.38522, 0.97913, 0.61713
44.16093, -0.02513, -0.03142, 0.11017, 0.47101, 0.94202, 0.55393, -0.02980, -0.03478, 0.10807, 1.40280, 1.01771, 0.62875
44.16760, -0.02199, -0.02827, 0.11377, 0.47101, 0.47094, 0.54074, -0.02664, -0.03150, 0.11168, 1.39924, 0.97510, 0.62795
44.17427, -0.01885, -0.02199, 0.11765, 0.47101, 0.94202, 0.58031, -0.02350, -0.02526, 0.11553, 1.39870, 0.98549, 0.63304
44.18094, -0.01571, -0.01885, 0.12125, 0.47101, 0.47101, 0.54074, -0.02040, -0.02194, 0.11915, 1.40882, 0.93078, 0.62908
44.18761, -0.01257, -0.01571, 0.12486, 0.47097, 0.47101, 0.54074, -0.01711, -0.01861, 0.12278, 1.36508, 0.87433, 0.62323
44.19429, -0.00942, -0.01257, 0.12847, 0.47101, 0.47097, 0.54075, -0.01423, -0.01528, 0.12640, 1.44259, 0.81675, 0.61818
44.20096, -0.00628, -0.00942, 0.13207, 0.47101, 0.47101, 0.54074, -0.01096, -0.01197, 0.13003, 1.40297, 0.76502, 0.61189
44.20763, -0.00314, -0.00628, 0.13550, 0.47101, 0.47101, 0.51437, -0.00994, -0.00863, 0.13346, 2.03976, 0.70504, 0.61281
44.21431, -0.00314, -0.00314, 0.13937, 0.00000, 0.47101, 0.58031, -0.00992, -0.00544, 0.13733, 2.03459, 0.69156, 0.61358
44.22098, 0.00000, 0.00000, 0.14254, 0.47101, 0.47101, 0.47480, -0.00520, -0.00211, 0.14055, 1.56087, 0.63361, 0.59792
44.22765, 0.00314, 0.00314, 0.14597, 0.47101, 0.47101, 0.51437, -0.00191, 0.00128, 0.14402, 1.51413, 0.55903, 0.58450
44.23432, 0.00314, 0.00314, 0.14940, 0.00000, 0.00000, 0.51436, -0.00148, 0.00149, 0.14748, 1.38507, 0.49662, 0.57540
44.24099, 0.00628, 0.00628, 0.15266, 0.47101, 0.47101, 0.48799, 0.00175, 0.00476, 0.15077, 1.35882, 0.45505, 0.56735
44.24767, 0.00628, 0.00628, 0.15582, 0.00000, 0.00000, 0.47480, 0.00184, 0.00485, 0.15394, 1.33253, 0.42947, 0.56585
44.25434, 0.00628, 0.00628, 0.15908, 0.00000, 0.00000, 0.48799, 0.00191, 0.00493, 0.15719, 1.31295, 0.40660, 0.56502
44.26101, 0.00942, 0.00942, 0.16225, 0.47094, 0.47094, 0.47480, 0.00487, 0.00810, 0.16037, 1.36479, 0.39650, 0.56296
44.26768, 0.00942, 0.00942, 0.16532, 0.00000, 0.00000, 0.46161, 0.00496, 0.00821, 0.16346, 1.33842, 0.36347, 0.55950
44.27435, 0.00942, 0.00942, 0.16832, 0.00000, 0.00000, 0.44842, 0.00444, 0.00836, 0.16646, 1.49499, 0.31690, 0.55507
44.28102, 0.00942, 0.00942, 0.17122, 0.00000, 0.00000, 0.42205, 0.00459, 0.00857, 0.16940, 1.44997, 0.25384, 0.54465
44.28770, 0.00942, 0.00942, 0.17421, 0.00000, 0.00000, 0.44842, 0.00132, 0.00873, 0.17238, 2.43104, 0.20550, 0.54928
44.29437, 0.01257, 0.00942, 0.17702, 0.47101, 0.00000, 0.42204, 0.00454, 0.00886, 0.17521, 2.40666, 0.16644, 0.54309
44.30104, 0.01257, 0.00942, 0.18010, 0.00000, 0.00000, 0.46162, 0.00646, 0.00877, 0.17829, 1.83136, 0.19746, 0.54364
44.30771, 0.01257, 0.00942, 0.18301, 0.00000, 0.00000, 0.43523, 0.00638, 0.00863, 0.18116, 1.85334, 0.23568, 0.55345
44.31438, 0.01257, 0.00942, 0.18591, 0.00000, 0.00000, 0.43523, 0.00599, 0.00853, 0.18403, 1.97156, 0.26693, 0.56333
44.32106, 0.01257, 0.00942, 0.18890, 0.00000, 0.00000, 0.44842, 0.00595, 0.00844, 0.18699, 1.98512, 0.29496, 0.57167
44.32773, 0.01257, 0.00942, 0.19189, 0.00000, 0.00000, 0.44843, 0.00263, 0.00839, 0.18992, 2.97808, 0.30914, 0.59000
44.33440, 0.01257, 0.00942, 0.19497, 0.00000, 0.00000, 0.46161, 0.00262, 0.00836, 0.19299, 2.98364, 0.31954, 0.59544
44.34107, 0.01571, 0.00942, 0.19787, 0.47101, 0.00000, 0.43523, 0.00660, 0.00834, 0.19588, 2.72942, 0.32955, 0.59688
44.34774, 0.01571, 0.01257, 0.20130, 0.00000, 0.47101, 0.51437, 0.00642, 0.01115, 0.19925, 2.78604, 0.42434, 0.61599
44.35442, 0.01571, 0.01257, 0.20430, 0.00000, 0.00000, 0.44842, 0.02640, 0.01074, 0.20241, -3.18363, 0.53268, 0.56420
44.36109, 0.01885, 0.01571, 0.20746, 0.47101, 0.47101, 0.48799, 0.02913, 0.01375, 0.20555, -3.08691, 0.58374, 0.57439
44.36776, 0.01885, 0.01571, 0.21063, 0.00000, 0.00000, 0.46161, 0.02522, 0.01382, 0.20866, -1.91383, 0.56371, 0.58937
44.37443, 0.02199, 0.01885, 0.21380, 0.47101, 0.47101, 0.47480, 0.02816, 0.01696, 0.21183, -1.85367, 0.56409, 0.58951
44.38110, 0.02199, 0.01885, 0.21705, 0.00000, 0.00000, 0.48799, 0.02679, 0.01703, 0.21507, -1.44390, 0.54367, 0.59437
44.38778, 0.02513, 0.02199, 0.22013, 0.47101, 0.47101, 0.46161, 0.02973, 0.02014, 0.21814, -1.38176, 0.55225, 0.59598
44.39445, 0.02513, 0.02199, 0.22330, 0.00000, 0.00000, 0.47480, 0.02894, 0.02014, 0.22129, -1.14565, 0.55174, 0.60236
44.40112, 0.02513, 0.02513, 0.22655, 0.00000, 0.47101, 0.48799, 0.02875, 0.02318, 0.22452, -1.08774, 0.58113, 0.60822
44.40779, 0.02827, 0.02827, 0.22954, 0.47101, 0.47101, 0.44842, 0.03139, 0.02642, 0.22753, -0.93948, 0.55189, 0.60361
44.41446, 0.02827, 0.02827, 0.23253, 0.00000, 0.00000, 0.44842, 0.03143, 0.02671, 0.23057, -0.94921, 0.46465, 0.58893
44.42113, 0.03142, 0.02827, 0.23552, 0.47097, 0.00000, 0.44843, 0.03423, 0.02696, 0.23360, -0.84751, 0.38843, 0.57712
44.42781, 0.03142, 0.02827, 0.23869, 0.00000, 0.00000, 0.47480, 0.03408, 0.02694, 0.23676, -0.80260, 0.39524, 0.58055
44.43448, 0.03142, 0.03142, 0.24177, 0.00000, 0.47097, 0.46161, 0.03381, 0.02996, 0.23981, -0.72180, 0.43253, 0.58663
44.44115, 0.03142, 0.03142, 0.24459, 0.00000, 0.00000, 0.42204, 0.03376, 0.03008, 0.24265, -0.70794, 0.39479, 0.58097
44.44782, 0.03456, 0.03142, 0.24740, 0.47101, 0.00000, 0.42205, 0.03671, 0.03028, 0.24550, -0.64896, 0.33379, 0.57085
44.45449, 0.03456, 0.03142, 0.25057, 0.00000, 0.00000, 0.47480, 0.03658, 0.03027, 0.24866, -0.61220, 0.33861, 0.57314
44.46117, 0.03456, 0.03142, 0.25329, 0.00000, 0.00000, 0.40885, 0.03639, 0.03025, 0.25137, -0.55365, 0.34501, 0.57615
44.46784, 0.03456, 0.03456, 0.25620, 0.00000, 0.47101, 0.43523, 0.03627, 0.03329, 0.25427, -0.51691, 0.37442, 0.57941
44.47451, 0.03456, 0.03456, 0.25892, 0.00000, 0.00000, 0.40886, 0.03616, 0.03336, 0.25700, -0.48379, 0.35391, 0.57684
44.48118, 0.03456, 0.03456, 0.26165, 0.00000, 0.00000, 0.40886, 0.03613, 0.03346, 0.25975, -0.47512, 0.32308, 0.57165
44.48786, 0.03456, 0.03456, 0.26429, 0.00000, 0.00000, 0.39566, 0.03607, 0.03358, 0.26241, -0.45850, 0.28775, 0.56541
44.49453, 0.03456, 0.03456, 0.26667, 0.00000, 0.00000, 0.36929, 0.03615, 0.03384, 0.26483, -0.48267, 0.20968, 0.54971
44.50120, 0.03456, 0.03456, 0.26913, 0.00000, 0.00000, 0.35610, 0.03625, 0.03416, 0.26736, -0.51075, 0.11378, 0.52966
44.50787, 0.03456, 0.03142, 0.27150, 0.00000, -0.47101, 0.35610, 0.03632, 0.03133, 0.26979, -0.53406, 0.02132, 0.51354
44.51455, 0.03456, 0.03142, 0.27406, 0.00000, 0.00000, 0.38248, 0.03623, 0.03132, 0.27235, -0.50575, 0.02250, 0.51216
44.52122, 0.03456, 0.02827, 0.27617, 0.00000, -0.47097, 0.31653, 0.03621, 0.02832, 0.27448, -0.49907, -0.01942, 0.50593
44.52789, 0.03142, 0.02513, 0.27863, -0.47101, -0.47101, 0.36929, 0.03299, 0.02516, 0.27693, -0.47488, -0.01165, 0.50986
44.53456, 0.03142, 0.02513, 0.28092, 0.00000, 0.00000, 0.34291, 0.03287, 0.02508, 0.27921, -0.44162, 0.01131, 0.51300
44.54123, 0.03142, 0.02199, 0.28338, 0.00000, -0.47101, 0.36929, 0.03269, 0.02184, 0.28164, -0.38494, 0.04120, 0.52219
44.54790, 0.03142, 0.02199, 0.28602, 0.00000, 0.00000, 0.39567, 0.03237, 0.02143, 0.28420, -0.28943, 0.16366, 0.54685
44.55458, 0.03142, 0.02199, 0.28866, 0.00000, 0.00000, 0.39566, 0.03200, 0.02097, 0.28674, -0.18028, 0.30232, 0.57611
44.56125, 0.03142, 0.02199, 0.29139, 0.00000, 0.00000, 0.40886, 0.03164, 0.02049, 0.28936, -0.07148, 0.44526, 0.60753
44.56792, 0.03142, 0.02199, 0.29429, 0.00000, 0.00000, 0.43523, 0.03127, 0.02003, 0.29215, 0.03875, 0.58592, 0.63990
44.57459, 0.03456, 0.02513, 0.29737, 0.47101, 0.47101, 0.46161, 0.03401, 0.02264, 0.29512, 0.16057, 0.74297, 0.67280
44.58126, 0.03456, 0.02827, 0.30045, 0.00000, 0.47101, 0.47480, 0.03370, 0.02533, 0.29810, 0.25252, 0.87806, 0.70232
44.58794, 0.03770, 0.03456, 0.30361, 0.47101, 0.94199, 0.46162, 0.03664, 0.03134, 0.30122, 0.31381, 0.96057, 0.71774
44.59461, 0.04084, 0.03770, 0.30652, 0.47101, 0.47101, 0.43523, 0.03977, 0.03460, 0.30414, 0.31535, 0.92503, 0.71317
44.60128, 0.04398, 0.04084, 0.30960, 0.47101, 0.47101, 0.44842, 0.04293, 0.03787, 0.30724, 0.31026, 0.88494, 0.70704
44.60795, 0.04712, 0.04712, 0.31267, 0.47101, 0.94202, 0.46161, 0.04606, 0.04417, 0.31033, 0.31299, 0.87783, 0.70298
44.61462, 0.05027, 0.05027, 0.31549, 0.47094, 0.47094, 0.42205, 0.04935, 0.04763, 0.31321, 0.26954, 0.78057, 0.68382
44.62130, 0.05341, 0.05341, 0.31839, 0.47108, 0.47108, 0.43523, 0.05264, 0.05111, 0.31618, 0.22517, 0.68131, 0.66314
44.62797, 0.05341, 0.05655, 0.32121, 0.00000, 0.47094, 0.42204, 0.05282, 0.05453, 0.31906, 0.17040, 0.59699, 0.64430
44.63464, 0.05655, 0.05655, 0.32376, 0.47094, 0.00000, 0.38248, 0.05619, 0.05504, 0.32171, 0.10119, 0.44105, 0.61388
44.64131, 0.05655, 0.05655, 0.32649, 0.00000, 0.00000, 0.42205, 0.05634, 0.05534, 0.32450, 0.05498, 0.35346, 0.59612
44.64798, 0.05655, 0.05969, 0.32886, 0.00000, 0.47105, 0.34291, 0.05648, 0.05868, 0.32693, 0.01264, 0.29373, 0.57908
44.65466, 0.05655, 0.05969, 0.33115, 0.00000, 0.00000, 0.32972, 0.05668, 0.05902, 0.32929, -0.04572, 0.18977, 0.55628
44.66133, 0.05655, 0.05655, 0.33344, 0.00000, -0.47105, 0.34291, 0.05682, 0.05622, 0.33164, -0.08854, 0.08912, 0.53747
44.66800, 0.05655, 0.05655, 0.33563, 0.00000, 0.00000, 0.32972, 0.05684, 0.05628, 0.33386, -0.09435, 0.07040, 0.53074
44.67467, 0.05341, 0.05341, 0.33766, -0.47094, -0.47094, 0.30335, 0.05377, 0.05326, 0.33591, -0.11539, 0.03355, 0.52423
44.68134, 0.05341, 0.05341, 0.33959, 0.00000, 0.00000, 0.29015, 0.05377, 0.05330, 0.33786, -0.11616, 0.02376, 0.51903
44.68801, 0.05341, 0.05027, 0.34144, 0.00000, -0.47108, 0.27697, 0.05379, 0.05028, 0.33973, -0.12106, -0.01434, 0.51213
44.69469, 0.05027, 0.05027, 0.34338, -0.47108, 0.00000, 0.29015, 0.05063, 0.05019, 0.34166, -0.11553, 0.01324, 0.51440
44.70136, 0.05027, 0.04712, 0.34496, 0.00000, -0.47094, 0.23740, 0.05063, 0.04715, 0.34326, -0.11589, -0.01717, 0.50921
44.70803, 0.05027, 0.04712, 0.34672, 0.00000, 0.00000, 0.26378, 0.05060, 0.04713, 0.34503, -0.10667, -0.00994, 0.50749
44.71470, 0.05027, 0.04398, 0.34830, 0.00000, -0.47101, 0.23740, 0.05058, 0.04405, 0.34662, -0.10073, -0.02965, 0.50452
44.72137, 0.04712, 0.04398, 0.35024, -0.47094, 0.00000, 0.29016, 0.04729, 0.04376, 0.34850, -0.05723, 0.05846, 0.51969
44.72805, 0.04712, 0.04398, 0.35191, 0.00000, 0.00000, 0.25059, 0.04720, 0.04363, 0.35016, -0.02698, 0.09778, 0.52564
44.73472, 0.04712, 0.04084, 0.35358, 0.00000, -0.47101, 0.25058, 0.04717, 0.04055, 0.35183, -0.02124, 0.07848, 0.52397
44.74139, 0.04712, 0.04084, 0.35560, 0.00000, 0.00000, 0.29016, 0.04707, 0.04041, 0.35383, 0.01143, 0.12205, 0.53118
44.74806, 0.04712, 0.04084, 0.35745, 0.00000, 0.00000, 0.27697, 0.04692, 0.04021, 0.35564, 0.05438, 0.18209, 0.54225
44.75474, 0.04398, 0.04084, 0.35947, -0.47101, 0.00000, 0.30334, 0.04368, 0.03999, 0.35762, 0.08447, 0.24810, 0.55505
44.76141, 0.04398, 0.04084, 0.36115, 0.00000, 0.00000, 0.25059, 0.04375, 0.04012, 0.35932, 0.06643, 0.21166, 0.54713
44.76808, 0.04398, 0.04084, 0.36299, 0.00000, 0.00000, 0.27697, 0.04378, 0.04020, 0.36119, 0.05485, 0.18553, 0.54106
44.77475, 0.04398, 0.04084, 0.36466, 0.00000, 0.00000, 0.25058, 0.04387, 0.04035, 0.36290, 0.02683, 0.13461, 0.52955
44.78143, 0.04398, 0.03770, 0.36616, 0.00000, -0.47101, 0.22422, 0.04399, 0.03750, 0.36444, -0.00812, 0.05214, 0.51521
44.78810, 0.04398, 0.03770, 0.36766, 0.00000, 0.00000, 0.22421, 0.04406, 0.03763, 0.36597, -0.02750, 0.01645, 0.50578
44.79477, 0.04398, 0.03770, 0.36924, 0.00000, 0.00000, 0.22421, 0.04403, 0.03759, 0.36756, -0.02080, 0.02173, 0.50463
44.80144, 0.04084, 0.03456, 0.37073, -0.47101, -0.47101, 0.22421, 0.04088, 0.03443, 0.36904, -0.01940, 0.02506, 0.50726
44.80811, 0.04084, 0.03456, 0.37205, 0.00000, 0.00000, 0.19783, 0.04091, 0.03451, 0.37038, -0.02322, 0.01396, 0.50290
44.81479, 0.04084, 0.03142, 0.37337, 0.00000, -0.47101, 0.19783, 0.04094, 0.03149, 0.37172, -0.03735, -0.03350, 0.49518
44.82146, 0.03770, 0.03142, 0.37487, -0.47101, 0.00000, 0.21103, 0.03779, 0.03139, 0.37321, -0.03456, -0.00675, 0.49832
44.82813, 0.03770, 0.02827, 0.37610, 0.00000, -0.47097, 0.18464, 0.03777, 0.02832, 0.37444, -0.02837, -0.02193, 0.49731
44.83480, 0.03770, 0.02827, 0.37768, 0.00000, 0.00000, 0.23740, 0.03763, 0.02812, 0.37598, 0.01976, 0.04941, 0.51013
44.84147, 0.03770, 0.02513, 0.37883, 0.00000, -0.47101, 0.17146, 0.03743, 0.02475, 0.37707, 0.07718, 0.11412, 0.52658
44.84814, 0.03456, 0.02513, 0.38032, -0.47101, 0.00000, 0.22421, 0.03406, 0.02434, 0.37847, 0.15966, 0.26485, 0.55735
44.85482, 0.03456, 0.02513, 0.38173, 0.00000, 0.00000, 0.21102, 0.03385, 0.02399, 0.37983, 0.20104, 0.32279, 0.57057
44.86149, 0.03456, 0.02199, 0.38305, 0.00000, -0.47101, 0.19783, 0.03378, 0.02084, 0.38112, 0.22471, 0.33173, 0.57816
44.86816, 0.03456, 0.02199, 0.38437, 0.00000, 0.00000, 0.19784, 0.03367, 0.02074, 0.38238, 0.27707, 0.40741, 0.59550
44.87483, 0.03142, 0.01885, 0.38560, -0.47101, -0.47101, 0.18464, 0.03034, 0.01728, 0.38354, 0.32310, 0.47719, 0.61687
44.88150, 0.03142, 0.01885, 0.38675, 0.00000, 0.00000, 0.17146, 0.03007, 0.01683, 0.38462, 0.38062, 0.55878, 0.63750
44.88818, 0.02827, 0.01571, 0.38780, -0.47097, -0.47101, 0.15826, 0.02701, 0.01394, 0.38563, 0.40065, 0.58771, 0.65142
44.89485, 0.02827, 0.01571, 0.38886, 0.00000, 0.00000, 0.15827, 0.02676, 0.01350, 0.38663, 0.44270, 0.64409, 0.66813
44.90152, 0.02827, 0.01257, 0.38991, 0.00000, -0.47101, 0.15827, 0.02674, 0.01046, 0.38765, 0.47013, 0.65697, 0.68007
44.90819, 0.02513, 0.00942, 0.39088, -0.47101, -0.47101, 0.14507, 0.02348, 0.00716, 0.38854, 0.50957, 0.71568, 0.70191
44.91486, 0.02199, 0.00628, 0.39167, -0.47101, -0.47094, 0.11870, 0.02012, 0.00357, 0.38928, 0.52376, 0.73210, 0.71632
44.92154, 0.01885, 0.00314, 0.39202, -0.47101, -0.47101, 0.05276, 0.01710, 0.00075, 0.38958, 0.54577, 0.76421, 0.73319
44.92821, 0.01571, -0.00628, 0.39194, -0.47101, -1.41303, -0.01319, 0.01387, -0.00867, 0.38944, 0.56105, 0.74082, 0.74832
44.93488, 0.00942, -0.01257, 0.39158, -0.94202, -0.94202, -0.05276, 0.00742, -0.01523, 0.38899, 0.60383, 0.80990, 0.77857
44.94155, 0.00314, -0.02199, 0.39114, -0.94195, -1.41300, -0.06594, 0.00084, -0.02520, 0.38845, 0.63076, 0.82843, 0.80452
44.94822, -0.00314, -0.03456, 0.39079, -0.94202, -1.88404, -0.05276, -0.00534, -0.03725, 0.38799, 0.67991, 0.86704, 0.83787
44.95490, -0.00942, -0.04398, 0.39044, -0.94202, -1.41296, -0.05275, -0.01208, -0.04743, 0.38747, 0.78571, 1.00884, 0.89125
44.96157, -0.01571, -0.05341, 0.39009, -0.94199, -1.41307, -0.05276, -0.01895, -0.05779, 0.38689, 0.92612, 1.20597, 0.95790
44.96824, -0.02199, -0.06597, 0.38974, -0.94202, -1.88397, -0.05275, -0.02558, -0.07062, 0.38627, 1.09442, 1.42384, 1.03491
44.97491, -0.02827, -0.07540, 0.38921, -0.94202, -1.41303, -0.07914, -0.03264, -0.08118, 0.38544, 1.29937, 1.71763, 1.12706
44.98158, -0.03456, -0.08482, 0.38868, -0.94202, -1.41296, -0.07913, -0.03939, -0.09097, 0.38461, 1.53167, 2.05259, 1.23018
44.98825, -0.04084, -0.09739, 0.38806, -0.94202, -1.88404, -0.09232, -0.04668, -0.10525, 0.38361, 1.78689, 2.39630, 1.34478
44.99493, -0.04712, -0.10681, 0.38745, -0.94199, -1.41300, -0.09232, -0.05502, -0.11863, 0.38247, 2.10231, 2.84368, 1.48378
45.00160, -0.05341, -0.11624, 0.38683, -0.94202, -1.41303, -0.09233, -0.06101, -0.12588, 0.38139, 2.42658, 3.32417, 1.62596
45.00827, -0.05969, -0.12881, 0.38631, -0.94195, -1.88404, -0.07913, -0.06940, -0.14273, 0.38040, 2.75501, 3.76001, 1.77746
45.01494, -0.06597, -0.13823, 0.38578, -0.94202, -1.41300, -0.07913, -0.07534, -0.14966, 0.37931, 3.14490, 4.33890, 1.94918
45.02162, -0.07226, -0.15080, 0.38534, -0.94202, -1.88404, -0.06595, -0.08501, -0.16975, 0.37823, 3.50655, 4.80469, 2.12276
45.02829, -0.07854, -0.16336, 0.38481, -0.94195, -1.88397, -0.07913, -0.08925, -0.17458, 0.37711, 3.93412, 5.43336, 2.31343
45.03496, -0.08482, -0.17279, 0.38437, -0.94202, -1.41303, -0.06594, -0.10013, -0.19515, 0.37600, 4.36906, 6.01685, 2.52248
45.04163, -0.09111, -0.18535, 0.38393, -0.94202, -1.88401, -0.06595, -0.10534, -0.20281, 0.37488, 4.82602, 6.67025, 2.73511
45.04831, -0.09739, -0.19792, 0.38358, -0.94202, -1.88397, -0.05275, -0.11335, -0.21783, 0.37387, 5.30010, 7.31794, 2.96319
45.05498, -0.10681, -0.21049, 0.38323, -1.41300, -1.88404, -0.05276, -0.12826, -0.24338, 0.37245, 5.77526, 7.95158, 3.20947
45.06165, -0.11310, -0.22305, 0.38287, -0.94202, -1.88401, -0.05276, -0.13387, -0.25140, 0.37136, 6.28105, 8.66811, 3.45667
45.06832, -0.11938, -0.23876, 0.38261, -0.94202, -2.35498, -0.03956, -0.14357, -0.27338, 0.36994, 6.79099, 9.31943, 3.71710
45.07499, -0.12566, -0.25133, 0.38235, -0.94202, -1.88404, -0.03957, -0.14528, -0.27053, 0.36905, 7.41834, 10.26344, 4.01037
45.08167, -0.13509, -0.26704, 0.38208, -1.41296, -2.35502, -0.03957, -0.16087, -0.30036, 0.36767, 8.00550, 11.01401, 4.31826
45.08834, -0.14137, -0.27960, 0.38173, -0.94202, -1.88401, -0.05275, -0.17141, -0.32332, 0.36637, 8.63748, 11.86843, 4.64383
45.09501, -0.14766, -0.29531, 0.38129, -0.94202, -2.35502, -0.06595, -0.19080, -0.37392, 0.36460, 9.24705, 12.52599, 4.98101
45.10168, -0.15708, -0.31102, 0.38094, -1.41300, -2.35502, -0.05275, -0.18439, -0.33887, 0.36325, 10.04722, 13.87330, 5.34883
45.10835, -0.16336, -0.32987, 0.38050, -0.94202, -2.82606, -0.06595, -0.20866, -0.40665, 0.36101, 10.70612, 14.52252, 5.72634
45.11502, -0.17279, -0.34558, 0.38015, -1.41303, -2.35498, -0.05275, -0.21640, -0.41420, 0.35977, 11.53391, 15.74820, 6.14683
45.12170, -0.18221, -0.36442, 0.37980, -1.41296, -2.82603, -0.05276, -0.23941, -0.46659, 0.35724, 12.31725, 16.66377, 6.57914
45.12837, -0.18850, -0.38327, 0.37953, -0.94202, -2.82599, -0.03956, -0.23293, -0.44179, 0.35459, 13.29428, 18.20605, 7.04804
45.13504, -0.19792, -0.40212, 0.37927, -1.41300, -2.82603, -0.03957, -0.25120, -0.48332, 0.35333, 14.27487, 19.44457, 7.55440
45.14171, -0.20735, -0.42097, 0.37909, -1.41303, -2.82606, -0.02638, -0.26373, -0.50294, 0.35070, 15.27305, 20.85667, 8.08519
45.14838, -0.21677, -0.44296, 0.37892, -1.41303, -3.29700, -0.02638, -0.23143, -0.38216, 0.34857, 16.62166, 23.27052, 8.64866
45.15506, -0.22619, -0.46496, 0.37865, -1.41300, -3.29704, -0.03956, -0.26354, -0.47759, 0.34827, 17.60048, 24.39266, 9.23465
45.16173, -0.23562, -0.48695, 0.37839, -1.41300, -3.29700, -0.03957, -0.23947, -0.39805, 0.34982, 19.05263, 26.71167, 9.87190
45.16840, -0.24504, -0.50894, 0.37821, -1.41300, -3.29697, -0.02638, -0.41147, -0.91212, 0.34017, 19.33494, 25.07248, 10.50123
45.17507, -0.25761, -0.53407, 0.37795, -1.88404, -3.76805, -0.03956, -0.33311, -0.64173, 0.33719, 21.27177, 28.98980, 11.22474
45.18174, -0.26704, -0.55920, 0.37777, -1.41300, -3.76809, -0.02638, -0.27419, -0.45913, 0.34151, 22.98295, 32.18907, 11.96845

45.19508, -0.28903, -0.61575, 0.37742, -1.41307, -4.23906, -0.01319, -0.33081, -0.60924, 0.33864, 21.79415, 29.56396, 11.93470

45.20843, -0.31416, -0.67544, 0.37707, -1.88397, -4.71000, -0.02638, -0.34990, -0.68050, 0.34325, 20.68474, 27.39348, 11.90852

45.22178, -0.33929, -0.73827, 0.37654, -1.88401, -4.71004, -0.03957, -0.41264, -0.85654, 0.33619, 19.51198, 24.66772, 11.87452

45.23512, -0.36757, -0.80739, 0.37619, -2.35502, -5.18108, -0.02638, -0.60033, -1.40330, 0.32172, 17.50787, 19.27841, 11.81439

45.24846, -0.39584, -0.88593, 0.37592, -2.35498, -6.12303, -0.01319, -0.43609, -0.91040, 0.34036, 17.72275, 21.40137, 11.83165

45.26181, -0.42726, -0.96761, 0.37592, -2.35509, -6.12303, 0.00000, -0.39000, -0.72131, 0.33951, 17.17410, 21.24882, 11.82492

45.27515, -0.45867, -1.05558, 0.37584, -2.35502, -6.59401, -0.01319, -0.44227, -0.87811, 0.33750, 16.17622, 18.98902, 11.79732

45.28849, -0.49637, -1.15296, 0.37575, -2.82603, -7.53610, 0.00000, -0.60772, -1.40003, 0.33094, 14.47207, 14.06625, 11.74201

45.30183, -0.53407, -1.25664, 0.37566, -3.29697, -8.00708, 0.00000, -0.66685, -1.58318, 0.33068, 13.47032, 11.95543, 11.71708

45.31518, -0.57177, -1.36973, 0.37566, -2.82599, -8.47805, 0.01319, -0.72799, -1.76602, 0.32598, 12.42033, 9.15347, 11.68425

45.32853, -0.61575, -1.48911, 0.37575, -3.29704, -8.94903, 0.01318, -0.65552, -1.53784, 0.33242, 12.22888, 10.41601, 11.69234

45.34187, -0.66288, -1.61792, 0.37601, -3.76805, -9.89112, 0.01319, -0.78435, -1.95446, 0.34413, 10.83580, 5.91231, 11.64350

45.35522, -0.71000, -1.73416, 0.37636, -3.76801, -8.47805, 0.02638, -0.69834, -1.51226, 0.33052, 10.77697, 8.66337, 11.66152

45.36856, -0.76341, -1.74358, 0.37672, -3.76798, -0.94202, 0.01319, -0.65011, -1.18727, 0.33062, 10.48678, 9.18260, 11.66268

45.38190, -0.81996, -1.72473, 0.37707, -4.23903, 1.41300, 0.01319, -0.81464, -1.59336, 0.33502, 8.99590, 6.01478, 11.62206

45.39524, -0.87965, -1.71845, 0.37716, -4.71007, 0.94195, 0.01319, -0.63726, -0.77445, 0.34248, 9.63501, 9.60166, 11.65943

45.40859, -0.94562, -1.71845, 0.37724, -4.71011, 0.00000, 0.01319, -1.00052, -1.81942, 0.33719, 7.00007, 2.71192, 11.57569

45.42193, -1.01788, -1.71845, 0.37733, -5.65206, 0.00000, 0.00000, -1.05844, -1.77809, 0.33040, 6.14455, 0.13984, 11.54900

45.43528, -1.09013, -1.71845, 0.37742, -5.65199, 0.00000, 0.00000, -1.27700, -2.28688, 0.32619, 4.53823, -1.66004, 11.51530

45.44862, -1.16867, -1.72159, 0.37751, -6.12303, 0.00000, 0.00000, -1.08741, -1.34194, 0.34123, 5.15108, 1.12468, 11.55007

45.46197, -1.25350, -1.72159, 0.37751, -6.59401, 0.00000, 0.00000, -1.26231, -1.70791, 0.34056, 3.79148, 1.26071, 11.52822

45.47531, -1.34460, -1.72159, 0.37751, -7.06505, 0.00000, 0.00000, -1.31997, -1.57663, 0.33780, 3.10238, -1.79269, 11.50716

45.48866, -1.43885, -1.72159, 0.37760, -7.06505, 0.00000, 0.00000, -1.55847, -2.12907, 0.33653, 1.36303, -3.83350, 11.47101

45.50200, -1.53624, -1.72159, 0.37760, -7.53610, 0.00000, 0.00000, -1.20736, -0.32345, 0.34690, 3.01597, 6.12500, 11.56766

45.51534, -1.64305, -1.72159, 0.37760, -8.00708, 0.00000, 0.00000, -1.53982, -1.36602, 0.35217, 0.77972, 0.12594, 11.49666

45.52869, -1.75301, -1.72159, 0.37768, -8.47798, 0.00000, 0.01319, -1.67314, -1.58817, 0.36279, -0.40809, -2.99882, 11.46288

45.54203, -1.86925, -1.72159, 0.37795, -8.94903, 0.00000, 0.02638, -1.22558, 0.75058, 0.34158, 1.68655, 14.57596, 11.61892

45.55537, -1.99177, -1.72159, 0.37821, -9.42007, 0.00000, 0.02637, -1.90864, -1.39623, 0.33865, -2.30013, -2.14308, 11.44912

45.56872, -2.11743, -1.72159, 0.37856, -9.42007, 0.00000, 0.02638, -2.09349, -1.66629, 0.34156, -3.92221, -3.75304, 11.42416

45.58207, -2.24938, -1.72159, 0.37883, -9.89105, 0.00000, 0.02638, -1.98511, -0.84368, 0.35686, -3.08738, 1.19521, 11.46128

45.59541, -2.38447, -1.72159, 0.37909, -10.36209, 0.00000, 0.02638, -2.42260, -1.94668, 0.33836, -6.20625, -6.67478, 11.37438

45.60875, -2.52270, -1.72159, 0.37944, -10.36209, 0.00000, 0.02638, -2.46896, -1.64011, 0.34214, -6.19522, -5.38782, 11.37500

45.62210, -2.66407, -1.72159, 0.37988, -10.83314, 0.00000, 0.03956, -2.62222, -1.69407, 0.34422, -7.58670, -5.80785, 11.36160

45.63544, -2.81173, -1.72159, 0.38024, -11.30404, 0.00000, 0.02638, -2.77240, -1.63709, 0.34292, -8.12358, -5.91681, 11.34523

45.64878, -2.95624, -1.72159, 0.38050, -10.83307, 0.00000, 0.01318, -2.86484, -1.44792, 0.34532, -9.09621, -4.83456, 11.34594

45.66213, -3.10389, -1.72159, 0.38068, -11.30404, 0.00000, 0.01319, -3.05215, -1.59347, 0.33581, -9.65294, -4.86986, 11.32908

45.67547, 3.03478, -1.72159, 0.38068, -10.83321, 0.00000, 0.00000, 2.87421, -1.78569, 0.34176, 22.41494, -8.00375, 11.64792

45.68882, 2.89026, -1.72159, 0.38050, -10.83314, 0.00000, -0.01319, 2.85853, -1.46382, 0.34082, 22.79254, -5.56602, 11.67052

45.70216, 2.74575, -1.72159, 0.38032, -10.83307, 0.00000, -0.01319, 2.64467, -1.73428, 0.33282, 20.83335, -8.10537, 11.63439

45.71550, 2.60752, -1.72159, 0.37997, -10.36209, 0.00000, -0.02638, 3.35498, 2.04325, 0.37077, 26.04564, 18.07174, 11.88134

45.72885, 2.46929, -1.72159, 0.37962, -10.36202, 0.00000, -0.02637, 2.40384, -1.68857, 0.34065, 19.64198, -6.78868, 11.62101

45.74219, 2.33420, -1.72159, 0.37918, -9.89105, 0.00000, -0.03957, 2.25890, -1.67398, 0.33965, 19.95166, -4.20173, 11.61206

45.75554, 2.20540, -1.72159, 0.37865, -9.89112, 0.00000, -0.03956, 2.13562, -1.74932, 0.33936, 18.27366, -5.96517, 11.59297

45.76888, 2.07973, -1.72159, 0.37812, -9.42014, 0.00000, -0.03957, 2.00231, -1.78293, 0.33839, 18.53997, -5.10631, 11.57573

45.78222, 1.96035, -1.72159, 0.37751, -8.94910, 0.00000, -0.05276, 1.89016, -1.76585, 0.33750, 16.99553, -5.89955, 11.56398

45.79557, 1.84726, -1.72159, 0.37689, -8.47798, 0.00000, -0.05276, 1.78412, -1.75063, 0.33848, 17.38783, -4.08425, 11.55717

45.80891, 1.73730, -1.72159, 0.37628, -8.00708, 0.00000, -0.05275, 1.70656, -1.58398, 0.33957, 16.00070, -4.51914, 11.55168

45.82225, 1.63363, -1.72159, 0.37575, -8.00708, 0.00000, -0.03957, 1.57519, -1.67699, 0.33630, 16.34741, -3.04043, 11.53144

45.83560, 1.53310, -1.72159, 0.37522, -7.53596, 0.00000, -0.03957, 1.46549, -1.82859, 0.33479, 14.59293, -5.68498, 11.50990

45.84895, 1.43885, -1.72159, 0.37478, -7.06520, 0.00000, -0.02637, 1.38210, -1.75810, 0.33521, 15.50417, -2.59163, 11.50785

45.86229, 1.35088, -1.72159, 0.37425, -6.59408, 0.00000, -0.03957, 1.27814, -1.87859, 0.33397, 13.77788, -5.23147, 11.48206

45.87563, 1.26920, -1.72159, 0.37390, -6.12296, 0.00000, -0.02638, 1.17309, -1.82449, 0.33464, 14.36809, -4.29984, 11.47940

45.88898, 1.19380, -1.72159, 0.37355, -5.65199, 0.00000, -0.02638, 1.14846, -1.72765, 0.33574, 13.32162, -4.12197, 11.47978

45.90232, 1.12155, -1.72159, 0.37337, -5.18115, 0.00000, -0.01319, 1.04856, -1.78951, 0.33109, 13.39002, -4.54400, 11.46459

45.91566, 1.05557, -1.72159, 0.37337, -4.71004, 0.00000, 0.00000, 0.99470, -1.73990, 0.33566, 12.27118, -4.58020, 11.45628

45.92901, 0.99274, -1.72159, 0.37337, -4.71004, 0.00000, 0.00000, 0.85589, -1.98374, 0.32682, 12.12250, -7.32565, 11.42482

45.94235, 0.93619, -1.72159, 0.37346, -4.23892, 0.00000, 0.01319, 0.88182, -1.83568, 0.33599, 11.55646, -4.94356, 11.44173

45.95570, 0.88279, -1.72159, 0.37355, -3.76809, 0.00000, 0.01319, 0.75544, -1.97838, 0.33327, 11.03372, -9.10912, 11.40555

45.96904, 0.83566, -1.72159, 0.37364, -3.29711, 0.00000, 0.01319, 0.87660, -1.30187, 0.33585, 11.19305, -2.61876, 11.45016

45.98238, 0.79168, -1.72159, 0.37373, -3.29711, 0.00000, 0.01319, 0.66898, -2.06550, 0.32662, 10.25921, -10.29263, 11.37796

45.99573, 0.75084, -1.72159, 0.37381, -2.82599, 0.00000, 0.00000, 0.75026, -1.65548, 0.33856, 10.16070, -6.04764, 11.41766

46.00907, 0.71628, -1.72159, 0.37399, -2.35487, 0.00000, 0.01319, 0.60350, -2.04739, 0.32967, 9.53818, -10.98970, 11.36151

46.02242, 0.68173, -1.72159, 0.37408, -2.35487, 0.00000, 0.00000, 0.58042, -2.07824, 0.33062, 8.62065, -12.65434, 11.36197

46.03576, 0.65345, -1.72159, 0.37425, -2.35516, 0.00000, 0.01319, 0.76528, -1.53172, 0.33175, 10.36814, -3.77118, 11.38676

46.04910, 0.62832, -1.72159, 0.37434, -1.88404, 0.00000, 0.01319, 0.60907, -1.48955, 0.33475, 8.20008, -9.88079, 11.39110

46.06245, 0.60633, -1.72159, 0.37434, -1.41293, 0.00000, 0.00000, 0.66446, -1.11194, 0.34027, 10.40413, 0.75800, 11.39168

46.07579, 0.58434, -1.72159, 0.37434, -1.41307, 0.00000, 0.00000, 0.67909, -1.34594, 0.34821, 8.38539, -5.10441, 11.40924

46.08913, 0.56863, -1.72159, 0.37434, -1.41307, 0.00000, 0.00000, 0.46261, -2.20788, 0.33156, 8.46854, -8.10865, 11.32902

46.10248, 0.55606, -1.72159, 0.37434, -0.94209, 0.00000, 0.00000, 0.58626, -1.50348, 0.33920, 7.23605, -9.46365, 11.42183

46.11583, 0.54350, -1.72159, 0.37434, -0.94195, 0.00000, 0.00000, 0.44746, -2.11835, 0.33444, 7.17609, -9.80029, 11.33605

46.12917, 0.53407, -1.72159, 0.37434, -0.94209, 0.00000, 0.00000, 0.51937, -2.26583, 0.30761, 5.55321, -16.96788, 11.44492

46.14251, 0.53093, -1.72159, 0.37434, 0.00000, 0.00000, 0.00000, 0.44098, -2.20970, 0.33033, 5.74972, -13.37971, 11.37706

46.15586, 0.52779, -1.72159, 0.37434, 0.00000, 0.00000, 0.00000, 0.63387, 0.34179, 0.33750, 7.46502, -4.26623, 11.66313

46.16920, 0.52779, -1.72159, 0.37434, 0.00000, 0.00000, 0.00000, 0.17341, -3.52403, 0.33474, 3.16653, -27.45555, 11.44680

46.18254, 0.53093, -1.72159, 0.37434, 0.47097, 0.00000, 0.00000, 0.35646, -3.73242, 0.36679, 3.71710, -27.77654, 11.47866

46.19589, 0.53721, -1.72159, 0.37434, 0.47097, 0.00000, 0.00000, 2.12419, 6.30460, 0.38325, 17.09862, 16.43258, 11.96558

46.20923, 0.54664, -1.72159, 0.37434, 0.94195, 0.00000, 0.00000, -2.35877, -20.85239, 0.18328, -14.39613, -1.99885, 10.76727

46.22258, 0.55606, -1.72159, 0.37434, 0.94195, 0.00000, 0.00000, -0.02431, -6.64634, 0.31237, 0.87810, 67.87617, 11.66506

46.23592, 0.57177, -1.72159, 0.37434, 1.41293, 0.00000, 0.00000, 0.22065, -2.09778, 0.32627, 4.40579, 113.97849, 11.72578

46.24926, 0.58748, -1.72159, 0.37434, 1.41307, 0.00000, 0.00000, 0.53615, -2.42516, 0.33267, 3.78336, 93.19426, 11.85436

46.26261, 0.60947, -1.72159, 0.37434, 1.88404, 0.00000, 0.00000, 0.41405, -3.00119, 0.31939, 6.50354, 90.83042, 11.58754

46.27595, 0.63146, -1.72159, 0.37434, 1.88404, 0.00000, 0.00000, 0.95569, 1.82462, 0.35298, 3.76089, 102.18268, 12.02566

46.28930, 0.65659, -1.72159, 0.37434, 2.35487, 0.00000, 0.00000, 0.87223, -1.14518, 0.34611, 5.25210, 85.14462, 11.68064

46.30264, 0.68801, -1.72159, 0.37434, 2.35502, 0.00000, 0.00000, 0.47879, -2.80396, 0.33862, 0.56440, 60.48864, 11.64270

46.31598, 0.72257, -1.72159, 0.37434, 2.82599, 0.00000, 0.00000, 0.82866, -0.84133, 0.35952, 3.91082, 71.24837, 11.64354

46.32933, 0.75712, -1.72159, 0.37434, 2.82599, 0.00000, 0.00000, 0.70956, -2.14943, 0.32516, 0.33304, 57.63195, 11.63056

46.34267, 0.79796, -1.72159, 0.37434, 2.82614, 0.00000, 0.00000, 0.85937, -1.60066, 0.33671, 3.81108, 60.32248, 11.48564

46.35601, 0.84195, -1.72159, 0.37434, 3.29711, 0.00000, 0.00000, 0.87172, -1.85779, 0.33721, 2.92053, 56.20252, 11.56101

46.36936, 0.89221, -1.72159, 0.37434, 3.76794, 0.00000, 0.00000, 0.92305, -1.65588, 0.35442, 3.56041, 49.88313, 11.38779

46.38271, 0.94248, -1.72159, 0.37434, 3.76794, 0.00000, 0.00000, 1.12538, -1.16577, 0.33449, 3.38310, 56.11295, 11.56613

46.39605, 0.99903, -1.72159, 0.37434, 4.23906, 0.00000, 0.00000, 0.97844, -0.86671, 0.34004, 4.72669, 46.10764, 11.26613

46.40939, 1.06186, -1.72159, 0.37434, 4.71004, 0.00000, 0.00000, 1.21193, -0.93565, 0.34021, 5.61379, 44.53011, 11.27928

46.42274, 1.12783, -1.72159, 0.37434, 5.18101, 0.00000, 0.00000, 1.60112, -0.32258, 0.35279, 7.73859, 23.16027, 11.18929

46.43608, 1.20009, -1.72159, 0.37434, 5.65199, 0.00000, 0.00000, 1.14759, -2.03881, 0.33575, 5.06195, 17.87244, 11.09032

46.44942, 1.27549, -1.72159, 0.37425, 5.65199, 0.00000, 0.00000, 1.39710, -1.61785, 0.34478, 8.68394, -4.71121, 11.00095

46.46277, 1.35717, -1.72159, 0.37425, 6.12296, 0.00000, 0.00000, 1.34950, -2.41583, 0.33845, 7.07544, -5.46045, 10.98490

46.47611, 1.44199, -1.72159, 0.37425, 6.59401, 0.00000, 0.00000, 1.37269, -2.84914, 0.33210, 11.73272, -29.59683, 10.56624

46.48946, 1.53624, -1.72159, 0.37417, 7.06505, 0.00000, 0.00000, 1.32293, -2.51605, 0.32520, 9.27320, -14.65957, 10.74277

46.50280, 1.63363, -1.72159, 0.37408, 7.53603, 0.00000, -0.01318, 1.37133, 0.91169, 0.33384, 15.24393, -30.19117, 10.42145

46.51614, 1.73416, -1.72159, 0.37399, 7.53603, 0.00000, -0.01319, 1.76983, -0.49584, 0.33471, 14.38542, -31.29093, 10.55668

46.52949, 1.84411, -1.72159, 0.37390, 8.47798, 0.00000, 0.00000, 1.70643, -0.91121, 0.34860, 18.68058, -47.70471, 10.04936

46.54283, 1.95721, -1.72159, 0.37373, 8.94917, 0.00000, -0.01319, 1.94509, -0.32431, 0.34354, 16.02204, -43.32773, 10.32789

46.55618, 2.07345, -1.72159, 0.37355, 8.94910, 0.00000, -0.01319, 1.75291, -3.58451, 0.33816, 23.09362, -61.14324, 9.66788

46.56952, 2.19911, -1.72159, 0.37337, 9.42000, 0.00000, -0.01319, 2.20821, -1.61160, 0.33793, 21.07929, -40.29053, 10.06023

46.58286, 2.32478, -1.72159, 0.37311, 9.42007, 0.00000, -0.02638, 12.40503, 11.89807, 1.50986, -270.97510, -351.99191, 26.75857

46.59621, 2.45673, -1.72159, 0.37293, 9.89112, 0.00000, -0.01319, 5.89537, 100.99722, 1.03069, -84.68250, 472.29352, 15.16579

46.60955, 2.59181, -1.72159, 0.37267, 10.36216, 0.00000, -0.01319, 2.90267, -95.38585, 0.33977, -83.78584, -54.23294, 3.98012

46.62289, 2.73004, -1.72159, 0.37241, 10.36209, 0.00000, -0.02637, 1.28786, 50.00243, 0.04292, -141.08403, 172.69980, 12.60708

46.63624, 2.86827, -1.72159, 0.37223, 10.36216, 0.00000, -0.01319, 3.16449, -19.04625, 0.37206, -10.25287, 327.33435, 4.86848

46.64959, 3.00965, -1.72159, 0.37214, 10.36209, 0.00000, 0.00000, 3.13055, -1.40186, 0.34584, -29.96123, 303.14764, 6.38640

46.66293, -3.13217, -1.72159, 0.37205, 10.36209, 0.00000, -0.01319, -3.14153, -39.30438, 0.19916, 82.63885, 813.16455, -1.56583

46.67627, -2.99394, -1.72159, 0.37214, 10.36209, 0.00000, 0.00000, -3.37751, -1.10638, 0.35759, 124.22267, 1142.87012, -2.06738

46.68962, -2.85571, -1.72159, 0.37223, 9.89105, 0.00000, 0.01319, -3.36380, -6.86841, 0.30157, 83.13777, 973.75037, -0.63965

46.70296, -2.71748, -1.72159, 0.37241, 10.36209, 0.00000, 0.02638, -3.40004, -13.44602, 0.32988, 73.83019, 850.18762, -1.43103

46.71630, -2.58553, -1.72159, 0.37276, 9.89097, 0.00000, 0.02638, -10.97095, -199.76793, -1.32593, -118.12375, -1810.28247, -20.51938

46.72965, -2.45673, -1.72159, 0.37311, 9.89112, 0.00000, 0.02638, -2.44926, 28.69772, 0.42393, 160.06203, -1050.15894, 0.30304

46.74299, -2.32792, -1.72159, 0.37355, 9.42007, 0.00000, 0.02638, 0.39964, 10.62653, 0.60788, 23.23845, -1183.53564, 2.74387

46.75634, -2.20540, -1.72159, 0.37408, 9.42007, 0.00000, 0.03957, -3.72638, 0.81617, 0.32120, 183.36993, -1076.92529, -4.04320

46.76968, -2.08916, -1.72159, 0.37469, 8.47805, 0.00000, 0.05276, -1.80617, -5.43517, 0.38380, 89.12739, -1115.84045, -2.24623

46.78302, -1.97606, -1.72473, 0.37531, 8.47805, 0.00000, 0.05276, -2.02172, -6.98636, 0.35212, 49.49974, -1181.78735, -3.03294

46.79637, -1.86925, -1.72473, 0.37592, 8.00708, 0.00000, 0.05275, -2.42982, -2.96292, 0.36556, 22.11104, -1265.20264, -0.79473

46.80971, -1.76558, -1.72473, 0.37654, 7.53603, 0.00000, 0.05275, -1.62716, 2.87124, 0.38130, 23.67478, -1178.06958, 0.50158

46.82306, -1.66819, -1.72473, 0.37716, 7.06505, 0.00000, 0.05276, -1.60258, 2.29113, 0.38610, 21.17640, -1152.67371, 1.29550

46.83640, -1.57708, -1.72473, 0.37768, 6.59401, 0.00000, 0.03957, -1.68242, 1.03724, 0.36995, 23.30850, -1091.39087, 1.48076

46.84974, -1.49226, -1.72473, 0.37821, 6.12303, 0.00000, 0.03956, -1.52214, 1.65623, 0.37520, 25.04361, -1032.46997, 1.93213

46.86309, -1.41058, -1.72473, 0.37856, 6.12310, 0.00000, 0.02638, -1.49022, 0.98679, 0.37188, 26.72431, -982.07947, 2.14139

46.87643, -1.33518, -1.72473, 0.37883, 5.65206, 0.00000, 0.01319, -1.42523, 1.48087, 0.37121, 28.58576, -927.16901, 2.37421

46.88977, -1.26606, -1.72473, 0.37892, 5.18101, 0.00000, 0.00000, -1.37526, 1.37783, 0.37029, 30.07974, -879.77661, 2.52055

46.90312, -1.20323, -1.72473, 0.37900, 4.71004, 0.00000, 0.00000, -1.29652, 0.91245, 0.36971, 31.56688, -839.12152, 2.58517

46.91647, -1.14354, -1.72473, 0.37892, 4.23906, 0.00000, -0.01319, -1.26278, 1.07277, 0.36956, 32.76864, -794.86304, 2.70056

46.92981, -1.09013, -1.72473, 0.37883, 4.23906, 0.00000, -0.01318, -1.18985, 0.67102, 0.37079, 33.76132, -756.75006, 2.76962

46.94315, -1.04301, -1.72473, 0.37874, 3.29704, 0.00000, 0.00000, -1.14012, 0.77240, 0.36989, 34.61537, -717.21936, 2.82806

46.95650, -0.99903, -1.72473, 0.37856, 3.29704, 0.00000, -0.01319, -1.12825, 0.88585, 0.36812, 35.15070, -679.69470, 2.87921

46.96984, -0.95819, -1.72473, 0.37839, 2.82606, 0.00000, -0.01319, -1.07938, 0.44742, 0.36849, 35.57485, -648.14545, 2.90894

46.98318, -0.92677, -1.72473, 0.37821, 2.35502, 0.00000, -0.01319, -1.03940, 0.24701, 0.36817, 35.92789, -616.78583, 2.93868

46.99653, -0.89535, -1.72473, 0.37812, 2.35502, 0.00000, 0.00000, -1.01009, 0.04445, 0.36823, 36.07383, -586.54895, 2.96426

47.00987, -0.87022, -1.72473, 0.37795, 1.88397, 0.00000, -0.01319, -0.99731, 0.13699, 0.36735, 36.14688, -555.38843, 2.99436

47.02322, -0.84823, -1.72473, 0.37786, 1.41310, 0.00000, 0.00000, -0.96787, 0.02050, 0.36776, 36.13369, -527.48047, 3.01937

47.03656, -0.82938, -1.72473, 0.37768, 1.41300, 0.00000, -0.01319, -0.94239, -0.22716, 0.36788, 35.98727, -500.85495, 3.03839

47.04990, -0.81681, -1.72159, 0.37760, 0.94202, 0.47097, -0.01319, -0.93435, -0.32523, 0.36695, 35.71555, -474.09402, 3.05289

47.06325, -0.80739, -1.72159, 0.37751, 0.94195, 0.00000, -0.01319, -0.92661, -0.20900, 0.36737, 35.36678, -447.87558, 3.07424

47.07659, -0.80425, -1.72159, 0.37751, 0.00000, 0.00000, 0.00000, -0.91439, -0.29968, 0.36766, 34.90126, -425.67072, 3.07537

47.08993, -0.80111, -1.72159, 0.37751, 0.00000, 0.00000, 0.00000, -0.92313, -0.12891, 0.36688, 34.31326, -402.33087, 3.07301

47.10328, -0.80425, -1.72159, 0.37751, -0.47094, 0.00000, 0.00000, -0.91774, -0.30096, 0.36752, 33.65390, -383.38611, 3.06246

47.11662, -0.81053, -1.72159, 0.37751, -0.47094, 0.00000, 0.00000, -0.91559, -0.45605, 0.36773, 32.93257, -365.07974, 3.04700

47.12997, -0.81996, -1.72159, 0.37751, -0.94202, 0.00000, 0.00000, -0.92120, -0.75885, 0.36743, 32.12537, -349.35449, 3.02194

47.14331, -0.83566, -1.72159, 0.37751, -1.41300, 0.00000, 0.00000, -0.93756, -0.55955, 0.36731, 31.29190, -332.86682, 3.00929

47.15665, -0.85451, -1.72159, 0.37751, -1.41296, 0.00000, 0.00000, -0.95574, -0.66706, 0.36741, 30.36413, -318.96063, 2.98470

47.17000, -0.87650, -1.72159, 0.37751, -1.88397, 0.00000, 0.00000, -0.97850, -0.58713, 0.36783, 29.42909, -305.30652, 2.96096

47.18334, -0.90478, -1.72159, 0.37751, -2.35509, 0.00000, 0.00000, -1.00124, -0.75925, 0.36777, 28.45759, -294.80237, 2.92378

47.19669, -0.93619, -1.72159, 0.37751, -2.82599, 0.00000, 0.00000, -1.02547, -0.94875, 0.36787, 27.48172, -284.32190, 2.89160

47.21003, -0.97075, -1.72159, 0.37751, -2.82606, 0.00000, 0.00000, -1.06072, -0.87825, 0.36788, 26.50453, -272.21603, 2.87398

47.22338, -1.01159, -1.72159, 0.37751, -3.29704, 0.00000, 0.00000, -1.09508, -1.06285, 0.36797, 25.51824, -260.76108, 2.85273

47.23672, -1.05558, -1.72159, 0.37751, -3.29697, 0.00000, 0.00000, -1.13662, -0.97396, 0.36773, 24.51191, -248.59668, 2.84110

47.25006, -1.10584, -1.72159, 0.37751, -3.76801, 0.00000, 0.00000, -1.18220, -0.97582, 0.36797, 23.45803, -237.90176, 2.83208

47.26341, -1.15925, -1.72159, 0.37760, -4.23906, 0.00000, 0.01319, -1.23222, -1.05648, 0.36786, 22.38237, -228.27794, 2.82558

47.27675, -1.21894, -1.72159, 0.37760, -4.71004, 0.00000, 0.00000, -1.29293, -0.85577, 0.36830, 21.27179, -217.34344, 2.82861

47.29010, -1.27863, -1.72159, 0.37760, -4.23906, 0.00000, 0.00000, -1.34788, -0.95865, 0.36911, 20.19359, -206.91293, 2.82176

47.30344, -1.33518, -1.72159, 0.37760, -3.76794, 0.00000, 0.00000, -1.39646, -1.12053, 0.36860, 19.12066, -197.98276, 2.80199

47.31678, -1.38230, -1.72159, 0.37768, -3.29704, 0.00000, 0.01319, -1.44336, -0.95991, 0.36839, 18.07866, -186.17804, 2.78988

47.33013, -1.42314, -1.71845, 0.37768, -2.82599, 0.00000, 0.00000, -1.48063, -1.15319, 0.36860, 17.03983, -178.20102, 2.75994

47.34347, -1.45770, -1.71845, 0.37768, -2.35509, 0.00000, 0.00000, -1.51047, -1.24078, 0.36856, 16.07174, -171.18083, 2.72938

47.35682, -1.48911, -1.71845, 0.37760, -2.35495, 0.00000, -0.01319, -1.54188, -0.96982, 0.37013, 15.14983, -164.56250, 2.71694

47.37016, -1.51425, -1.71845, 0.37760, -1.88404, 0.00000, 0.00000, -1.56311, -1.34871, 0.36833, 14.21258, -163.50375, 2.67257

47.38350, -1.53624, -1.71531, 0.37760, -1.88404, 0.47105, 0.00000, -1.58224, -1.15915, 0.36915, 13.37733, -160.91911, 2.66343

47.39685, -1.55195, -1.71531, 0.37751, -1.41300, 0.00000, 0.00000, -1.59177, -1.42714, 0.36795, 12.57316, -162.40771, 2.64716

47.41019, -1.56137, -1.71531, 0.37742, -0.47112, 0.00000, -0.01319, -1.59916, -1.19388, 0.36782, 11.84108, -162.67114, 2.65629

47.42353, -1.56765, -1.71217, 0.37733, -0.47097, 0.00000, 0.00000, -1.60434, -1.20194, 0.36966, 11.14517, -161.00616, 2.65616

47.43688, -1.56765, -1.71217, 0.37716, 0.00000, 0.00000, -0.01319, -1.60274, -0.57375, 0.37007, 10.53882, -157.53220, 2.67920

47.45023, -1.56451, -1.70903, 0.37698, 0.47097, 0.00000, -0.01319, -1.59849, -0.64311, 0.36610, 9.97529, -157.37376, 2.67201

47.46357, -1.55509, -1.70589, 0.37689, 0.94202, 0.47097, -0.01319, -1.58540, -1.25870, 0.36790, 9.43477, -156.62915, 2.67114

47.47691, -1.54566, -1.70589, 0.37672, 0.94202, 0.00000, -0.01319, -1.57535, -0.97591, 0.36883, 8.97320, -153.06638, 2.70003

47.49026, -1.52996, -1.70589, 0.37663, 1.41307, 0.00000, -0.01319, -1.55868, -1.08517, 0.36725, 8.54242, -151.31314, 2.72746

47.50360, -1.51425, -1.70589, 0.37663, 1.41300, 0.00000, 0.00000, -1.54038, -1.25556, 0.36872, 8.06658, -148.61046, 2.74738

47.51694, -1.49854, -1.70589, 0.37663, 1.41314, 0.00000, 0.00000, -1.52286, -1.52964, 0.36866, 7.56243, -149.90685, 2.73067

47.53029, -1.48283, -1.70589, 0.37663, 1.41300, 0.00000, 0.00000, -1.50615, -1.59156, 0.36855, 7.11730, -145.76990, 2.75351

47.54363, -1.46712, -1.70589, 0.37663, 1.41300, 0.00000, 0.00000, -1.48995, -1.46423, 0.36516, 6.64298, -147.48854, 2.81418

47.55698, -1.45456, -1.70589, 0.37663, 0.94209, 0.00000, 0.00000, -1.47386, -1.08036, 0.36660, 6.19693, -147.76274, 2.86598

47.57032, -1.44199, -1.70589, 0.37663, 0.94209, 0.00000, 0.00000, -1.45888, -1.55114, 0.36684, 5.69439, -156.20221, 2.83783

47.58366, -1.42943, -1.70589, 0.37663, 0.94195, 0.00000, 0.00000, -1.44440, -0.52695, 0.36647, 5.34497, -153.50761, 2.90242

47.59701, -1.42314, -1.70589, 0.37654, 0.47097, 0.00000, -0.01319, -1.44361, -1.58019, 0.36907, 4.77066, -159.37135, 2.88764

47.61035, -1.41372, -1.70589, 0.37654, 0.47105, 0.00000, 0.00000, -1.46302, -2.47837, 0.36766, 4.45721, -125.34070, 3.17514

47.62370, -1.41058, -1.70274, 0.37654, 0.00000, 0.00000, 0.00000, -1.42620, -1.47516, 0.37505, 4.62712, -67.40822, 3.67468

47.63704, -1.40743, -1.70274, 0.37645, 0.00000, 0.00000, 0.00000, -1.32094, 1.27926, 0.41519, 4.54004, 5.20979, 4.86418

47.65038, -1.40429, -1.70274, 0.37636, 0.00000, 0.00000, 0.00000, -0.80255, 17.94424, 0.57957, 10.53844, 593.72095, 3.16842

47.66373, -1.40429, -1.70274, 0.37628, 0.00000, 0.00000, 0.00000, 0.59728, -62.92439, 0.63040, 22.76796, 40.51172, 4.19397

47.67707, -1.40429, -1.69960, 0.37619, 0.00000, 0.00000, 0.00000, 2.55214, -823.75348, 0.99593, -87.91370, 3423.73901, 3.93364

47.69041, -1.40743, -1.69960, 0.37601, -0.47097, 0.00000, -0.01319, -3.35120, -195.00385, 0.56730, -148.18686, 7697.44336, 9.93407

47.70376, -1.40743, -1.69646, 0.37592, 0.00000, 0.00000, -0.01319, -1.34195, -89.87050, 0.32007, -109.72340, 4939.70068, 7.28294

47.71711, -1.41058, -1.69646, 0.37575, 0.00000, 0.00000, -0.01319, -1.28442, -20.97995, 0.35404, -99.72859, 4462.64258, 7.11311

47.73045, -1.41372, -1.69646, 0.37557, 0.00000, 0.00000, -0.01319, -0.95924, -8.23363, 0.35367, -89.65750, 3904.56226, 6.12941

47.74379, -1.41686, -1.69332, 0.37540, 0.00000, 0.00000, -0.01319, -1.09344, -11.61784, 0.35904, -86.45235, 3658.65063, 5.24688

47.75714, -1.42000, -1.69332, 0.37522, 0.00000, 0.00000, -0.01319, -1.19774, -20.05435, 0.34108, -83.15457, 3357.06128, 4.23189

47.77048, -1.42314, -1.69332, 0.37505, 0.00000, 0.00000, -0.01319, -1.14197, -12.36224, 0.36146, -79.41867, 3147.19189, 3.72518

47.78382, -1.42628, -1.69018, 0.37496, 0.00000, 0.00000, 0.00000, -1.15727, -11.05041, 0.37045, -76.87492, 2976.01563, 3.10977

47.79717, -1.42943, -1.69018, 0.37478, -0.47105, 0.00000, -0.01319, -1.19490, -9.48693, 0.36235, -74.63547, 2791.59082, 2.41152

47.81051, -1.42943, -1.69018, 0.37461, 0.00000, 0.00000, -0.01319, -1.23169, -16.77098, 0.35238, -74.72166, 2686.76147, 1.67692

47.82386, -1.43257, -1.69018, 0.37443, 0.00000, 0.00000, -0.01319, -1.16673, -8.63825, 0.37366, -72.61661, 2613.19678, 1.47218

47.83720, -1.43571, -1.68704, 0.37425, -0.47090, 0.47097, -0.01319, -1.19977, -7.56226, 0.37832, -72.22884, 2530.60181, 1.04002

47.85054, -1.43885, -1.68704, 0.37408, -0.47105, 0.00000, -0.01318, -1.18287, -10.36929, 0.37699, -71.90680, 2416.65015, 0.46573

47.86389, -1.44199, -1.68704, 0.37381, -0.47090, 0.00000, -0.02638, -1.18930, -8.06168, 0.37380, -71.30836, 2311.95703, 0.04345

47.87723, -1.44513, -1.68704, 0.37364, -0.47112, 0.00000, -0.01319, -1.15675, -8.83164, 0.39187, -73.31802, 2299.05078, -0.37711

47.89058, -1.44513, -1.68704, 0.37346, 0.00000, 0.00000, -0.01319, -1.15890, -9.05846, 0.37644, -73.45411, 2227.76221, -0.91365

47.90392, -1.44827, -1.68704, 0.37320, 0.00000, 0.00000, -0.02637, -1.23703, -9.98984, 0.37105, -74.27820, 2180.33643, -1.42290

47.91726, -1.45142, -1.68704, 0.37302, 0.00000, 0.00000, -0.01319, -1.20489, -6.79396, 0.38266, -75.20979, 2177.69287, -1.79455

47.93061, -1.45456, -1.68704, 0.37276, -0.47090, 0.00000, -0.01319, -1.18328, -8.65501, 0.36892, -75.67003, 2107.37915, -2.43410

47.94395, -1.45456, -1.68389, 0.37241, 0.00000, 0.00000, -0.02637, -1.17773, -5.04428, 0.40463, -77.45468, 2098.78052, -2.79070

47.95729, -1.45770, -1.68389, 0.37214, -0.47105, 0.00000, -0.02638, -1.02882, -5.20313, 0.42192, -77.10640, 2045.04272, -3.24261

47.97064, -1.45770, -1.68075, 0.37188, 0.00000, 0.47097, -0.01319, -1.21835, -8.81607, 0.38048, -78.18559, 1949.66150, -3.87366

47.98399, -1.45770, -1.68075, 0.37161, 0.00000, 0.00000, -0.01319, -1.16704, -10.14208, 0.38395, -77.36131, 1919.54602, -4.20224

47.99733, -1.45770, -1.68075, 0.37135, 0.00000, 0.00000, -0.01319, -1.21680, -8.81986, 0.38633, -77.17656, 1924.15125, -4.47336

48.01067, -1.45456, -1.67761, 0.37117, 0.47105, 0.00000, -0.01319, -1.28848, -7.26292, 0.39558, -76.66238, 1943.50928, -4.71307

48.02402, -1.45456, -1.67761, 0.37100, 0.00000, 0.00000, -0.01319, -1.22738, -11.85837, 0.35852, -76.11749, 1906.14856, -5.24908

48.03736, -1.45142, -1.67761, 0.37091, 0.47090, 0.00000, 0.00000, -1.21614, -8.15197, 0.39178, -73.87320, 1942.85522, -5.21428

48.05070, -1.45142, -1.67761, 0.37082, 0.00000, 0.00000, 0.00000, -1.21402, -11.81567, 0.37587, -73.84457, 1903.93628, -5.51627

48.06405, -1.44827, -1.67761, 0.37073, 0.00000, 0.00000, -0.01319, -1.26902, -8.37468, 0.36698, -73.50776, 1872.17737, -5.70969

48.07739, -1.44513, -1.67761, 0.37073, 0.00000, 0.00000, 0.00000, -1.18893, -8.48883, 0.39442, -73.44511, 1873.23853, -5.83502

48.09074, -1.44199, -1.67761, 0.37065, 0.47112, 0.00000, 0.00000, -1.19913, -6.88045, 0.38835, -73.47324, 1847.42834, -6.00322

48.10408, -1.43885, -1.67761, 0.37065, 0.47090, 0.00000, 0.00000, -1.20938, -8.28057, 0.38220, -73.51345, 1816.86646, -6.24207

48.11742, -1.43571, -1.67761, 0.37065, 0.47105, 0.00000, 0.00000, -1.17351, -9.76522, 0.38575, -75.91270, 1831.25122, -6.31561

48.13076, -1.43257, -1.67447, 0.37065, 0.00000, 0.47105, 0.00000, -1.17211, -9.45084, 0.38764, -75.45351, 1828.89099, -6.30577

48.14411, -1.42943, -1.67447, 0.37065, 0.00000, 0.00000, 0.00000, -1.22304, -7.91879, 0.37590, -75.32270, 1823.42273, -6.43435

48.15746, -1.42628, -1.67447, 0.37065, 0.00000, 0.00000, 0.00000, -1.26019, -2.32410, 0.41341, -75.00775, 1964.97144, -5.89012

48.17080, -1.42000, -1.67447, 0.37065, 0.47097, 0.00000, 0.00000, -1.15971, -3.18638, 0.44490, -78.17064, 2100.45020, -5.34849

48.18414, -1.41686, -1.67133, 0.37065, 0.47105, 0.00000, 0.00000, -1.27556, -4.80183, 0.39132, -79.46511, 2052.11230, -5.55007
