16.34405, 0.07226, -0.00628, -0.37991, -5.18104, -3.76803, 0.00000, 0.07234, -0.00594, -0.37991, -0.01719, -0.10253, 0.00020
16.34447, 0.07226, -0.00628, -0.37991, 0.00000, 0.00000, 0.00000, 0.07239, -0.00595, -0.37991, -0.03207, -0.10145, 0.00040
16.35113, 0.07540, -0.00628, -0.37991, 0.47100, 0.00000, 0.00000, 0.07558, -0.00595, -0.37991, -0.04696, -0.10036, 0.00060
16.35781, 0.07540, -0.00628, -0.37991, 0.00000, 0.00000, 0.00000, 0.07563, -0.00595, -0.37992, -0.06254, -0.09932, 0.00082
16.36447, 0.07540, -0.00628, -0.37991, 0.00000, 0.00000, 0.00000, 0.07569, -0.00596, -0.37992, -0.07812, -0.09829, 0.00103
16.37115, 0.07854, -0.00628, -0.37991, 0.47100, 0.00000, 0.00000, 0.07888, -0.00596, -0.37992, -0.09368, -0.09725, 0.00124
16.37782, 0.07854, -0.00628, -0.37991, 0.00000, 0.00000, 0.00000, 0.07893, -0.00596, -0.37992, -0.10995, -0.09626, 0.00146
16.38448, 0.07854, -0.00628, -0.37991, 0.00000, 0.00000, 0.00000, 0.07899, -0.00597, -0.37992, -0.12621, -0.09527, 0.00168
16.39116, 0.07854, -0.00628, -0.37991, 0.00000, 0.00000, 0.00000, 0.07904, -0.00597, -0.37992, -0.14249, -0.09429, 0.00190
16.39783, 0.07854, -0.00628, -0.37991, 0.00000, 0.00000, 0.00000, 0.07910, -0.00597, -0.37992, -0.15877, -0.09330, 0.00212
16.40450, 0.08168, -0.00628, -0.37991, 0.47100, 0.00000, 0.00000, 0.08229, -0.00598, -0.37992, -0.17505, -0.09231, 0.00234
16.41117, 0.08168, -0.00628, -0.37982, 0.00000, 0.00000, 0.01319, 0.08235, -0.00598, -0.37983, -0.19201, -0.09137, 0.00258
16.41784, 0.08168, -0.00628, -0.37982, 0.00000, 0.00000, 0.00000, 0.08241, -0.00598, -0.37983, -0.20898, -0.09044, 0.00281
16.42451, 0.08168, -0.00628, -0.37982, 0.00000, 0.00000, 0.00000, 0.08246, -0.00599, -0.37983, -0.22595, -0.08950, 0.00304
16.43118, 0.08168, -0.00628, -0.37982, 0.00000, 0.00000, 0.00000, 0.08252, -0.00599, -0.37984, -0.24292, -0.08856, 0.00327
16.43785, 0.08168, -0.00628, -0.37982, 0.00000, 0.00000, 0.00000, 0.08258, -0.00599, -0.37984, -0.25990, -0.08762, 0.00350
16.44452, 0.08168, -0.00628, -0.37982, 0.00000, 0.00000, 0.00000, 0.08263, -0.00600, -0.37984, -0.27688, -0.08668, 0.00373
16.45118, 0.08168, -0.00628, -0.37982, 0.00000, 0.00000, 0.00000, 0.08269, -0.00600, -0.37984, -0.29386, -0.08575, 0.00396
16.45786, 0.07854, -0.00628, -0.37982, -0.47100, 0.00000, 0.00000, 0.07960, -0.00600, -0.37984, -0.31085, -0.08481, 0.00419
16.46453, 0.07854, -0.00628, -0.37982, 0.00000, 0.00000, 0.00000, 0.07966, -0.00601, -0.37984, -0.32716, -0.08382, 0.00441
16.47120, 0.07854, -0.00628, -0.37982, 0.00000, 0.00000, 0.00000, 0.07971, -0.00601, -0.37984, -0.34348, -0.08284, 0.00463
16.47787, 0.07854, -0.00628, -0.37982, 0.00000, 0.00000, 0.00000, 0.07977, -0.00601, -0.37984, -0.35979, -0.08185, 0.00485
16.48454, 0.07540, -0.00628, -0.37982, -0.47100, 0.00000, 0.00000, 0.07668, -0.00602, -0.37984, -0.37612, -0.08087, 0.00507
16.49120, 0.07540, -0.00628, -0.37982, 0.00000, 0.00000, 0.00000, 0.07673, -0.00602, -0.37984, -0.39177, -0.07984, 0.00528
16.49788, 0.07540, -0.00628, -0.37982, 0.00000, 0.00000, 0.00000, 0.07678, -0.00602, -0.37984, -0.40741, -0.07881, 0.00549
16.50455, 0.07226, -0.00628, -0.37982, -0.47100, 0.00000, 0.00000, 0.07369, -0.00603, -0.37984, -0.42308, -0.07777, 0.00571
16.51122, 0.07226, -0.00628, -0.37982, 0.00000, 0.00000, 0.00000, 0.07374, -0.00603, -0.37984, -0.43806, -0.07669, 0.00591
16.51789, 0.06911, -0.00628, -0.37982, -0.47100, 0.00000, 0.00000, 0.07065, -0.00603, -0.37984, -0.45305, -0.07561, 0.00611
16.52456, 0.06911, -0.00628, -0.37982, 0.00000, 0.00000, 0.00000, 0.07070, -0.00604, -0.37985, -0.46736, -0.07449, 0.00630
16.53122, 0.06597, -0.00628, -0.37982, -0.47100, 0.00000, 0.00000, 0.06760, -0.00604, -0.37985, -0.48168, -0.07336, 0.00649
16.53790, 0.06597, -0.00628, -0.37982, 0.00000, 0.00000, 0.00000, 0.06765, -0.00604, -0.37985, -0.49531, -0.07218, 0.00667
16.54457, 0.06283, -0.00628, -0.37982, -0.47100, 0.00000, 0.00000, 0.06455, -0.00605, -0.37985, -0.50897, -0.07101, 0.00685
16.55124, 0.06283, -0.00628, -0.37982, 0.00000, 0.00000, 0.00000, 0.06459, -0.00605, -0.37985, -0.52194, -0.06978, 0.00703
16.55791, 0.05969, -0.00628, -0.37982, -0.47100, 0.00000, 0.00000, 0.06150, -0.00606, -0.37985, -0.53492, -0.06856, 0.00720
16.56458, 0.05969, -0.00628, -0.37982, 0.00000, 0.00000, 0.00000, 0.06154, -0.00606, -0.37985, -0.54722, -0.06729, 0.00736
16.57125, 0.05655, -0.00628, -0.37982, -0.47100, 0.00000, 0.00000, 0.05843, -0.00607, -0.37985, -0.55954, -0.06602, 0.00752
16.57792, 0.05341, -0.00628, -0.37982, -0.47100, 0.00000, 0.00000, 0.05533, -0.00607, -0.37985, -0.57118, -0.06470, 0.00768
16.58459, 0.05341, -0.00628, -0.37982, 0.00000, 0.00000, 0.00000, 0.05537, -0.00607, -0.37985, -0.58215, -0.06334, 0.00782
16.59126, 0.05027, -0.00628, -0.37982, -0.47100, 0.00000, 0.00000, 0.05226, -0.00608, -0.37985, -0.59313, -0.06197, 0.00796
16.59793, 0.04712, -0.00628, -0.37982, -0.47100, 0.00000, 0.00000, 0.04915, -0.00608, -0.37985, -0.60344, -0.06056, 0.00809
16.60460, 0.04398, -0.00628, -0.37982, -0.47100, 0.00000, 0.00000, 0.04604, -0.00609, -0.37985, -0.61307, -0.05910, 0.00822
16.61127, 0.04398, -0.00628, -0.37982, 0.00000, 0.00000, 0.00000, 0.04607, -0.00609, -0.37985, -0.62203, -0.05759, 0.00833
16.61794, 0.04084, -0.00628, -0.37982, -0.47100, 0.00000, 0.00000, 0.04296, -0.00610, -0.37985, -0.63100, -0.05608, 0.00845
16.62460, 0.03770, -0.00628, -0.37982, -0.47100, 0.00000, 0.00000, 0.03984, -0.00610, -0.37985, -0.63930, -0.05453, 0.00855
16.63127, 0.03456, -0.00628, -0.37982, -0.47100, 0.00000, 0.00000, 0.03673, -0.00611, -0.37985, -0.64693, -0.05292, 0.00865
16.63795, 0.03456, -0.00628, -0.37982, 0.00000, 0.00000, 0.00000, 0.03675, -0.00612, -0.37985, -0.65389, -0.05127, 0.00873
16.64462, 0.03142, -0.00628, -0.37982, -0.47100, 0.00000, 0.00000, 0.03363, -0.00612, -0.37985, -0.66086, -0.04962, 0.00882
16.65129, 0.02827, -0.00628, -0.37982, -0.47100, 0.00000, 0.00000, 0.03051, -0.00613, -0.37985, -0.66717, -0.04792, 0.00889
16.65796, 0.02513, -0.00628, -0.37982, -0.47100, 0.00000, 0.00000, 0.02739, -0.00613, -0.37985, -0.67279, -0.04617, 0.00896
16.66463, 0.02199, -0.00628, -0.37982, -0.47100, 0.00000, 0.00000, 0.02426, -0.00614, -0.37985, -0.67776, -0.04438, 0.00901
16.67130, 0.01885, -0.00628, -0.37982, -0.47100, 0.00000, 0.00000, 0.02113, -0.00614, -0.37985, -0.68205, -0.04254, 0.00906
16.67797, 0.01571, -0.00628, -0.37982, -0.47100, 0.00000, 0.00000, 0.01800, -0.00615, -0.37985, -0.68568, -0.04065, 0.00910
16.68464, 0.01571, -0.00628, -0.37982, 0.00000, 0.00000, 0.00000, 0.01801, -0.00616, -0.37985, -0.68862, -0.03871, 0.00912
16.69131, 0.01257, -0.00628, -0.37982, -0.47100, 0.00000, 0.00000, 0.01488, -0.00616, -0.37985, -0.69159, -0.03678, 0.00915
16.69798, 0.00942, -0.00628, -0.37982, -0.47100, 0.00000, 0.00000, 0.01174, -0.00617, -0.37985, -0.69389, -0.03479, 0.00917
16.70465, 0.00628, -0.00628, -0.37982, -0.47100, 0.00000, 0.00000, 0.00860, -0.00618, -0.37985, -0.69554, -0.03276, 0.00917
16.71132, 0.00314, -0.00628, -0.37982, -0.47100, 0.00000, 0.00000, 0.00547, -0.00618, -0.37985, -0.69650, -0.03068, 0.00917
16.71798, 0.00000, -0.00628, -0.37982, -0.47100, 0.00000, 0.00000, 0.00232, -0.00619, -0.37985, -0.69681, -0.02856, 0.00916
16.72465, -0.00314, -0.00628, -0.37982, -0.47100, 0.00000, 0.00000, -0.00082, -0.00620, -0.37985, -0.69645, -0.02638, 0.00914
16.73132, -0.00628, -0.00628, -0.37982, -0.47100, 0.00000, 0.00000, -0.00397, -0.00621, -0.37985, -0.69543, -0.02416, 0.00911
16.73799, -0.00628, -0.00628, -0.37982, 0.00000, 0.00000, 0.00000, -0.00397, -0.00621, -0.37985, -0.69372, -0.02190, 0.00907
16.74466, -0.00942, -0.00628, -0.37982, -0.47100, 0.00000, 0.00000, -0.00712, -0.00622, -0.37985, -0.69205, -0.01963, 0.00903
16.75133, -0.01257, -0.00628, -0.37982, -0.47100, 0.00000, 0.00000, -0.01027, -0.00623, -0.37985, -0.68971, -0.01731, 0.00898
16.75801, -0.01571, -0.00628, -0.37982, -0.47100, 0.00000, 0.00000, -0.01342, -0.00624, -0.37985, -0.68672, -0.01495, 0.00892
16.76467, -0.01885, -0.00628, -0.37982, -0.47100, 0.00000, 0.00000, -0.01658, -0.00625, -0.37985, -0.68305, -0.01254, 0.00885
16.77134, -0.02199, -0.00628, -0.37982, -0.47100, 0.00000, 0.00000, -0.01974, -0.00625, -0.37985, -0.67873, -0.01009, 0.00877
16.77801, -0.02199, -0.00628, -0.37982, 0.00000, 0.00000, 0.00000, -0.01975, -0.00626, -0.37985, -0.67372, -0.00758, 0.00868
16.78468, -0.02513, -0.00628, -0.37982, -0.47100, 0.00000, 0.00000, -0.02291, -0.00627, -0.37985, -0.66875, -0.00508, 0.00859
16.79135, -0.02827, -0.00628, -0.37982, -0.47100, 0.00000, 0.00000, -0.02607, -0.00628, -0.37985, -0.66312, -0.00253, 0.00849
16.79802, -0.03142, -0.00628, -0.37982, -0.47100, 0.00000, 0.00000, -0.02924, -0.00629, -0.37985, -0.65683, 0.00007, 0.00838
16.80469, -0.03456, -0.00628, -0.37982, -0.47100, 0.00000, 0.00000, -0.03240, -0.00630, -0.37985, -0.64987, 0.00271, 0.00827
16.81136, -0.03456, -0.00628, -0.37982, 0.00000, 0.00000, 0.00000, -0.03243, -0.00631, -0.37985, -0.64226, 0.00541, 0.00814
16.81803, -0.03770, -0.00628, -0.37982, -0.47100, 0.00000, 0.00000, -0.03560, -0.00631, -0.37985, -0.63467, 0.00810, 0.00801
16.82470, -0.04084, -0.00628, -0.37982, -0.47100, 0.00000, 0.00000, -0.03877, -0.00632, -0.37985, -0.62642, 0.01083, 0.00788
16.83137, -0.04084, -0.00628, -0.37982, 0.00000, 0.00000, 0.00000, -0.03880, -0.00633, -0.37985, -0.61748, 0.01362, 0.00773
16.83804, -0.04398, -0.00628, -0.37982, -0.47100, 0.00000, 0.00000, -0.04197, -0.00634, -0.37985, -0.60859, 0.01640, 0.00758
16.84472, -0.04712, -0.00628, -0.37982, -0.47100, 0.00000, 0.00000, -0.04514, -0.00635, -0.37985, -0.59904, 0.01923, 0.00743
16.85138, -0.04712, -0.00628, -0.37982, 0.00000, 0.00000, 0.00000, -0.04518, -0.00636, -0.37985, -0.58883, 0.02211, 0.00726
16.85805, -0.05027, -0.00628, -0.37982, -0.47100, 0.00000, 0.00000, -0.04835, -0.00637, -0.37985, -0.57863, 0.02499, 0.00709
16.86472, -0.05027, -0.00628, -0.37982, 0.00000, 0.00000, 0.00000, -0.04839, -0.00638, -0.37985, -0.56778, 0.02791, 0.00692
16.87139, -0.05341, -0.00628, -0.37982, -0.47100, 0.00000, 0.00000, -0.05157, -0.00639, -0.37985, -0.55695, 0.03083, 0.00674
16.87806, -0.05341, -0.00628, -0.37982, 0.00000, 0.00000, 0.00000, -0.05161, -0.00640, -0.37985, -0.54547, 0.03381, 0.00656
16.88473, -0.05655, -0.00628, -0.37982, -0.47100, 0.00000, 0.00000, -0.05479, -0.00641, -0.37984, -0.53400, 0.03677, 0.00637
16.89140, -0.05655, -0.00628, -0.37982, 0.00000, 0.00000, 0.00000, -0.05483, -0.00642, -0.37984, -0.52188, 0.03979, 0.00618
16.89807, -0.05969, -0.00628, -0.37982, -0.47100, 0.00000, 0.00000, -0.05801, -0.00643, -0.37984, -0.50978, 0.04280, 0.00599
16.90474, -0.05969, -0.00628, -0.37982, 0.00000, 0.00000, 0.00000, -0.05805, -0.00644, -0.37984, -0.49702, 0.04587, 0.00578
16.91141, -0.06283, -0.00628, -0.37982, -0.47100, 0.00000, 0.00000, -0.06124, -0.00645, -0.37984, -0.48429, 0.04893, 0.00558
16.91808, -0.06283, -0.00628, -0.37982, 0.00000, 0.00000, 0.00000, -0.06128, -0.00646, -0.37984, -0.47090, 0.05203, 0.00536
16.92475, -0.06283, -0.00628, -0.37982, 0.00000, 0.00000, 0.00000, -0.06133, -0.00647, -0.37984, -0.45752, 0.05514, 0.00515
16.93142, -0.06283, -0.00628, -0.37982, 0.00000, 0.00000, 0.00000, -0.06137, -0.00648, -0.37984, -0.44417, 0.05824, 0.00494
16.93809, -0.06597, -0.00628, -0.37982, -0.47100, 0.00000, 0.00000, -0.06456, -0.00649, -0.37984, -0.43085, 0.06135, 0.00472
16.94476, -0.06597, -0.00628, -0.37982, 0.00000, 0.00000, 0.00000, -0.06461, -0.00650, -0.37984, -0.41687, 0.06450, 0.00450
16.95143, -0.06597, -0.00628, -0.37982, 0.00000, 0.00000, 0.00000, -0.06465, -0.00651, -0.37984, -0.40291, 0.06764, 0.00428
16.95810, -0.06597, -0.00628, -0.37982, 0.00000, 0.00000, 0.00000, -0.06470, -0.00652, -0.37984, -0.38897, 0.07079, 0.00405
16.96477, -0.06597, -0.00628, -0.37982, 0.00000, 0.00000, 0.00000, -0.06475, -0.00654, -0.37984, -0.37506, 0.07394, 0.00383
16.97144, -0.06597, -0.00628, -0.37982, 0.00000, 0.00000, 0.00000, -0.06479, -0.00655, -0.37984, -0.36117, 0.07708, 0.00361
16.97811, -0.06597, -0.00628, -0.37982, 0.00000, 0.00000, 0.00000, -0.06484, -0.00656, -0.37983, -0.34731, 0.08022, 0.00338
16.98478, -0.06911, -0.00628, -0.37982, -0.47100, 0.00000, 0.00000, -0.06803, -0.00657, -0.37983, -0.33348, 0.08337, 0.00316
16.99145, -0.06911, -0.00628, -0.37982, 0.00000, 0.00000, 0.00000, -0.06808, -0.00658, -0.37983, -0.31899, 0.08655, 0.00293
16.99812, -0.06911, -0.00628, -0.37982, 0.00000, 0.00000, 0.00000, -0.06812, -0.00659, -0.37983, -0.30451, 0.08974, 0.00270
17.00479, -0.06597, -0.00628, -0.37982, 0.47100, 0.00000, 0.00000, -0.06503, -0.00660, -0.37983, -0.29007, 0.09293, 0.00246
17.01146, -0.06597, -0.00628, -0.37982, 0.00000, 0.00000, 0.00000, -0.06508, -0.00661, -0.37983, -0.27632, 0.09606, 0.00224
17.01813, -0.06597, -0.00628, -0.37982, 0.00000, 0.00000, 0.00000, -0.06512, -0.00662, -0.37983, -0.26260, 0.09920, 0.00202
17.02480, -0.06597, -0.00628, -0.37982, 0.00000, 0.00000, 0.00000, -0.06517, -0.00663, -0.37983, -0.24889, 0.10233, 0.00180
17.03147, -0.06597, -0.00628, -0.37982, 0.00000, 0.00000, 0.00000, -0.06521, -0.00664, -0.37983, -0.23523, 0.10546, 0.00157
17.03814, -0.06597, -0.00628, -0.37982, 0.00000, 0.00000, 0.00000, -0.06526, -0.00665, -0.37983, -0.22157, 0.10859, 0.00135
17.04481, -0.06283, -0.00628, -0.37982, 0.47100, 0.00000, 0.00000, -0.06216, -0.00666, -0.37983, -0.20795, 0.11172, 0.00113
17.05148, -0.06283, -0.00628, -0.37982, 0.00000, 0.00000, 0.00000, -0.06220, -0.00667, -0.37983, -0.19502, 0.11480, 0.00091
17.05815, -0.06283, -0.00628, -0.37982, 0.00000, 0.00000, 0.00000, -0.06225, -0.00668, -0.37983, -0.18213, 0.11788, 0.00070
17.06482, -0.06283, -0.00628, -0.37982, 0.00000, 0.00000, 0.00000, -0.06229, -0.00669, -0.37983, -0.16924, 0.12096, 0.00049
17.07149, -0.05969, -0.00628, -0.37982, 0.47100, 0.00000, 0.00000, -0.05919, -0.00670, -0.37982, -0.15639, 0.12403, 0.00028
17.07816, -0.05969, -0.00628, -0.37982, 0.00000, 0.00000, 0.00000, -0.05923, -0.00671, -0.37982, -0.14423, 0.12706, 0.00007
17.08483, -0.05969, -0.00628, -0.37982, 0.00000, 0.00000, 0.00000, -0.05927, -0.00672, -0.37982, -0.13211, 0.13009, -0.00013
17.09150, -0.05655, -0.00628, -0.37982, 0.47100, 0.00000, 0.00000, -0.05617, -0.00673, -0.37982, -0.11997, 0.13311, -0.00033
17.09817, -0.05655, -0.00628, -0.37982, 0.00000, 0.00000, 0.00000, -0.05621, -0.00674, -0.37982, -0.10858, 0.13608, -0.00053
17.10484, -0.05341, -0.00628, -0.37982, 0.47100, 0.00000, 0.00000, -0.05310, -0.00675, -0.37982, -0.09716, 0.13906, -0.00072
17.11151, -0.05341, -0.00628, -0.37982, 0.00000, 0.00000, 0.00000, -0.05314, -0.00676, -0.37982, -0.08649, 0.14198, -0.00090
17.11818, -0.05027, -0.00628, -0.37982, 0.47100, 0.00000, 0.00000, -0.05003, -0.00677, -0.37982, -0.07579, 0.14490, -0.00109
17.12485, -0.05027, -0.00628, -0.37982, 0.00000, 0.00000, 0.00000, -0.05006, -0.00678, -0.37982, -0.06585, 0.14777, -0.00126
17.13152, -0.04712, -0.00628, -0.37982, 0.47100, 0.00000, 0.00000, -0.04695, -0.00679, -0.37982, -0.05587, 0.15064, -0.00143
17.13819, -0.04712, -0.00628, -0.37982, 0.00000, 0.00000, 0.00000, -0.04699, -0.00680, -0.37982, -0.04665, 0.15347, -0.00160
17.14486, -0.04398, -0.00628, -0.37982, 0.47100, 0.00000, 0.00000, -0.04387, -0.00681, -0.37982, -0.03739, 0.15628, -0.00176
17.15153, -0.04398, -0.00628, -0.37982, 0.00000, 0.00000, 0.00000, -0.04390, -0.00682, -0.37982, -0.02889, 0.15906, -0.00192
17.15820, -0.04084, -0.00628, -0.37982, 0.47100, 0.00000, 0.00000, -0.04079, -0.00683, -0.37982, -0.02035, 0.16182, -0.00207
17.16487, -0.04084, -0.00628, -0.37982, 0.00000, 0.00000, 0.00000, -0.04081, -0.00684, -0.37982, -0.01257, 0.16455, -0.00222
17.17154, -0.03770, -0.00628, -0.37982, 0.47100, 0.00000, 0.00000, -0.03770, -0.00685, -0.37982, -0.00475, 0.16726, -0.00236
17.17821, -0.03456, -0.00628, -0.37982, 0.47100, 0.00000, 0.00000, -0.03458, -0.00685, -0.37982, 0.00230, 0.16994, -0.00250
17.18488, -0.03456, -0.00628, -0.37982, 0.00000, 0.00000, 0.00000, -0.03460, -0.00686, -0.37982, 0.00870, 0.17256, -0.00262
17.19155, -0.03142, -0.00628, -0.37982, 0.47100, 0.00000, 0.00000, -0.03148, -0.00687, -0.37981, 0.01504, 0.17518, -0.00275
17.19822, -0.02827, -0.00628, -0.37982, 0.47100, 0.00000, 0.00000, -0.02835, -0.00688, -0.37981, 0.02075, 0.17775, -0.00286
17.20490, -0.02827, -0.00628, -0.37982, 0.00000, 0.00000, 0.00000, -0.02837, -0.00689, -0.37981, 0.02569, 0.18027, -0.00297
17.21156, -0.02513, -0.00628, -0.37982, 0.47100, 0.00000, 0.00000, -0.02524, -0.00690, -0.37981, 0.03068, 0.18279, -0.00308
17.21823, -0.02199, -0.00628, -0.37982, 0.47100, 0.00000, 0.00000, -0.02212, -0.00691, -0.37981, 0.03491, 0.18526, -0.00317
17.22490, -0.02199, -0.00628, -0.37982, 0.00000, 0.00000, 0.00000, -0.02213, -0.00691, -0.37981, 0.03848, 0.18768, -0.00326
17.23157, -0.01885, -0.00628, -0.37982, 0.47100, 0.00000, 0.00000, -0.01900, -0.00692, -0.37981, 0.04200, 0.19011, -0.00335
17.23824, -0.01571, -0.00628, -0.37982, 0.47100, 0.00000, 0.00000, -0.01586, -0.00693, -0.37981, 0.04488, 0.19247, -0.00342
17.24491, -0.01257, -0.00628, -0.37982, 0.47100, 0.00000, 0.00000, -0.01273, -0.00694, -0.37981, 0.04701, 0.19480, -0.00349
17.25158, -0.01257, -0.00628, -0.37982, 0.00000, 0.00000, 0.00000, -0.01273, -0.00694, -0.37981, 0.04847, 0.19707, -0.00355
17.25825, -0.00942, -0.00628, -0.37982, 0.47100, 0.00000, 0.00000, -0.00959, -0.00695, -0.37981, 0.04989, 0.19935, -0.00361
17.26492, -0.00628, -0.00628, -0.37982, 0.47100, 0.00000, 0.00000, -0.00645, -0.00696, -0.37981, 0.05066, 0.20156, -0.00365
17.27159, -0.00628, -0.00628, -0.37982, 0.00000, 0.00000, 0.00000, -0.00645, -0.00697, -0.37981, 0.05069, 0.20374, -0.00369
17.27826, -0.00314, -0.00628, -0.37982, 0.47100, 0.00000, 0.00000, -0.00331, -0.00697, -0.37981, 0.05075, 0.20591, -0.00373
17.28494, 0.00000, -0.00628, -0.37982, 0.47100, 0.00000, 0.00000, -0.00017, -0.00698, -0.37981, 0.05008, 0.20804, -0.00376
17.29161, 0.00314, -0.00628, -0.37982, 0.47100, 0.00000, 0.00000, 0.00298, -0.00699, -0.37981, 0.04875, 0.21011, -0.00378
17.29828, 0.00314, -0.00628, -0.37982, 0.00000, 0.00000, 0.00000, 0.00299, -0.00699, -0.37981, 0.04668, 0.21214, -0.00379
17.30495, 0.00628, -0.00628, -0.37982, 0.47100, 0.00000, 0.00000, 0.00614, -0.00700, -0.37981, 0.04464, 0.21416, -0.00380
17.31162, 0.00942, -0.00628, -0.37982, 0.47100, 0.00000, 0.00000, 0.00929, -0.00701, -0.37981, 0.04188, 0.21614, -0.00380
17.31829, 0.00942, -0.00628, -0.37982, 0.00000, 0.00000, 0.00000, 0.00930, -0.00701, -0.37981, 0.03844, 0.21806, -0.00379
17.32496, 0.01257, -0.00628, -0.37982, 0.47100, 0.00000, 0.00000, 0.01245, -0.00702, -0.37981, 0.03498, 0.21999, -0.00378
17.33163, 0.01571, -0.00628, -0.37982, 0.47100, 0.00000, 0.00000, 0.01561, -0.00703, -0.37981, 0.03084, 0.22186, -0.00376
17.33830, 0.01571, -0.00628, -0.37982, 0.00000, 0.00000, 0.00000, 0.01563, -0.00703, -0.37981, 0.02599, 0.22370, -0.00373
17.34497, 0.01885, -0.00628, -0.37982, 0.47100, 0.00000, 0.00000, 0.01879, -0.00704, -0.37981, 0.02115, 0.22552, -0.00370
17.35164, 0.02199, -0.00628, -0.37982, 0.47100, 0.00000, 0.00000, 0.02195, -0.00704, -0.37981, 0.01561, 0.22730, -0.00366
17.35831, 0.02199, -0.00628, -0.37982, 0.00000, 0.00000, 0.00000, 0.02197, -0.00705, -0.37981, 0.00938, 0.22903, -0.00361
17.36498, 0.02513, -0.00628, -0.37982, 0.47100, 0.00000, 0.00000, 0.02513, -0.00706, -0.37981, 0.00314, 0.23076, -0.00356
17.37165, 0.02513, -0.00628, -0.37982, 0.00000, 0.00000, 0.00000, 0.02515, -0.00706, -0.37981, -0.00380, 0.23244, -0.00350
17.37832, 0.02827, -0.00628, -0.37982, 0.47100, 0.00000, 0.00000, 0.02832, -0.00707, -0.37981, -0.01072, 0.23412, -0.00345
17.38499, 0.03142, -0.00628, -0.37982, 0.47100, 0.00000, 0.00000, 0.03149, -0.00707, -0.37981, -0.01836, 0.23575, -0.00338
17.39166, 0.03142, -0.00628, -0.37982, 0.00000, 0.00000, 0.00000, 0.03152, -0.00708, -0.37981, -0.02668, 0.23734, -0.00330
17.39833, 0.03456, -0.00628, -0.37982, 0.47100, 0.00000, 0.00000, 0.03469, -0.00708, -0.37981, -0.03502, 0.23891, -0.00322
17.40500, 0.03456, -0.00628, -0.37982, 0.00000, 0.00000, 0.00000, 0.03472, -0.00709, -0.37981, -0.04403, 0.24045, -0.00314
17.41167, 0.03770, -0.00628, -0.37982, 0.47100, 0.00000, 0.00000, 0.03789, -0.00709, -0.37981, -0.05308, 0.24198, -0.00305
17.41834, 0.03770, -0.00628, -0.37982, 0.00000, 0.00000, 0.00000, 0.03792, -0.00710, -0.37981, -0.06278, 0.24346, -0.00295
17.42501, 0.04084, -0.00628, -0.37982, 0.47100, 0.00000, 0.00000, 0.04110, -0.00710, -0.37981, -0.07253, 0.24494, -0.00285
17.43168, 0.04084, -0.00628, -0.37982, 0.00000, 0.00000, 0.00000, 0.04113, -0.00711, -0.37982, -0.08292, 0.24638, -0.00275
17.43835, 0.04398, -0.00628, -0.37982, 0.47100, 0.00000, 0.00000, 0.04431, -0.00711, -0.37982, -0.09337, 0.24781, -0.00264
17.44502, 0.04398, -0.00628, -0.37982, 0.00000, 0.00000, 0.00000, 0.04435, -0.00712, -0.37982, -0.10445, 0.24920, -0.00253
17.45169, 0.04398, -0.00628, -0.37982, 0.00000, 0.00000, 0.00000, 0.04438, -0.00712, -0.37982, -0.11560, 0.25058, -0.00241
17.45836, 0.04712, -0.00628, -0.37982, 0.47100, 0.00000, 0.00000, 0.04756, -0.00713, -0.37982, -0.12667, 0.25196, -0.00229
17.46503, 0.04712, -0.00628, -0.37982, 0.00000, 0.00000, 0.00000, 0.04760, -0.00713, -0.37982, -0.13852, 0.25330, -0.00217
17.47170, 0.04712, -0.00628, -0.37982, 0.00000, 0.00000, 0.00000, 0.04764, -0.00713, -0.37982, -0.15030, 0.25463, -0.00204
17.47837, 0.05027, -0.00628, -0.37982, 0.47100, 0.00000, 0.00000, 0.05082, -0.00714, -0.37982, -0.16216, 0.25597, -0.00192
17.48504, 0.05027, -0.00628, -0.37982, 0.00000, 0.00000, 0.00000, 0.05087, -0.00714, -0.37982, -0.17464, 0.25725, -0.00178
17.49171, 0.05027, -0.00628, -0.37982, 0.00000, 0.00000, 0.00000, 0.05091, -0.00715, -0.37982, -0.18720, 0.25854, -0.00164
17.49838, 0.05027, -0.00628, -0.37982, 0.00000, 0.00000, 0.00000, 0.05095, -0.00715, -0.37982, -0.19968, 0.25982, -0.00151
17.50505, 0.05027, -0.00628, -0.37982, 0.00000, 0.00000, 0.00000, 0.05099, -0.00716, -0.37982, -0.21225, 0.26111, -0.00137
17.51172, 0.05341, -0.00628, -0.37982, 0.47100, 0.00000, 0.00000, 0.05418, -0.00716, -0.37982, -0.22472, 0.26239, -0.00124
17.51839, 0.05341, -0.00628, -0.37982, 0.00000, 0.00000, 0.00000, 0.05422, -0.00716, -0.37982, -0.23799, 0.26363, -0.00110
17.52506, 0.05341, -0.00628, -0.37982, 0.00000, 0.00000, 0.00000, 0.05426, -0.00717, -0.37982, -0.25117, 0.26486, -0.00095
17.53173, 0.05341, -0.00628, -0.37982, 0.00000, 0.00000, 0.00000, 0.05431, -0.00717, -0.37982, -0.26445, 0.26610, -0.00081
17.53840, 0.05341, -0.00628, -0.37982, 0.00000, 0.00000, 0.00000, 0.05435, -0.00718, -0.37982, -0.27765, 0.26733, -0.00066
17.54507, 0.05341, -0.00628, -0.37982, 0.00000, 0.00000, 0.00000, 0.05440, -0.00718, -0.37982, -0.29094, 0.26857, -0.00052
17.55174, 0.05341, -0.00628, -0.37982, 0.00000, 0.00000, 0.00000, 0.05444, -0.00719, -0.37982, -0.30414, 0.26980, -0.00037
17.55841, 0.05341, -0.00628, -0.37982, 0.00000, 0.00000, 0.00000, 0.05448, -0.00719, -0.37982, -0.31745, 0.27104, -0.00023
17.56508, 0.05341, -0.00628, -0.37982, 0.00000, 0.00000, 0.00000, 0.05453, -0.00719, -0.37982, -0.33066, 0.27226, -0.00008
17.57175, 0.05341, -0.00628, -0.37982, 0.00000, 0.00000, 0.00000, 0.05457, -0.00720, -0.37982, -0.34398, 0.27351, 0.00006
17.57842, 0.05341, -0.00628, -0.37982, 0.00000, 0.00000, 0.00000, 0.05462, -0.00720, -0.37982, -0.35721, 0.27473, 0.00020
17.58509, 0.05341, -0.00628, -0.37982, 0.00000, 0.00000, 0.00000, 0.05466, -0.00721, -0.37983, -0.37054, 0.27597, 0.00035
17.59176, 0.05341, -0.00628, -0.37982, 0.00000, 0.00000, 0.00000, 0.05471, -0.00721, -0.37983, -0.38378, 0.27719, 0.00049
17.59843, 0.05341, -0.00628, -0.37982, 0.00000, 0.00000, 0.00000, 0.05475, -0.00721, -0.37983, -0.39712, 0.27843, 0.00064
17.60510, 0.05027, -0.00628, -0.37982, -0.47100, 0.00000, 0.00000, 0.05165, -0.00722, -0.37983, -0.41039, 0.27966, 0.00078
17.61177, 0.05027, -0.00628, -0.37982, 0.00000, 0.00000, 0.00000, 0.05169, -0.00722, -0.37983, -0.42307, 0.28095, 0.00092
17.61844, 0.05027, -0.00628, -0.37982, 0.00000, 0.00000, 0.00000, 0.05174, -0.00723, -0.37983, -0.43565, 0.28221, 0.00105
17.62511, 0.05027, -0.00628, -0.37982, 0.00000, 0.00000, 0.00000, 0.05178, -0.00723, -0.37983, -0.44833, 0.28350, 0.00119
17.63178, 0.04712, -0.00628, -0.37982, -0.47100, 0.00000, 0.00000, 0.04868, -0.00724, -0.37983, -0.46095, 0.28477, 0.00132
17.63845, 0.04712, -0.00628, -0.37982, 0.00000, 0.00000, 0.00000, 0.04872, -0.00724, -0.37983, -0.47297, 0.28611, 0.00145
17.64512, 0.04712, -0.00628, -0.37982, 0.00000, 0.00000, 0.00000, 0.04876, -0.00724, -0.37983, -0.48490, 0.28742, 0.00157
17.65179, 0.04712, -0.00628, -0.37982, 0.00000, 0.00000, 0.00000, 0.04880, -0.00725, -0.37983, -0.49693, 0.28876, 0.00170
17.65846, 0.04398, -0.00628, -0.37982, -0.47100, 0.00000, 0.00000, 0.04570, -0.00725, -0.37983, -0.50890, 0.29007, 0.00182
17.66513, 0.04398, -0.00628, -0.37982, 0.00000, 0.00000, 0.00000, 0.04573, -0.00726, -0.37983, -0.52026, 0.29146, 0.00194
17.67180, 0.04398, -0.00628, -0.37982, 0.00000, 0.00000, 0.00000, 0.04577, -0.00726, -0.37983, -0.53154, 0.29282, 0.00205
17.67847, 0.04084, -0.00628, -0.37982, -0.47100, 0.00000, 0.00000, 0.04267, -0.00727, -0.37983, -0.54291, 0.29420, 0.00217
17.68514, 0.04084, -0.00628, -0.37982, 0.00000, 0.00000, 0.00000, 0.04270, -0.00727, -0.37983, -0.55354, 0.29560, 0.00227
17.69181, 0.03770, -0.00628, -0.37982, -0.47100, 0.00000, 0.00000, 0.03959, -0.00728, -0.37983, -0.56424, 0.29703, 0.00238
17.69848, 0.03770, -0.00628, -0.37982, 0.00000, 0.00000, 0.00000, 0.03963, -0.00728, -0.37983, -0.57421, 0.29849, 0.00247
17.70515, 0.03770, -0.00628, -0.37982, 0.00000, 0.00000, 0.00000, 0.03966, -0.00729, -0.37983, -0.58424, 0.29997, 0.00257
17.71182, 0.03456, -0.00628, -0.37982, -0.47100, 0.00000, 0.00000, 0.03655, -0.00729, -0.37983, -0.59424, 0.30142, 0.00267
17.71849, 0.03456, -0.00628, -0.37982, 0.00000, 0.00000, 0.00000, 0.03658, -0.00730, -0.37983, -0.60360, 0.30295, 0.00275
17.72516, 0.03142, -0.00628, -0.37982, -0.47100, 0.00000, 0.00000, 0.03347, -0.00730, -0.37983, -0.61295, 0.30445, 0.00284
17.73183, 0.03142, -0.00628, -0.37982, 0.00000, 0.00000, 0.00000, 0.03350, -0.00731, -0.37983, -0.62164, 0.30602, 0.00292
17.73850, 0.02827, -0.00628, -0.37982, -0.47100, 0.00000, 0.00000, 0.03039, -0.00731, -0.37983, -0.63032, 0.30757, 0.00299
17.74517, 0.02827, -0.00628, -0.37982, 0.00000, 0.00000, 0.00000, 0.03041, -0.00732, -0.37983, -0.63835, 0.30919, 0.00306
17.75184, 0.02513, -0.00628, -0.37982, -0.47100, 0.00000, 0.00000, 0.02730, -0.00732, -0.37983, -0.64638, 0.31079, 0.00313
17.75851, 0.02513, -0.00628, -0.37982, 0.00000, 0.00000, 0.00000, 0.02732, -0.00733, -0.37983, -0.65373, 0.31245, 0.00319
17.76518, 0.02199, -0.00628, -0.37982, -0.47100, 0.00000, 0.00000, 0.02420, -0.00733, -0.37983, -0.66111, 0.31410, 0.00324
17.77185, 0.02199, -0.00628, -0.37982, 0.00000, 0.00000, 0.00000, 0.02423, -0.00734, -0.37984, -0.66780, 0.31581, 0.00329
17.77852, 0.01885, -0.00628, -0.37982, -0.47100, 0.00000, 0.00000, 0.02111, -0.00735, -0.37984, -0.67452, 0.31751, 0.00334
17.78519, 0.01885, -0.00628, -0.37982, 0.00000, 0.00000, 0.00000, 0.02113, -0.00735, -0.37984, -0.68054, 0.31926, 0.00337
17.79186, 0.01571, -0.00628, -0.37982, -0.47100, 0.00000, 0.00000, 0.01800, -0.00736, -0.37984, -0.68661, 0.32101, 0.00341
17.79853, 0.01571, -0.00628, -0.37982, 0.00000, 0.00000, 0.00000, 0.01802, -0.00736, -0.37984, -0.69197, 0.32281, 0.00344
17.80520, 0.01257, -0.00628, -0.37982, -0.47100, 0.00000, 0.00000, 0.01490, -0.00737, -0.37984, -0.69739, 0.32460, 0.00347
17.81187, 0.00942, -0.00628, -0.37982, -0.47100, 0.00000, 0.00000, 0.01177, -0.00738, -0.37984, -0.70210, 0.32644, 0.00349
17.81854, 0.00942, -0.00628, -0.37982, 0.00000, 0.00000, 0.00000, 0.01178, -0.00738, -0.37984, -0.70618, 0.32833, 0.00350
17.82521, 0.00628, -0.00628, -0.37982, -0.47100, 0.00000, 0.00000, 0.00865, -0.00739, -0.37984, -0.71023, 0.33022, 0.00351
17.83188, 0.00628, -0.00628, -0.37982, 0.00000, 0.00000, 0.00000, 0.00867, -0.00739, -0.37984, -0.71367, 0.33216, 0.00350
17.83855, 0.00314, -0.00628, -0.37982, -0.47100, 0.00000, 0.00000, 0.00553, -0.00740, -0.37984, -0.71705, 0.33410, 0.00350
17.84522, 0.00314, -0.00628, -0.37982, 0.00000, 0.00000, 0.00000, 0.00554, -0.00741, -0.37984, -0.71984, 0.33608, 0.00349
17.85189, 0.00000, -0.00628, -0.37982, -0.47100, 0.00000, 0.00000, 0.00241, -0.00741, -0.37984, -0.72257, 0.33807, 0.00348
17.85856, 0.00000, -0.00628, -0.37982, 0.00000, 0.00000, 0.00000, 0.00242, -0.00742, -0.37984, -0.72471, 0.34010, 0.00346
17.86523, -0.00314, -0.00628, -0.37982, -0.47100, 0.00000, 0.00000, -0.00072, -0.00743, -0.37984, -0.72678, 0.34213, 0.00344
17.87190, -0.00628, -0.00628, -0.37982, -0.47100, 0.00000, 0.00000, -0.00386, -0.00743, -0.37984, -0.72827, 0.34421, 0.00341
17.87857, -0.00628, -0.00628, -0.37982, 0.00000, 0.00000, 0.00000, -0.00385, -0.00744, -0.37984, -0.72898, 0.34633, 0.00337
17.88524, -0.00942, -0.00628, -0.37982, -0.47100, 0.00000, 0.00000, -0.00699, -0.00745, -0.37984, -0.72983, 0.34846, 0.00333
17.89191, -0.00942, -0.00628, -0.37982, 0.00000, 0.00000, 0.00000, -0.00699, -0.00746, -0.37983, -0.72988, 0.35062, 0.00328
17.89858, -0.01257, -0.00628, -0.37982, -0.47100, 0.00000, 0.00000, -0.01014, -0.00746, -0.37983, -0.73008, 0.35280, 0.00323
17.90525, -0.01257, -0.00628, -0.37982, 0.00000, 0.00000, 0.00000, -0.01014, -0.00747, -0.37983, -0.72947, 0.35501, 0.00318
17.91192, -0.01571, -0.00628, -0.37982, -0.47100, 0.00000, 0.00000, -0.01328, -0.00748, -0.37983, -0.72902, 0.35724, 0.00312
17.91859, -0.01571, -0.00628, -0.37982, 0.00000, 0.00000, 0.00000, -0.01329, -0.00749, -0.37983, -0.72777, 0.35949, 0.00305
17.92526, -0.01885, -0.00628, -0.37982, -0.47100, 0.00000, 0.00000, -0.01643, -0.00749, -0.37983, -0.72667, 0.36176, 0.00298
17.93193, -0.01885, -0.00628, -0.37982, 0.00000, 0.00000, 0.00000, -0.01644, -0.00750, -0.37983, -0.72476, 0.36406, 0.00290
17.93860, -0.02199, -0.00628, -0.37982, -0.47100, 0.00000, 0.00000, -0.01959, -0.00751, -0.37983, -0.72302, 0.36638, 0.00282
17.94527, -0.02199, -0.00628, -0.37982, 0.00000, 0.00000, 0.00000, -0.01960, -0.00752, -0.37983, -0.72046, 0.36872, 0.00274
17.95194, -0.02199, -0.00628, -0.37982, 0.00000, 0.00000, 0.00000, -0.01960, -0.00752, -0.37983, -0.71808, 0.37110, 0.00265
17.95861, -0.02513, -0.00628, -0.37982, -0.47100, 0.00000, 0.00000, -0.02276, -0.00753, -0.37983, -0.71559, 0.37344, 0.00256
17.96528, -0.02513, -0.00628, -0.37982, 0.00000, 0.00000, 0.00000, -0.02277, -0.00754, -0.37983, -0.71256, 0.37586, 0.00246
17.97195, -0.02827, -0.00628, -0.37982, -0.47100, 0.00000, 0.00000, -0.02592, -0.00755, -0.37983, -0.70942, 0.37825, 0.00237
17.97862, -0.02827, -0.00628, -0.37982, 0.00000, 0.00000, 0.00000, -0.02593, -0.00756, -0.37983, -0.70575, 0.38072, 0.00226
17.98529, -0.02827, -0.00628, -0.37982, 0.00000, 0.00000, 0.00000, -0.02594, -0.00757, -0.37983, -0.70193, 0.38315, 0.00215
17.99196, -0.03142, -0.00628, -0.37982, -0.47100, 0.00000, 0.00000, -0.02910, -0.00757, -0.37983, -0.69828, 0.38561, 0.00205
17.99863, -0.03142, -0.00628, -0.37982, 0.00000, 0.00000, 0.00000, -0.02911, -0.00758, -0.37983, -0.69382, 0.38809, 0.00193
18.00530, -0.03142, -0.00628, -0.37982, 0.00000, 0.00000, 0.00000, -0.02913, -0.00759, -0.37983, -0.68954, 0.39060, 0.00181
18.01197, -0.03456, -0.00628, -0.37982, -0.47100, 0.00000, 0.00000, -0.03229, -0.00760, -0.37983, -0.68514, 0.39308, 0.00170
18.01864, -0.03456, -0.00628, -0.37982, 0.00000, 0.00000, 0.00000, -0.03230, -0.00761, -0.37983, -0.68021, 0.39564, 0.00157
18.02531, -0.03456, -0.00628, -0.37982, 0.00000, 0.00000, 0.00000, -0.03232, -0.00762, -0.37983, -0.67514, 0.39816, 0.00145
18.03198, -0.03456, -0.00628, -0.37982, 0.00000, 0.00000, 0.00000, -0.03234, -0.00762, -0.37983, -0.67024, 0.40072, 0.00132
18.03865, -0.03770, -0.00628, -0.37982, -0.47100, 0.00000, 0.00000, -0.03549, -0.00763, -0.37983, -0.66525, 0.40324, 0.00119
18.04532, -0.03770, -0.00628, -0.37982, 0.00000, 0.00000, 0.00000, -0.03551, -0.00764, -0.37983, -0.65970, 0.40584, 0.00106
18.05199, -0.03770, -0.00628, -0.37982, 0.00000, 0.00000, 0.00000, -0.03553, -0.00765, -0.37983, -0.65404, 0.40840, 0.00092
18.05866, -0.03770, -0.00628, -0.37982, 0.00000, 0.00000, 0.00000, -0.03555, -0.00766, -0.37983, -0.64852, 0.41101, 0.00078
18.06533, -0.03770, -0.00628, -0.37982, 0.00000, 0.00000, 0.00000, -0.03557, -0.00767, -0.37983, -0.64290, 0.41357, 0.00065
18.07200, -0.04084, -0.00628, -0.37982, -0.47100, 0.00000, 0.00000, -0.03873, -0.00768, -0.37983, -0.63741, 0.41617, 0.00051
18.07867, -0.04084, -0.00628, -0.37982, 0.00000, 0.00000, 0.00000, -0.03875, -0.00768, -0.37983, -0.63116, 0.41877, 0.00037
18.08534, -0.04084, -0.00628, -0.37982, 0.00000, 0.00000, 0.00000, -0.03877, -0.00769, -0.37982, -0.62502, 0.42142, 0.00022
18.09201, -0.04084, -0.00628, -0.37982, 0.00000, 0.00000, 0.00000, -0.03879, -0.00770, -0.37982, -0.61881, 0.42403, 0.00008
18.09868, -0.04084, -0.00628, -0.37982, 0.00000, 0.00000, 0.00000, -0.03881, -0.00771, -0.37982, -0.61270, 0.42667, -0.00007
18.10535, -0.04084, -0.00628, -0.37982, 0.00000, 0.00000, 0.00000, -0.03883, -0.00772, -0.37982, -0.60654, 0.42927, -0.00021
18.11202, -0.04084, -0.00628, -0.37982, 0.00000, 0.00000, 0.00000, -0.03885, -0.00773, -0.37982, -0.60046, 0.43191, -0.00036
18.11869, -0.04084, -0.00628, -0.37982, 0.00000, 0.00000, 0.00000, -0.03887, -0.00774, -0.37982, -0.59434, 0.43452, -0.00050
18.12536, -0.04084, -0.00628, -0.37982, 0.00000, 0.00000, 0.00000, -0.03889, -0.00775, -0.37982, -0.58830, 0.43715, -0.00065
18.13203, -0.04084, -0.00628, -0.37982, 0.00000, 0.00000, 0.00000, -0.03891, -0.00775, -0.37982, -0.58222, 0.43976, -0.00079
18.13870, -0.04084, -0.00628, -0.37982, 0.00000, 0.00000, 0.00000, -0.03893, -0.00776, -0.37982, -0.57620, 0.44239, -0.00094
18.14537, -0.04084, -0.00628, -0.37982, 0.00000, 0.00000, 0.00000, -0.03895, -0.00777, -0.37982, -0.57018, 0.44499, -0.00108
18.15204, -0.04084, -0.00628, -0.37982, 0.00000, 0.00000, 0.00000, -0.03897, -0.00778, -0.37982, -0.56419, 0.44762, -0.00123
18.15871, -0.03770, -0.00628, -0.37982, 0.47100, 0.00000, 0.00000, -0.03585, -0.00779, -0.37982, -0.55820, 0.45022, -0.00137
18.16538, -0.03770, -0.00628, -0.37982, 0.00000, 0.00000, 0.00000, -0.03587, -0.00780, -0.37982, -0.55291, 0.45279, -0.00151
18.17205, -0.03770, -0.00628, -0.37982, 0.00000, 0.00000, 0.00000, -0.03589, -0.00781, -0.37982, -0.54766, 0.45535, -0.00164
18.17872, -0.03770, -0.00628, -0.37982, 0.00000, 0.00000, 0.00000, -0.03590, -0.00781, -0.37982, -0.54240, 0.45792, -0.00178
18.18539, -0.03770, -0.00628, -0.37982, 0.00000, 0.00000, 0.00000, -0.03592, -0.00782, -0.37982, -0.53719, 0.46048, -0.00191
18.19206, -0.03770, -0.00628, -0.37982, 0.00000, 0.00000, 0.00000, -0.03594, -0.00783, -0.37982, -0.53196, 0.46304, -0.00205
18.19873, -0.03770, -0.00628, -0.37982, 0.00000, 0.00000, 0.00000, -0.03596, -0.00784, -0.37982, -0.52680, 0.46560, -0.00218
18.20540, -0.03456, -0.00628, -0.37982, 0.47100, 0.00000, 0.00000, -0.03283, -0.00785, -0.37982, -0.52158, 0.46816, -0.00232
18.21207, -0.03456, -0.00628, -0.37982, 0.00000, 0.00000, 0.00000, -0.03285, -0.00786, -0.37982, -0.51714, 0.47067, -0.00244
18.21874, -0.03456, -0.00628, -0.37982, 0.00000, 0.00000, 0.00000, -0.03286, -0.00787, -0.37982, -0.51264, 0.47318, -0.00257
18.22541, -0.03456, -0.00628, -0.37982, 0.00000, 0.00000, 0.00000, -0.03288, -0.00787, -0.37981, -0.50825, 0.47569, -0.00269
18.23208, -0.03142, -0.00628, -0.37982, 0.47100, 0.00000, 0.00000, -0.02975, -0.00788, -0.37981, -0.50376, 0.47819, -0.00282
18.23875, -0.03142, -0.00628, -0.37982, 0.00000, 0.00000, 0.00000, -0.02976, -0.00789, -0.37981, -0.50009, 0.48066, -0.00294
18.24542, -0.03142, -0.00628, -0.37982, 0.00000, 0.00000, 0.00000, -0.02977, -0.00790, -0.37981, -0.49632, 0.48310, -0.00305
18.25209, -0.03142, -0.00628, -0.37982, 0.00000, 0.00000, 0.00000, -0.02978, -0.00791, -0.37981, -0.49270, 0.48557, -0.00317
18.25876, -0.02827, -0.00628, -0.37982, 0.47100, 0.00000, 0.00000, -0.02665, -0.00791, -0.37981, -0.48893, 0.48801, -0.00329
18.26543, -0.02827, -0.00628, -0.37982, 0.00000, 0.00000, 0.00000, -0.02666, -0.00792, -0.37981, -0.48603, 0.49043, -0.00339
18.27210, -0.02827, -0.00628, -0.37982, 0.00000, 0.00000, 0.00000, -0.02667, -0.00793, -0.37981, -0.48300, 0.49282, -0.00350
18.27877, -0.02513, -0.00628, -0.37982, 0.47100, 0.00000, 0.00000, -0.02354, -0.00794, -0.37981, -0.48014, 0.49524, -0.00360
18.28544, -0.02513, -0.00628, -0.37982, 0.00000, 0.00000, 0.00000, -0.02355, -0.00795, -0.37981, -0.47781, 0.49757, -0.00370
18.29211, -0.02513, -0.00628, -0.37982, 0.00000, 0.00000, 0.00000, -0.02356, -0.00795, -0.37981, -0.47567, 0.49995, -0.00379
18.29878, -0.02199, -0.00628, -0.37982, 0.47100, 0.00000, 0.00000, -0.02042, -0.00796, -0.37981, -0.47333, 0.50227, -0.00389
18.30545, -0.02199, -0.00628, -0.37982, 0.00000, 0.00000, 0.00000, -0.02043, -0.00797, -0.37981, -0.47191, 0.50460, -0.00398
18.31212, -0.02199, -0.00628, -0.37982, 0.00000, 0.00000, 0.00000, -0.02043, -0.00798, -0.37981, -0.47031, 0.50688, -0.00407
18.31879, -0.01885, -0.00628, -0.37982, 0.47100, 0.00000, 0.00000, -0.01729, -0.00799, -0.37981, -0.46893, 0.50921, -0.00415
18.32546, -0.01885, -0.00628, -0.37982, 0.00000, 0.00000, 0.00000, -0.01730, -0.00799, -0.37981, -0.46804, 0.51143, -0.00423
18.33213, -0.01571, -0.00628, -0.37982, 0.47100, 0.00000, 0.00000, -0.01416, -0.00800, -0.37981, -0.46738, 0.51372, -0.00430
18.33880, -0.01571, -0.00628, -0.37991, 0.00000, 0.00000, -0.01319, -0.01416, -0.00801, -0.37990, -0.46719, 0.51589, -0.00437
18.34547, -0.01571, -0.00628, -0.37991, 0.00000, 0.00000, 0.00000, -0.01416, -0.00801, -0.37990, -0.46723, 0.51812, -0.00444
18.35214, -0.01257, -0.00628, -0.37991, 0.47100, 0.00000, 0.00000, -0.01101, -0.00802, -0.37990, -0.46704, 0.52029, -0.00451
18.35881, -0.01257, -0.00628, -0.37991, 0.00000, 0.00000, 0.00000, -0.01101, -0.00803, -0.37990, -0.46779, 0.52247, -0.00456
18.36548, -0.01257, -0.00628, -0.37991, 0.00000, 0.00000, 0.00000, -0.01101, -0.00804, -0.37990, -0.46834, 0.52459, -0.00463
18.37215, -0.00942, -0.00628, -0.37991, 0.47100, 0.00000, 0.00000, -0.00786, -0.00804, -0.37990, -0.46913, 0.52677, -0.00468
18.37882, -0.00942, -0.00628, -0.37991, 0.00000, 0.00000, 0.00000, -0.00786, -0.00805, -0.37990, -0.47039, 0.52884, -0.00473
18.38549, -0.00628, -0.00628, -0.37991, 0.47100, 0.00000, 0.00000, -0.00471, -0.00806, -0.37990, -0.47189, 0.53098, -0.00477
18.39216, -0.00628, -0.00628, -0.37991, 0.00000, 0.00000, 0.00000, -0.00471, -0.00806, -0.37990, -0.47385, 0.53300, -0.00482
18.39883, -0.00628, -0.00628, -0.37991, 0.00000, 0.00000, 0.00000, -0.00470, -0.00807, -0.37990, -0.47605, 0.53508, -0.00485
18.40550, -0.00314, -0.00628, -0.37991, 0.47100, 0.00000, 0.00000, -0.00155, -0.00808, -0.37990, -0.47800, 0.53709, -0.00489
18.41217, -0.00314, -0.00628, -0.37991, 0.00000, 0.00000, 0.00000, -0.00154, -0.00808, -0.37990, -0.48090, 0.53912, -0.00492
18.41884, 0.00000, -0.00628, -0.37991, 0.47100, 0.00000, 0.00000, 0.00161, -0.00809, -0.37990, -0.48357, 0.54108, -0.00495
18.42551, 0.00000, -0.00628, -0.37991, 0.00000, 0.00000, 0.00000, 0.00162, -0.00810, -0.37990, -0.48717, 0.54307, -0.00497
18.43218, 0.00000, -0.00628, -0.37991, 0.00000, 0.00000, 0.00000, 0.00164, -0.00810, -0.37990, -0.49058, 0.54498, -0.00499
18.43885, 0.00314, -0.00628, -0.37991, 0.47100, 0.00000, 0.00000, 0.00479, -0.00811, -0.37990, -0.49421, 0.54697, -0.00500
18.44552, 0.00314, -0.00628, -0.37991, 0.00000, 0.00000, 0.00000, 0.00480, -0.00812, -0.37990, -0.49832, 0.54884, -0.00502
18.45219, 0.00628, -0.00628, -0.37991, 0.47100, 0.00000, 0.00000, 0.00796, -0.00812, -0.37990, -0.50265, 0.55077, -0.00502
18.45886, 0.00628, -0.00628, -0.37991, 0.00000, 0.00000, 0.00000, 0.00798, -0.00813, -0.37990, -0.50748, 0.55259, -0.00503
18.46553, 0.00628, -0.00628, -0.37991, 0.00000, 0.00000, 0.00000, 0.00799, -0.00814, -0.37990, -0.51250, 0.55447, -0.00502
18.47220, 0.00942, -0.00628, -0.37991, 0.47100, 0.00000, 0.00000, 0.01115, -0.00814, -0.37990, -0.51732, 0.55629, -0.00502
18.47887, 0.00942, -0.00628, -0.37991, 0.00000, 0.00000, 0.00000, 0.01117, -0.00815, -0.37990, -0.52304, 0.55811, -0.00501
18.48554, 0.00942, -0.00628, -0.37991, 0.00000, 0.00000, 0.00000, 0.01119, -0.00815, -0.37990, -0.52860, 0.55989, -0.00500
18.49221, 0.01257, -0.00628, -0.37991, 0.47100, 0.00000, 0.00000, 0.01435, -0.00816, -0.37990, -0.53433, 0.56171, -0.00499
18.49888, 0.01257, -0.00628, -0.37991, 0.00000, 0.00000, 0.00000, 0.01437, -0.00817, -0.37990, -0.54060, 0.56344, -0.00497
18.50555, 0.01257, -0.00628, -0.37991, 0.00000, 0.00000, 0.00000, 0.01439, -0.00817, -0.37990, -0.54702, 0.56521, -0.00495
18.51222, 0.01571, -0.00628, -0.37991, 0.47100, 0.00000, 0.00000, 0.01756, -0.00818, -0.37990, -0.55331, 0.56694, -0.00494
18.51889, 0.01571, -0.00628, -0.37991, 0.00000, 0.00000, 0.00000, 0.01758, -0.00818, -0.37990, -0.56042, 0.56865, -0.00490
18.52556, 0.01571, -0.00628, -0.37991, 0.00000, 0.00000, 0.00000, 0.01761, -0.00819, -0.37990, -0.56743, 0.57034, -0.00488
18.53223, 0.01571, -0.00628, -0.37991, 0.00000, 0.00000, 0.00000, 0.01763, -0.00819, -0.37990, -0.57455, 0.57205, -0.00484
18.53890, 0.01885, -0.00628, -0.37991, 0.47100, 0.00000, 0.00000, 0.02080, -0.00820, -0.37990, -0.58158, 0.57373, -0.00482
18.54557, 0.01885, -0.00628, -0.37991, 0.00000, 0.00000, 0.00000, 0.02082, -0.00820, -0.37990, -0.58939, 0.57539, -0.00478
18.55224, 0.01885, -0.00628, -0.37991, 0.00000, 0.00000, 0.00000, 0.02085, -0.00821, -0.37990, -0.59715, 0.57703, -0.00474
18.55891, 0.02199, -0.00628, -0.37991, 0.47100, 0.00000, 0.00000, 0.02402, -0.00822, -0.37990, -0.60495, 0.57869, -0.00470
18.56558, 0.02199, -0.00628, -0.37991, 0.00000, 0.00000, 0.00000, 0.02404, -0.00822, -0.37990, -0.61342, 0.58028, -0.00465
18.57225, 0.02199, -0.00628, -0.37991, 0.00000, 0.00000, 0.00000, 0.02407, -0.00823, -0.37990, -0.62192, 0.58188, -0.00460
18.57892, 0.02199, -0.00628, -0.37991, 0.00000, 0.00000, 0.00000, 0.02410, -0.00823, -0.37990, -0.63042, 0.58348, -0.00456
18.58559, 0.02199, -0.00628, -0.37991, 0.00000, 0.00000, 0.00000, 0.02413, -0.00824, -0.37990, -0.63892, 0.58507, -0.00450
18.59226, 0.02199, -0.00628, -0.37991, 0.00000, 0.00000, 0.00000, 0.02416, -0.00824, -0.37990, -0.64746, 0.58667, -0.00446
18.59893, 0.02513, -0.00628, -0.37991, 0.47100, 0.00000, 0.00000, 0.02733, -0.00825, -0.37990, -0.65594, 0.58826, -0.00441
18.60560, 0.02513, -0.00628, -0.37991, 0.00000, 0.00000, 0.00000, 0.02736, -0.00825, -0.37990, -0.66519, 0.58982, -0.00435
18.61227, 0.02513, -0.00628, -0.37991, 0.00000, 0.00000, 0.00000, 0.02739, -0.00826, -0.37990, -0.67438, 0.59135, -0.00429
18.61894, 0.02513, -0.00628, -0.37991, 0.00000, 0.00000, 0.00000, 0.02742, -0.00826, -0.37990, -0.68366, 0.59291, -0.00424
18.62561, 0.02513, -0.00628, -0.37991, 0.00000, 0.00000, 0.00000, 0.02745, -0.00827, -0.37990, -0.69285, 0.59444, -0.00418
18.63228, 0.02513, -0.00628, -0.37991, 0.00000, 0.00000, 0.00000, 0.02748, -0.00827, -0.37990, -0.70216, 0.59601, -0.00412
18.63895, 0.02513, -0.00628, -0.37991, 0.00000, 0.00000, 0.00000, 0.02751, -0.00828, -0.37990, -0.71135, 0.59753, -0.00406
18.64562, 0.02513, -0.00628, -0.37991, 0.00000, 0.00000, 0.00000, 0.02754, -0.00828, -0.37990, -0.72070, 0.59910, -0.00400
18.65229, 0.02513, -0.00628, -0.37991, 0.00000, 0.00000, 0.00000, 0.02758, -0.00829, -0.37990, -0.72989, 0.60062, -0.00394
18.65896, 0.02513, -0.00628, -0.37991, 0.00000, 0.00000, 0.00000, 0.02761, -0.00829, -0.37990, -0.73927, 0.60219, -0.00389
18.66563, 0.02513, -0.00628, -0.37991, 0.00000, 0.00000, 0.00000, 0.02764, -0.00830, -0.37990, -0.74846, 0.60370, -0.00383
18.67230, 0.02513, -0.00628, -0.37991, 0.00000, 0.00000, 0.00000, 0.02767, -0.00830, -0.37990, -0.75787, 0.60527, -0.00377
18.67897, 0.02513, -0.00628, -0.37991, 0.00000, 0.00000, 0.00000, 0.02770, -0.00831, -0.37990, -0.76707, 0.60678, -0.00371
18.68564, 0.02513, -0.00628, -0.37991, 0.00000, 0.00000, 0.00000, 0.02773, -0.00831, -0.37990, -0.77651, 0.60836, -0.00366
18.69231, 0.02513, -0.00628, -0.37991, 0.00000, 0.00000, 0.00000, 0.02776, -0.00832, -0.37990, -0.78571, 0.60986, -0.00360
18.69898, 0.02513, -0.00628, -0.37991, 0.00000, 0.00000, 0.00000, 0.02779, -0.00833, -0.37990, -0.79518, 0.61144, -0.00354
18.70565, 0.02513, -0.00628, -0.37991, 0.00000, 0.00000, 0.00000, 0.02782, -0.00833, -0.37990, -0.80439, 0.61294, -0.00348
18.71232, 0.02513, -0.00628, -0.37991, 0.00000, 0.00000, 0.00000, 0.02786, -0.00834, -0.37990, -0.81389, 0.61452, -0.00343
18.71899, 0.02513, -0.00628, -0.37991, 0.00000, 0.00000, 0.00000, 0.02789, -0.00834, -0.37990, -0.82311, 0.61601, -0.00337
18.72566, 0.02513, -0.00628, -0.37991, 0.00000, 0.00000, 0.00000, 0.02792, -0.00835, -0.37990, -0.83263, 0.61760, -0.00331
18.73233, 0.02513, -0.00628, -0.37991, 0.00000, 0.00000, 0.00000, 0.02795, -0.00835, -0.37990, -0.84185, 0.61909, -0.00325
18.73900, 0.02513, -0.00628, -0.37991, 0.00000, 0.00000, 0.00000, 0.02798, -0.00836, -0.37990, -0.85140, 0.62067, -0.00319
18.74567, 0.02513, -0.00628, -0.37991, 0.00000, 0.00000, 0.00000, 0.02801, -0.00836, -0.37990, -0.86064, 0.62216, -0.00313
18.75234, 0.02513, -0.00628, -0.37991, 0.00000, 0.00000, 0.00000, 0.02804, -0.00837, -0.37990, -0.87021, 0.62374, -0.00308
18.75901, 0.02513, -0.00628, -0.37991, 0.00000, 0.00000, 0.00000, 0.02807, -0.00837, -0.37990, -0.87946, 0.62523, -0.00302
18.76568, 0.02199, -0.00628, -0.37991, -0.47100, 0.00000, 0.00000, 0.02496, -0.00838, -0.37990, -0.88904, 0.62681, -0.00296
18.77235, 0.02199, -0.00628, -0.37991, 0.00000, 0.00000, 0.00000, 0.02499, -0.00838, -0.37990, -0.89762, 0.62834, -0.00291
18.77902, 0.02199, -0.00628, -0.37991, 0.00000, 0.00000, 0.00000, 0.02502, -0.00839, -0.37990, -0.90655, 0.62997, -0.00287
18.78569, 0.02199, -0.00628, -0.37991, 0.00000, 0.00000, 0.00000, 0.02505, -0.00839, -0.37990, -0.91515, 0.63150, -0.00282
18.79236, 0.02199, -0.00628, -0.37991, 0.00000, 0.00000, 0.00000, 0.02508, -0.00840, -0.37990, -0.92411, 0.63314, -0.00277
18.79903, 0.02199, -0.00628, -0.37991, 0.00000, 0.00000, 0.00000, 0.02511, -0.00840, -0.37990, -0.93272, 0.63467, -0.00272
18.80570, 0.02199, -0.00628, -0.37991, 0.00000, 0.00000, 0.00000, 0.02514, -0.00841, -0.37990, -0.94169, 0.63630, -0.00267
18.81237, 0.01885, -0.00628, -0.37991, -0.47100, 0.00000, 0.00000, 0.02203, -0.00841, -0.37990, -0.95036, 0.63783, -0.00262
18.81904, 0.01885, -0.00628, -0.37991, 0.00000, 0.00000, 0.00000, 0.02205, -0.00842, -0.37990, -0.95867, 0.63951, -0.00259
18.82571, 0.01885, -0.00628, -0.37991, 0.00000, 0.00000, 0.00000, 0.02208, -0.00842, -0.37990, -0.96665, 0.64109, -0.00255
18.83238, 0.01885, -0.00628, -0.37991, 0.00000, 0.00000, 0.00000, 0.02211, -0.00843, -0.37990, -0.97497, 0.64276, -0.00251
18.83905, 0.01885, -0.00628, -0.37991, 0.00000, 0.00000, 0.00000, 0.02213, -0.00843, -0.37990, -0.98297, 0.64434, -0.00247
18.84572, 0.01571, -0.00628, -0.37991, -0.47100, 0.00000, 0.00000, 0.01902, -0.00844, -0.37990, -0.99130, 0.64600, -0.00244
18.85239, 0.01571, -0.00628, -0.37991, 0.00000, 0.00000, 0.00000, 0.01904, -0.00845, -0.37990, -0.99864, 0.64763, -0.00240
18.85906, 0.01571, -0.00628, -0.37991, 0.00000, 0.00000, 0.00000, 0.01907, -0.00845, -0.37990, -1.00631, 0.64935, -0.00238
18.86573, 0.01571, -0.00628, -0.37991, 0.00000, 0.00000, 0.00000, 0.01909, -0.00846, -0.37990, -1.01368, 0.65098, -0.00235
18.87240, 0.01257, -0.00628, -0.37991, -0.47100, 0.00000, 0.00000, 0.01598, -0.00846, -0.37990, -1.02136, 0.65268, -0.00232
18.87907, 0.01257, -0.00628, -0.37991, 0.00000, 0.00000, 0.00000, 0.01600, -0.00847, -0.37990, -1.02808, 0.65437, -0.00230
18.88574, 0.01257, -0.00628, -0.37991, 0.00000, 0.00000, 0.00000, 0.01602, -0.00847, -0.37990, -1.03509, 0.65611, -0.00228
18.89241, 0.01257, -0.00628, -0.37991, 0.00000, 0.00000, 0.00000, 0.01605, -0.00848, -0.37990, -1.04184, 0.65780, -0.00226
18.89908, 0.01257, -0.00628, -0.37991, 0.00000, 0.00000, 0.00000, 0.01607, -0.00849, -0.37990, -1.04886, 0.65955, -0.00225
18.90575, 0.00942, -0.00628, -0.37991, -0.47100, 0.00000, 0.00000, 0.01295, -0.00849, -0.37990, -1.05568, 0.66124, -0.00222
18.91242, 0.00942, -0.00628, -0.37991, 0.00000, 0.00000, 0.00000, 0.01297, -0.00850, -0.37990, -1.06202, 0.66303, -0.00222
18.91909, 0.00942, -0.00628, -0.37991, 0.00000, 0.00000, 0.00000, 0.01299, -0.00850, -0.37990, -1.06817, 0.66477, -0.00221
18.92576, 0.00942, -0.00628, -0.37991, 0.00000, 0.00000, 0.00000, 0.01301, -0.00851, -0.37990, -1.07452, 0.66655, -0.00220
18.93243, 0.00628, -0.00628, -0.37991, -0.47100, 0.00000, 0.00000, 0.00989, -0.00852, -0.37990, -1.08072, 0.66830, -0.00219
18.93910, 0.00628, -0.00628, -0.37991, 0.00000, 0.00000, 0.00000, 0.00991, -0.00852, -0.37990, -1.08640, 0.67012, -0.00219
18.94577, 0.00628, -0.00628, -0.37991, 0.00000, 0.00000, 0.00000, 0.00993, -0.00853, -0.37990, -1.09194, 0.67193, -0.00219
18.95244, 0.00628, -0.00628, -0.37991, 0.00000, 0.00000, 0.00000, 0.00995, -0.00853, -0.37990, -1.09762, 0.67373, -0.00219
18.95911, 0.00314, -0.00628, -0.37991, -0.47100, 0.00000, 0.00000, 0.00682, -0.00854, -0.37990, -1.10322, 0.67555, -0.00219
18.96578, 0.00314, -0.00628, -0.37991, 0.00000, 0.00000, 0.00000, 0.00684, -0.00855, -0.37990, -1.10822, 0.67739, -0.00220
18.97245, 0.00314, -0.00628, -0.37991, 0.00000, 0.00000, 0.00000, 0.00685, -0.00855, -0.37990, -1.11317, 0.67926, -0.00221
18.97912, 0.00314, -0.00628, -0.37991, 0.00000, 0.00000, 0.00000, 0.00687, -0.00856, -0.37990, -1.11817, 0.68110, -0.00222
18.98579, 0.00314, -0.00628, -0.37991, 0.00000, 0.00000, 0.00000, 0.00689, -0.00856, -0.37990, -1.12317, 0.68297, -0.00223
18.99246, 0.00000, -0.00628, -0.37991, -0.47100, 0.00000, 0.00000, 0.00376, -0.00857, -0.37990, -1.12818, 0.68480, -0.00224
18.99913, 0.00000, -0.00628, -0.37991, 0.00000, 0.00000, 0.00000, 0.00378, -0.00858, -0.37990, -1.13255, 0.68672, -0.00226
19.00580, 0.00000, -0.00628, -0.37991, 0.00000, 0.00000, 0.00000, 0.00379, -0.00858, -0.37990, -1.13687, 0.68860, -0.00228
19.01247, 0.00000, -0.00628, -0.37991, 0.00000, 0.00000, 0.00000, 0.00381, -0.00859, -0.37990, -1.14128, 0.69053, -0.00230
19.01914, -0.00314, -0.00628, -0.37991, -0.47100, 0.00000, 0.00000, 0.00068, -0.00860, -0.37990, -1.14562, 0.69239, -0.00232
19.02581, -0.00314, -0.00628, -0.37991, 0.00000, 0.00000, 0.00000, 0.00069, -0.00860, -0.37990, -1.14940, 0.69437, -0.00235
19.03248, -0.00314, -0.00628, -0.37991, 0.00000, 0.00000, 0.00000, 0.00070, -0.00861, -0.37990, -1.15304, 0.69628, -0.00238
19.03915, -0.00314, -0.00628, -0.37991, 0.00000, 0.00000, 0.00000, 0.00071, -0.00862, -0.37990, -1.15687, 0.69827, -0.00241
19.04582, -0.00314, -0.00628, -0.37991, 0.00000, 0.00000, 0.00000, 0.00073, -0.00862, -0.37990, -1.16051, 0.70016, -0.00244
19.05249, -0.00628, -0.00628, -0.37991, -0.47100, 0.00000, 0.00000, -0.00240, -0.00863, -0.37990, -1.16438, 0.70215, -0.00246
19.05916, -0.00628, -0.00628, -0.37991, 0.00000, 0.00000, 0.00000, -0.00239, -0.00863, -0.37990, -1.16735, 0.70409, -0.00251
19.06583, -0.00628, -0.00628, -0.37991, 0.00000, 0.00000, 0.00000, -0.00238, -0.00864, -0.37990, -1.17059, 0.70613, -0.00254
19.07250, -0.00628, -0.00628, -0.37991, 0.00000, 0.00000, 0.00000, -0.00237, -0.00865, -0.37990, -1.17356, 0.70806, -0.00259
19.07917, -0.00628, -0.00628, -0.37991, 0.00000, 0.00000, 0.00000, -0.00236, -0.00865, -0.37990, -1.17685, 0.71011, -0.00262
19.08584, -0.00942, -0.00628, -0.37991, -0.47100, 0.00000, 0.00000, -0.00549, -0.00866, -0.37990, -1.17986, 0.71204, -0.00267
19.09251, -0.00942, -0.00628, -0.37991, 0.00000, 0.00000, 0.00000, -0.00548, -0.00867, -0.37990, -1.18251, 0.71414, -0.00271
19.09918, -0.00942, -0.00628, -0.37991, 0.00000, 0.00000, 0.00000, -0.00548, -0.00867, -0.37990, -1.18482, 0.71611, -0.00276
19.10585, -0.00942, -0.00628, -0.37991, 0.00000, 0.00000, 0.00000, -0.00547, -0.00868, -0.37990, -1.18752, 0.71821, -0.00281
19.11252, -0.00942, -0.00628, -0.37991, 0.00000, 0.00000, 0.00000, -0.00546, -0.00869, -0.37990, -1.18983, 0.72017, -0.00286
19.11919, -0.00942, -0.00628, -0.37991, 0.00000, 0.00000, 0.00000, -0.00545, -0.00870, -0.37990, -1.19257, 0.72227, -0.00290
19.12586, -0.00942, -0.00628, -0.37991, 0.00000, 0.00000, 0.00000, -0.00544, -0.00870, -0.37990, -1.19490, 0.72423, -0.00296
19.13253, -0.00942, -0.00628, -0.37991, 0.00000, 0.00000, 0.00000, -0.00543, -0.00871, -0.37990, -1.19768, 0.72634, -0.00300
19.13920, -0.01257, -0.00628, -0.37991, -0.47100, 0.00000, 0.00000, -0.00857, -0.00872, -0.37990, -1.20006, 0.72830, -0.00306
19.14587, -0.01257, -0.00628, -0.37991, 0.00000, 0.00000, 0.00000, -0.00856, -0.00872, -0.37990, -1.20220, 0.73045, -0.00311
19.15254, -0.01257, -0.00628, -0.37991, 0.00000, 0.00000, 0.00000, -0.00856, -0.00873, -0.37990, -1.20387, 0.73245, -0.00317
19.15921, -0.01257, -0.00628, -0.37991, 0.00000, 0.00000, 0.00000, -0.00855, -0.00874, -0.37990, -1.20606, 0.73460, -0.00322
19.16588, -0.01257, -0.00628, -0.37991, 0.00000, 0.00000, 0.00000, -0.00854, -0.00874, -0.37990, -1.20774, 0.73660, -0.00329
19.17255, -0.01257, -0.00628, -0.37991, 0.00000, 0.00000, 0.00000, -0.00854, -0.00875, -0.37990, -1.20996, 0.73875, -0.00334
19.17922, -0.01257, -0.00628, -0.37991, 0.00000, 0.00000, 0.00000, -0.00853, -0.00876, -0.37990, -1.21167, 0.74075, -0.00341
19.18589, -0.01257, -0.00628, -0.37991, 0.00000, 0.00000, 0.00000, -0.00852, -0.00876, -0.37990, -1.21392, 0.74289, -0.00346
19.19256, -0.01257, -0.00628, -0.37991, 0.00000, 0.00000, 0.00000, -0.00852, -0.00877, -0.37990, -1.21566, 0.74489, -0.00352
19.19923, -0.01257, -0.00628, -0.37991, 0.00000, 0.00000, 0.00000, -0.00851, -0.00878, -0.37990, -1.21794, 0.74703, -0.00357
19.20590, -0.01257, -0.00628, -0.37991, 0.00000, 0.00000, 0.00000, -0.00850, -0.00878, -0.37990, -1.21970, 0.74904, -0.00364
19.21257, -0.01257, -0.00628, -0.37991, 0.00000, 0.00000, 0.00000, -0.00850, -0.00879, -0.37990, -1.22200, 0.75117, -0.00369
19.21924, -0.01257, -0.00628, -0.37991, 0.00000, 0.00000, 0.00000, -0.00849, -0.00880, -0.37990, -1.22379, 0.75318, -0.00376
19.22591, -0.01257, -0.00628, -0.37991, 0.00000, 0.00000, 0.00000, -0.00848, -0.00881, -0.37990, -1.22612, 0.75531, -0.00381
19.23258, -0.01257, -0.00628, -0.37991, 0.00000, 0.00000, 0.00000, -0.00848, -0.00881, -0.37990, -1.22794, 0.75731, -0.00387
19.23925, -0.01257, -0.00628, -0.37991, 0.00000, 0.00000, 0.00000, -0.00847, -0.00882, -0.37990, -1.23029, 0.75944, -0.00392
19.24592, -0.01257, -0.00628, -0.37991, 0.00000, 0.00000, 0.00000, -0.00846, -0.00883, -0.37990, -1.23215, 0.76145, -0.00399
19.25259, -0.01257, -0.00628, -0.37991, 0.00000, 0.00000, 0.00000, -0.00845, -0.00883, -0.37990, -1.23452, 0.76356, -0.00404
19.25926, -0.01257, -0.00628, -0.37991, 0.00000, 0.00000, 0.00000, -0.00845, -0.00884, -0.37990, -1.23641, 0.76558, -0.00411
19.26593, -0.01257, -0.00628, -0.37991, 0.00000, 0.00000, 0.00000, -0.00844, -0.00885, -0.37990, -1.23880, 0.76768, -0.00416
19.27260, -0.01257, -0.00628, -0.37991, 0.00000, 0.00000, 0.00000, -0.00843, -0.00885, -0.37990, -1.24073, 0.76971, -0.00422
19.27927, -0.01257, -0.00628, -0.37991, 0.00000, 0.00000, 0.00000, -0.00843, -0.00886, -0.37990, -1.24312, 0.77180, -0.00427
19.28594, -0.01257, -0.00628, -0.37991, 0.00000, 0.00000, 0.00000, -0.00842, -0.00887, -0.37990, -1.24510, 0.77383, -0.00434
19.29261, -0.01257, -0.00628, -0.37991, 0.00000, 0.00000, 0.00000, -0.00841, -0.00887, -0.37990, -1.24751, 0.77592, -0.00439
19.29928, -0.01257, -0.00628, -0.37991, 0.00000, 0.00000, 0.00000, -0.00840, -0.00888, -0.37990, -1.24953, 0.77795, -0.00445
19.30595, -0.01257, -0.00628, -0.37991, 0.00000, 0.00000, 0.00000, -0.00840, -0.00889, -0.37990, -1.25194, 0.78003, -0.00451
19.31262, -0.01257, -0.00628, -0.37991, 0.00000, 0.00000, 0.00000, -0.00839, -0.00889, -0.37990, -1.25401, 0.78207, -0.00457
19.31929, -0.01257, -0.00628, -0.37991, 0.00000, 0.00000, 0.00000, -0.00838, -0.00890, -0.37990, -1.25643, 0.78414, -0.00462
19.32596, -0.01257, -0.00628, -0.37991, 0.00000, 0.00000, 0.00000, -0.00837, -0.00891, -0.37990, -1.25854, 0.78619, -0.00469
19.33263, -0.01257, -0.00628, -0.37991, 0.00000, 0.00000, 0.00000, -0.00837, -0.00892, -0.37990, -1.26097, 0.78825, -0.00474
19.33930, -0.01257, -0.00628, -0.37991, 0.00000, 0.00000, 0.00000, -0.00836, -0.00892, -0.37990, -1.26313, 0.79030, -0.00480
19.34597, -0.01257, -0.00628, -0.37991, 0.00000, 0.00000, 0.00000, -0.00835, -0.00893, -0.37990, -1.26556, 0.79235, -0.00486
19.35264, -0.01257, -0.00628, -0.37991, 0.00000, 0.00000, 0.00000, -0.00834, -0.00894, -0.37990, -1.26778, 0.79441, -0.00492
19.35931, -0.00942, -0.00628, -0.37991, 0.47100, 0.00000, 0.00000, -0.00519, -0.00894, -0.37990, -1.27020, 0.79645, -0.00497
19.36598, -0.00942, -0.00628, -0.37991, 0.00000, 0.00000, 0.00000, -0.00518, -0.00895, -0.37990, -1.27315, 0.79847, -0.00503
19.37265, -0.00942, -0.00628, -0.37991, 0.00000, 0.00000, 0.00000, -0.00517, -0.00896, -0.37990, -1.27625, 0.80045, -0.00507
19.37932, -0.00942, -0.00628, -0.37991, 0.00000, 0.00000, 0.00000, -0.00516, -0.00896, -0.37989, -1.27926, 0.80248, -0.00512
19.38599, -0.00942, -0.00628, -0.37991, 0.00000, 0.00000, 0.00000, -0.00515, -0.00897, -0.37989, -1.28235, 0.80445, -0.00517
19.39266, -0.00942, -0.00628, -0.37991, 0.00000, 0.00000, 0.00000, -0.00514, -0.00898, -0.37989, -1.28542, 0.80648, -0.00522
19.39933, -0.00942, -0.00628, -0.37991, 0.00000, 0.00000, 0.00000, -0.00513, -0.00898, -0.37989, -1.28851, 0.80844, -0.00526
19.40600, -0.00942, -0.00628, -0.37991, 0.00000, 0.00000, 0.00000, -0.00512, -0.00899, -0.37989, -1.29164, 0.81048, -0.00532
19.41267, -0.00942, -0.00628, -0.37991, 0.00000, 0.00000, 0.00000, -0.00511, -0.00900, -0.37989, -1.29471, 0.81243, -0.00536
19.41934, -0.00942, -0.00628, -0.37991, 0.00000, 0.00000, 0.00000, -0.00510, -0.00900, -0.37989, -1.29790, 0.81448, -0.00542
19.42601, -0.00942, -0.00628, -0.37991, 0.00000, 0.00000, 0.00000, -0.00509, -0.00901, -0.37989, -1.30097, 0.81642, -0.00546
19.43268, -0.00942, -0.00628, -0.37991, 0.00000, 0.00000, 0.00000, -0.00508, -0.00902, -0.37989, -1.30422, 0.81848, -0.00551
19.43935, -0.00942, -0.00628, -0.37991, 0.00000, 0.00000, 0.00000, -0.00507, -0.00902, -0.37989, -1.30728, 0.82040, -0.00556
19.44602, -0.00942, -0.00628, -0.37991, 0.00000, 0.00000, 0.00000, -0.00506, -0.00903, -0.37989, -1.31058, 0.82247, -0.00561
19.45269, -0.00628, -0.00628, -0.37991, 0.47100, 0.00000, 0.00000, -0.00191, -0.00904, -0.37989, -1.31361, 0.82438, -0.00565
19.45936, -0.00628, -0.00628, -0.37991, 0.00000, 0.00000, 0.00000, -0.00189, -0.00904, -0.37989, -1.31765, 0.82640, -0.00570
19.46603, -0.00628, -0.00628, -0.37991, 0.00000, 0.00000, 0.00000, -0.00188, -0.00905, -0.37989, -1.32138, 0.82826, -0.00573
19.47270, -0.00628, -0.00628, -0.37991, 0.00000, 0.00000, 0.00000, -0.00187, -0.00906, -0.37989, -1.32548, 0.83029, -0.00577
19.47937, -0.00628, -0.00628, -0.37991, 0.00000, 0.00000, 0.00000, -0.00185, -0.00906, -0.37989, -1.32920, 0.83215, -0.00581
19.48604, -0.00628, -0.00628, -0.37991, 0.00000, 0.00000, 0.00000, -0.00184, -0.00907, -0.37989, -1.33335, 0.83417, -0.00585
19.49271, -0.00628, -0.00628, -0.37991, 0.00000, 0.00000, 0.00000, -0.00183, -0.00907, -0.37989, -1.33707, 0.83602, -0.00589
19.49938, -0.00628, -0.00628, -0.37991, 0.00000, 0.00000, 0.00000, -0.00181, -0.00908, -0.37989, -1.34127, 0.83805, -0.00593
19.50605, -0.00628, -0.00628, -0.37991, 0.00000, 0.00000, 0.00000, -0.00180, -0.00909, -0.37989, -1.34499, 0.83990, -0.00597
19.51272, -0.00628, -0.00628, -0.37991, 0.00000, 0.00000, 0.00000, -0.00179, -0.00909, -0.37989, -1.34924, 0.84193, -0.00601
19.51939, -0.00628, -0.00628, -0.37991, 0.00000, 0.00000, 0.00000, -0.00177, -0.00910, -0.37989, -1.35296, 0.84378, -0.00604
19.52606, -0.00628, -0.00628, -0.37991, 0.00000, 0.00000, 0.00000, -0.00176, -0.00911, -0.37989, -1.35726, 0.84581, -0.00609
19.53273, -0.00314, -0.00628, -0.37991, 0.47100, 0.00000, 0.00000, 0.00140, -0.00911, -0.37989, -1.36094, 0.84764, -0.00612
19.53940, -0.00314, -0.00628, -0.37991, 0.00000, 0.00000, 0.00000, 0.00141, -0.00912, -0.37989, -1.36597, 0.84962, -0.00615
19.54607, -0.00314, -0.00628, -0.37991, 0.00000, 0.00000, 0.00000, 0.00143, -0.00913, -0.37989, -1.37037, 0.85141, -0.00618
19.55274, -0.00314, -0.00628, -0.37991, 0.00000, 0.00000, 0.00000, 0.00144, -0.00913, -0.37989, -1.37544, 0.85339, -0.00621
19.55941, -0.00314, -0.00628, -0.37991, 0.00000, 0.00000, 0.00000, 0.00146, -0.00914, -0.37989, -1.37985, 0.85519, -0.00624
19.56608, -0.00314, -0.00628, -0.37991, 0.00000, 0.00000, 0.00000, 0.00148, -0.00915, -0.37989, -1.38496, 0.85716, -0.00627
19.57275, -0.00314, -0.00628, -0.37991, 0.00000, 0.00000, 0.00000, 0.00149, -0.00915, -0.37989, -1.38938, 0.85896, -0.00630
19.57942, -0.00314, -0.00628, -0.37991, 0.00000, 0.00000, 0.00000, 0.00151, -0.00916, -0.37989, -1.39452, 0.86093, -0.00633
19.58609, -0.00314, -0.00628, -0.37991, 0.00000, 0.00000, 0.00000, 0.00152, -0.00916, -0.37989, -1.39895, 0.86272, -0.00636
19.59276, -0.00314, -0.00628, -0.37991, 0.00000, 0.00000, 0.00000, 0.00154, -0.00917, -0.37989, -1.40413, 0.86469, -0.00639
19.59943, -0.00314, -0.00628, -0.37991, 0.00000, 0.00000, 0.00000, 0.00155, -0.00918, -0.37989, -1.40858, 0.86649, -0.00642
19.60610, -0.00314, -0.00628, -0.37991, 0.00000, 0.00000, 0.00000, 0.00157, -0.00918, -0.37989, -1.41379, 0.86845, -0.00645
19.61277, -0.00314, -0.00628, -0.37991, 0.00000, 0.00000, 0.00000, 0.00159, -0.00919, -0.37989, -1.41826, 0.87025, -0.00648
19.61944, -0.00314, -0.00628, -0.37991, 0.00000, 0.00000, 0.00000, 0.00160, -0.00920, -0.37989, -1.42349, 0.87220, -0.00651
19.62611, -0.00314, -0.00628, -0.37991, 0.00000, 0.00000, 0.00000, 0.00162, -0.00920, -0.37989, -1.42798, 0.87401, -0.00653
19.63278, -0.00314, -0.00628, -0.37991, 0.00000, 0.00000, 0.00000, 0.00164, -0.00921, -0.37989, -1.43324, 0.87595, -0.00656
19.63945, 0.00000, -0.00628, -0.37991, 0.47100, 0.00000, 0.00000, 0.00479, -0.00921, -0.37989, -1.43771, 0.87777, -0.00659
19.64612, 0.00000, -0.00628, -0.37991, 0.00000, 0.00000, 0.00000, 0.00481, -0.00922, -0.37989, -1.44366, 0.87965, -0.00661
19.65279, 0.00000, -0.00628, -0.37991, 0.00000, 0.00000, 0.00000, 0.00483, -0.00923, -0.37989, -1.44890, 0.88143, -0.00663
19.65946, 0.00000, -0.00628, -0.37991, 0.00000, 0.00000, 0.00000, 0.00485, -0.00923, -0.37989, -1.45485, 0.88329, -0.00665
19.66613, 0.00000, -0.00628, -0.37991, 0.00000, 0.00000, 0.00000, 0.00487, -0.00924, -0.37989, -1.46012, 0.88508, -0.00667
19.67280, 0.00000, -0.00628, -0.37991, 0.00000, 0.00000, 0.00000, 0.00489, -0.00924, -0.37989, -1.46609, 0.88694, -0.00669
19.67947, 0.00000, -0.00628, -0.37991, 0.00000, 0.00000, 0.00000, 0.00491, -0.00925, -0.37989, -1.47140, 0.88874, -0.00671
19.68614, 0.00000, -0.00628, -0.37991, 0.00000, 0.00000, 0.00000, 0.00493, -0.00926, -0.37989, -1.47737, 0.89058, -0.00673
19.69281, 0.00000, -0.00628, -0.37991, 0.00000, 0.00000, 0.00000, 0.00494, -0.00926, -0.37989, -1.48272, 0.89239, -0.00675
19.69948, 0.00000, -0.00628, -0.37991, 0.00000, 0.00000, 0.00000, 0.00496, -0.00927, -0.37989, -1.48869, 0.89422, -0.00677
19.70615, 0.00000, -0.00628, -0.37991, 0.00000, 0.00000, 0.00000, 0.00498, -0.00927, -0.37989, -1.49409, 0.89604, -0.00679
19.71282, 0.00000, -0.00628, -0.37991, 0.00000, 0.00000, 0.00000, 0.00500, -0.00928, -0.37989, -1.50005, 0.89786, -0.00681
19.71949, 0.00000, -0.00628, -0.37991, 0.00000, 0.00000, 0.00000, 0.00502, -0.00929, -0.37989, -1.50551, 0.89969, -0.00683
19.72616, 0.00000, -0.00628, -0.37991, 0.00000, 0.00000, 0.00000, 0.00504, -0.00929, -0.37989, -1.51146, 0.90149, -0.00685
19.73283, 0.00000, -0.00628, -0.37991, 0.00000, 0.00000, 0.00000, 0.00506, -0.00930, -0.37989, -1.51697, 0.90333, -0.00687
19.73950, 0.00000, -0.00628, -0.37991, 0.00000, 0.00000, 0.00000, 0.00508, -0.00930, -0.37989, -1.52291, 0.90513, -0.00689
19.74617, 0.00000, -0.00628, -0.38000, 0.00000, 0.00000, -0.01319, 0.00510, -0.00931, -0.37998, -1.52848, 0.90698, -0.00691
19.75284, 0.00000, -0.00628, -0.38000, 0.00000, 0.00000, 0.00000, 0.00512, -0.00932, -0.37998, -1.53440, 0.90875, -0.00693
19.75951, 0.00000, -0.00628, -0.38000, 0.00000, 0.00000, 0.00000, 0.00514, -0.00932, -0.37998, -1.54003, 0.91062, -0.00695
19.76618, 0.00000, -0.00628, -0.38000, 0.00000, 0.00000, 0.00000, 0.00516, -0.00933, -0.37998, -1.54594, 0.91238, -0.00697
19.77285, 0.00000, -0.00628, -0.38000, 0.00000, 0.00000, 0.00000, 0.00517, -0.00934, -0.37998, -1.55163, 0.91425, -0.00699
19.77952, 0.00000, -0.00628, -0.38000, 0.00000, 0.00000, 0.00000, 0.00519, -0.00934, -0.37998, -1.55752, 0.91600, -0.00701
19.78619, 0.00000, -0.00628, -0.38000, 0.00000, 0.00000, 0.00000, 0.00521, -0.00935, -0.37998, -1.56327, 0.91789, -0.00703
19.79286, 0.00000, -0.00628, -0.38000, 0.00000, 0.00000, 0.00000, 0.00523, -0.00935, -0.37998, -1.56914, 0.91962, -0.00705
19.79953, 0.00000, -0.00628, -0.38000, 0.00000, 0.00000, 0.00000, 0.00525, -0.00936, -0.37998, -1.57496, 0.92152, -0.00707
19.80619, 0.00000, -0.00628, -0.38000, 0.00000, 0.00000, 0.00000, 0.00527, -0.00937, -0.37998, -1.58080, 0.92324, -0.00709
19.81287, 0.00000, -0.00628, -0.38000, 0.00000, 0.00000, 0.00000, 0.00529, -0.00937, -0.37998, -1.58669, 0.92514, -0.00710
19.81954, 0.00000, -0.00628, -0.38000, 0.00000, 0.00000, 0.00000, 0.00531, -0.00938, -0.37998, -1.59251, 0.92686, -0.00713
19.82621, 0.00000, -0.00628, -0.38000, 0.00000, 0.00000, 0.00000, 0.00533, -0.00938, -0.37998, -1.59846, 0.92877, -0.00714
19.83288, 0.00000, -0.00628, -0.38000, 0.00000, 0.00000, 0.00000, 0.00535, -0.00939, -0.37998, -1.60426, 0.93047, -0.00717
19.83955, 0.00000, -0.00628, -0.38000, 0.00000, 0.00000, 0.00000, 0.00537, -0.00940, -0.37998, -1.61028, 0.93239, -0.00718
19.84622, 0.00000, -0.00628, -0.38000, 0.00000, 0.00000, 0.00000, 0.00539, -0.00940, -0.37998, -1.61605, 0.93409, -0.00721
19.85289, 0.00000, -0.00628, -0.38000, 0.00000, 0.00000, 0.00000, 0.00541, -0.00941, -0.37998, -1.62215, 0.93601, -0.00722
19.85956, 0.00000, -0.00628, -0.38000, 0.00000, 0.00000, 0.00000, 0.00543, -0.00941, -0.37998, -1.62789, 0.93770, -0.00725
19.86623, 0.00000, -0.00628, -0.38000, 0.00000, 0.00000, 0.00000, 0.00545, -0.00942, -0.37998, -1.63405, 0.93962, -0.00726
19.87290, 0.00000, -0.00628, -0.38000, 0.00000, 0.00000, 0.00000, 0.00547, -0.00943, -0.37998, -1.63978, 0.94131, -0.00729
19.87957, 0.00000, -0.00628, -0.38000, 0.00000, 0.00000, 0.00000, 0.00549, -0.00943, -0.37998, -1.64601, 0.94323, -0.00730
19.88624, 0.00000, -0.00628, -0.38000, 0.00000, 0.00000, 0.00000, 0.00551, -0.00944, -0.37998, -1.65171, 0.94491, -0.00733
19.89291, 0.00000, -0.00628, -0.38000, 0.00000, 0.00000, 0.00000, 0.00553, -0.00944, -0.37998, -1.65800, 0.94684, -0.00734
19.89958, 0.00000, -0.00628, -0.38000, 0.00000, 0.00000, 0.00000, 0.00555, -0.00945, -0.37998, -1.66368, 0.94852, -0.00737
19.90625, 0.00000, -0.00628, -0.38000, 0.00000, 0.00000, 0.00000, 0.00557, -0.00946, -0.37998, -1.67004, 0.95045, -0.00738
19.91292, 0.00000, -0.00628, -0.38000, 0.00000, 0.00000, 0.00000, 0.00559, -0.00946, -0.37998, -1.67570, 0.95212, -0.00741
19.91958, 0.00000, -0.00628, -0.38000, 0.00000, 0.00000, 0.00000, 0.00561, -0.00947, -0.37998, -1.68212, 0.95405, -0.00742
19.92626, 0.00000, -0.00628, -0.38000, 0.00000, 0.00000, 0.00000, 0.00563, -0.00947, -0.37998, -1.68777, 0.95573, -0.00745
19.93293, 0.00000, -0.00628, -0.38000, 0.00000, 0.00000, 0.00000, 0.00565, -0.00948, -0.37998, -1.69424, 0.95765, -0.00746
19.93960, 0.00000, -0.00628, -0.38000, 0.00000, 0.00000, 0.00000, 0.00567, -0.00949, -0.37997, -1.69988, 0.95933, -0.00749
19.94627, 0.00000, -0.00628, -0.38000, 0.00000, 0.00000, 0.00000, 0.00569, -0.00949, -0.37997, -1.70641, 0.96124, -0.00750
19.95294, 0.00000, -0.00628, -0.38000, 0.00000, 0.00000, 0.00000, 0.00571, -0.00950, -0.37997, -1.71204, 0.96293, -0.00753
19.95961, 0.00000, -0.00628, -0.38000, 0.00000, 0.00000, 0.00000, 0.00573, -0.00950, -0.37997, -1.71862, 0.96484, -0.00754
19.96628, 0.00000, -0.00628, -0.38000, 0.00000, 0.00000, 0.00000, 0.00575, -0.00951, -0.37997, -1.72425, 0.96652, -0.00757
19.97295, 0.00000, -0.00628, -0.38000, 0.00000, 0.00000, 0.00000, 0.00577, -0.00952, -0.37997, -1.73087, 0.96843, -0.00758
19.97962, 0.00000, -0.00628, -0.38000, 0.00000, 0.00000, 0.00000, 0.00579, -0.00952, -0.37997, -1.73650, 0.97012, -0.00761
19.98629, 0.00000, -0.00628, -0.38000, 0.00000, 0.00000, 0.00000, 0.00581, -0.00953, -0.37997, -1.74316, 0.97201, -0.00762
19.99296, 0.00000, -0.00628, -0.38000, 0.00000, 0.00000, 0.00000, 0.00583, -0.00953, -0.37997, -1.74880, 0.97371, -0.00765
19.99963, 0.00000, -0.00628, -0.38000, 0.00000, 0.00000, 0.00000, 0.00585, -0.00954, -0.37997, -1.75550, 0.97559, -0.00766
20.00629, 0.00000, -0.00628, -0.38000, 0.00000, 0.00000, 0.00000, 0.00587, -0.00955, -0.37997, -1.76115, 0.97730, -0.00769
20.01296, 0.00000, -0.00628, -0.38000, 0.00000, 0.00000, 0.00000, 0.00590, -0.00955, -0.37997, -1.76787, 0.97917, -0.00770
20.01964, 0.00000, -0.00628, -0.38000, 0.00000, 0.00000, 0.00000, 0.00591, -0.00956, -0.37997, -1.77354, 0.98089, -0.00773
20.02631, 0.00000, -0.00628, -0.38000, 0.00000, 0.00000, 0.00000, 0.00594, -0.00956, -0.37997, -1.78029, 0.98275, -0.00774
20.03298, 0.00000, -0.00628, -0.38000, 0.00000, 0.00000, 0.00000, 0.00596, -0.00957, -0.37997, -1.78598, 0.98448, -0.00777
20.03965, 0.00000, -0.00628, -0.38000, 0.00000, 0.00000, 0.00000, 0.00598, -0.00958, -0.37997, -1.79275, 0.98632, -0.00778
20.04632, 0.00000, -0.00628, -0.38000, 0.00000, 0.00000, 0.00000, 0.00600, -0.00958, -0.37997, -1.79847, 0.98807, -0.00781
20.05299, 0.00000, -0.00628, -0.38000, 0.00000, 0.00000, 0.00000, 0.00602, -0.00959, -0.37997, -1.80525, 0.98989, -0.00782
20.05966, 0.00000, -0.00628, -0.38000, 0.00000, 0.00000, 0.00000, 0.00604, -0.00959, -0.37997, -1.81101, 0.99165, -0.00785
20.06633, 0.00000, -0.00628, -0.38000, 0.00000, 0.00000, 0.00000, 0.00606, -0.00960, -0.37997, -1.81779, 0.99346, -0.00786
20.07300, 0.00000, -0.00628, -0.38000, 0.00000, 0.00000, 0.00000, 0.00608, -0.00961, -0.37997, -1.82359, 0.99523, -0.00789
20.07967, 0.00000, -0.00628, -0.38000, 0.00000, 0.00000, 0.00000, 0.00610, -0.00961, -0.37997, -1.83037, 0.99703, -0.00790
20.08634, 0.00000, -0.00628, -0.38000, 0.00000, 0.00000, 0.00000, 0.00612, -0.00962, -0.37997, -1.83621, 0.99881, -0.00793
20.09301, 0.00000, -0.00628, -0.38009, 0.00000, 0.00000, -0.01319, 0.00615, -0.00962, -0.38006, -1.84299, 1.00059, -0.00794
20.09968, 0.00000, -0.00628, -0.38009, 0.00000, 0.00000, 0.00000, 0.00617, -0.00963, -0.38006, -1.84888, 1.00238, -0.00797
20.10635, 0.00000, -0.00628, -0.38009, 0.00000, 0.00000, 0.00000, 0.00619, -0.00964, -0.38006, -1.85565, 1.00415, -0.00798
20.11302, 0.00000, -0.00628, -0.38009, 0.00000, 0.00000, 0.00000, 0.00621, -0.00964, -0.38006, -1.86160, 1.00596, -0.00801
20.11969, 0.00000, -0.00628, -0.38009, 0.00000, 0.00000, 0.00000, 0.00623, -0.00965, -0.38006, -1.86835, 1.00770, -0.00802
20.12636, 0.00000, -0.00628, -0.38009, 0.00000, 0.00000, 0.00000, 0.00625, -0.00965, -0.38006, -1.87436, 1.00952, -0.00805
20.13303, 0.00000, -0.00628, -0.38009, 0.00000, 0.00000, 0.00000, 0.00627, -0.00966, -0.38006, -1.88109, 1.01126, -0.00806
20.13970, 0.00000, -0.00628, -0.38009, 0.00000, 0.00000, 0.00000, 0.00629, -0.00966, -0.38006, -1.88717, 1.01309, -0.00809
20.14637, 0.00000, -0.00628, -0.38009, 0.00000, 0.00000, 0.00000, 0.00632, -0.00967, -0.38006, -1.89387, 1.01481, -0.00810
20.15304, 0.00000, -0.00628, -0.38009, 0.00000, 0.00000, 0.00000, 0.00634, -0.00968, -0.38006, -1.90002, 1.01666, -0.00813
20.15971, 0.00000, -0.00628, -0.38009, 0.00000, 0.00000, 0.00000, 0.00636, -0.00968, -0.38006, -1.90669, 1.01836, -0.00814
20.16638, 0.00000, -0.00628, -0.38009, 0.00000, 0.00000, 0.00000, 0.00638, -0.00969, -0.38006, -1.91292, 1.02022, -0.00817
20.17305, 0.00000, -0.00628, -0.38009, 0.00000, 0.00000, 0.00000, 0.00640, -0.00969, -0.38006, -1.91955, 1.02190, -0.00818
20.17972, 0.00000, -0.00628, -0.38009, 0.00000, 0.00000, 0.00000, 0.00642, -0.00970, -0.38006, -1.92586, 1.02377, -0.00821
20.18639, 0.00000, -0.00628, -0.38009, 0.00000, 0.00000, 0.00000, 0.00644, -0.00971, -0.38006, -1.93246, 1.02545, -0.00822
20.19306, 0.00000, -0.00628, -0.38009, 0.00000, 0.00000, 0.00000, 0.00647, -0.00971, -0.38006, -1.93884, 1.02733, -0.00825
20.19973, 0.00000, -0.00628, -0.38009, 0.00000, 0.00000, 0.00000, 0.00649, -0.00972, -0.38006, -1.94540, 1.02899, -0.00826
20.20640, 0.00000, -0.00628, -0.38009, 0.00000, 0.00000, 0.00000, 0.00651, -0.00972, -0.38006, -1.95187, 1.03088, -0.00829
20.21307, 0.00000, -0.00628, -0.38009, 0.00000, 0.00000, 0.00000, 0.00653, -0.00973, -0.38006, -1.95838, 1.03253, -0.00830
20.21974, 0.00000, -0.00628, -0.38009, 0.00000, 0.00000, 0.00000, 0.00655, -0.00974, -0.38006, -1.96494, 1.03443, -0.00833
20.22641, 0.00000, -0.00628, -0.38009, 0.00000, 0.00000, 0.00000, 0.00657, -0.00974, -0.38006, -1.97141, 1.03607, -0.00834
20.23308, 0.00000, -0.00628, -0.38009, 0.00000, 0.00000, 0.00000, 0.00660, -0.00975, -0.38006, -1.97805, 1.03797, -0.00837
20.23975, 0.00000, -0.00628, -0.38009, 0.00000, 0.00000, 0.00000, 0.00662, -0.00975, -0.38006, -1.98448, 1.03961, -0.00838
20.24642, 0.00000, -0.00628, -0.38009, 0.00000, 0.00000, 0.00000, 0.00664, -0.00976, -0.38006, -1.99120, 1.04151, -0.00841
20.25309, 0.00000, -0.00628, -0.38009, 0.00000, 0.00000, 0.00000, 0.00666, -0.00977, -0.38006, -1.99759, 1.04314, -0.00842
20.25976, 0.00000, -0.00628, -0.38009, 0.00000, 0.00000, 0.00000, 0.00668, -0.00977, -0.38006, -2.00440, 1.04505, -0.00845
20.26643, 0.00000, -0.00628, -0.38009, 0.00000, 0.00000, 0.00000, 0.00671, -0.00978, -0.38006, -2.01074, 1.04668, -0.00846
20.27310, 0.00000, -0.00628, -0.38009, 0.00000, 0.00000, 0.00000, 0.00673, -0.00978, -0.38006, -2.01764, 1.04859, -0.00849
20.27977, 0.00000, -0.00628, -0.38009, 0.00000, 0.00000, 0.00000, 0.00675, -0.00979, -0.38006, -2.02394, 1.05021, -0.00850
