36.83505, 0.00628, 0.00000, -0.00243, 0.00000, 0.00000, 0.00000, 0.00628, 0.00000, -0.00243, 0.00000, 0.00000, 0.00000
36.83529, 0.00628, 0.00000, -0.00243, 0.00000, 0.00000, 0.00000, 0.00614, -0.00022, -0.00248, 0.04334, 0.06728, 0.01347
36.84196, 0.00628, 0.00000, -0.00226, 0.00000, 0.00000, 0.02638, 0.00601, -0.00041, -0.00234, 0.08003, 0.12452, 0.02497
36.84863, 0.00942, 0.00000, -0.00208, 0.47094, 0.00000, 0.02638, 0.00905, -0.00058, -0.00220, 0.11085, 0.17289, 0.03473
36.85530, 0.00942, 0.00314, -0.00182, 0.00000, 0.47101, 0.03957, 0.00888, 0.00232, -0.00198, 0.16116, 0.24686, 0.04964
36.86198, 0.00942, 0.00314, -0.00164, 0.00000, 0.00000, 0.02638, 0.00880, 0.00219, -0.00183, 0.18513, 0.28535, 0.05729
36.86865, 0.00942, 0.00314, -0.00129, 0.00000, 0.00000, 0.05276, 0.00874, 0.00209, -0.00150, 0.20433, 0.31655, 0.06351
36.87532, 0.01257, 0.00628, -0.00103, 0.47101, 0.47101, 0.03957, 0.01182, 0.00514, -0.00125, 0.22253, 0.34143, 0.06848
36.88199, 0.01257, 0.00628, -0.00059, 0.00000, 0.00000, 0.06594, 0.01176, 0.00505, -0.00083, 0.24022, 0.37071, 0.07414
36.88866, 0.01257, 0.00942, -0.00032, 0.00000, 0.47094, 0.03957, 0.01171, 0.00811, -0.00058, 0.25678, 0.39345, 0.07851
36.89534, 0.01571, 0.01257, 0.00003, 0.47101, 0.47101, 0.03957, 0.01485, 0.01127, -0.00023, 0.25435, 0.38703, 0.07684
36.90201, 0.01571, 0.01257, 0.00047, 0.00000, 0.00000, 0.06594, 0.01485, 0.01126, 0.00021, 0.25398, 0.38887, 0.07662
36.90868, 0.01885, 0.01571, 0.00082, 0.47101, 0.47101, 0.05276, 0.01799, 0.01441, 0.00057, 0.25480, 0.38762, 0.07579
36.91535, 0.01885, 0.01885, 0.00126, 0.00000, 0.47101, 0.06594, 0.01797, 0.01753, 0.00101, 0.26024, 0.39376, 0.07622
36.92202, 0.01885, 0.01885, 0.00161, 0.00000, 0.00000, 0.05276, 0.01803, 0.01760, 0.00138, 0.24472, 0.37247, 0.07097
36.92870, 0.02199, 0.02199, 0.00197, 0.47101, 0.47101, 0.05276, 0.02121, 0.02081, 0.00175, 0.23246, 0.35120, 0.06571
36.93537, 0.02199, 0.02199, 0.00232, 0.00000, 0.00000, 0.05276, 0.02124, 0.02085, 0.00211, 0.22350, 0.34001, 0.06225
36.94204, 0.02199, 0.02513, 0.00258, 0.00000, 0.47101, 0.03957, 0.02126, 0.02403, 0.00239, 0.21687, 0.32746, 0.05850
36.94871, 0.02513, 0.02513, 0.00276, 0.47101, 0.00000, 0.02638, 0.02449, 0.02415, 0.00259, 0.19120, 0.29033, 0.04963
36.95538, 0.02513, 0.02827, 0.00311, 0.00000, 0.47101, 0.05276, 0.02448, 0.02729, 0.00295, 0.19199, 0.28922, 0.04794
36.96206, 0.02513, 0.02827, 0.00320, 0.00000, 0.00000, 0.01319, 0.02455, 0.02738, 0.00306, 0.17269, 0.26197, 0.04081
36.96873, 0.02513, 0.02827, 0.00337, 0.00000, 0.00000, 0.02638, 0.02461, 0.02747, 0.00326, 0.15428, 0.23589, 0.03390
36.97540, 0.02827, 0.03142, 0.00346, 0.47101, 0.47097, 0.01319, 0.02780, 0.03069, 0.00337, 0.13994, 0.21105, 0.02721
36.98207, 0.02827, 0.03142, 0.00355, 0.00000, 0.00000, 0.01319, 0.02783, 0.03074, 0.00347, 0.12961, 0.19742, 0.02256
36.98874, 0.02827, 0.03142, 0.00355, 0.00000, 0.00000, 0.00000, 0.02787, 0.03079, 0.00349, 0.11902, 0.18330, 0.01780
36.99541, 0.02827, 0.03142, 0.00355, 0.00000, 0.00000, 0.00000, 0.02790, 0.03083, 0.00350, 0.10838, 0.16892, 0.01297
37.00209, 0.02827, 0.03142, 0.00355, 0.00000, 0.00000, 0.00000, 0.02794, 0.03088, 0.00352, 0.09777, 0.15451, 0.00814
37.00876, 0.02827, 0.03142, 0.00346, 0.00000, 0.00000, -0.01319, 0.02797, 0.03093, 0.00345, 0.08733, 0.14020, 0.00331
37.01543, 0.02827, 0.03142, 0.00346, 0.00000, 0.00000, 0.00000, 0.02801, 0.03098, 0.00347, 0.07712, 0.12615, -0.00147
37.02210, 0.02827, 0.03142, 0.00328, 0.00000, 0.00000, -0.02638, 0.02804, 0.03102, 0.00330, 0.06723, 0.11246, -0.00619
37.02877, 0.02827, 0.03142, 0.00320, 0.00000, 0.00000, -0.01319, 0.02807, 0.03107, 0.00323, 0.05768, 0.09922, -0.01083
37.03545, 0.02827, 0.03142, 0.00311, 0.00000, 0.00000, -0.01319, 0.02810, 0.03111, 0.00316, 0.04854, 0.08649, -0.01537
37.04212, 0.02827, 0.03142, 0.00293, 0.00000, 0.00000, -0.02638, 0.02813, 0.03115, 0.00300, 0.03981, 0.07432, -0.01981
37.04879, 0.02827, 0.03142, 0.00267, 0.00000, 0.00000, -0.03957, 0.02816, 0.03119, 0.00275, 0.03153, 0.06275, -0.02414
37.05547, 0.02827, 0.03142, 0.00240, 0.00000, 0.00000, -0.03957, 0.02818, 0.03122, 0.00250, 0.02370, 0.05181, -0.02835
37.06214, 0.02827, 0.03142, 0.00214, 0.00000, 0.00000, -0.03957, 0.02821, 0.03126, 0.00225, 0.01635, 0.04150, -0.03244
37.06881, 0.02827, 0.03142, 0.00188, 0.00000, 0.00000, -0.03957, 0.02823, 0.03129, 0.00200, 0.00944, 0.03183, -0.03640
37.07548, 0.02513, 0.03142, 0.00153, -0.47101, 0.00000, -0.05276, 0.02511, 0.03132, 0.00166, 0.00301, 0.02279, -0.04025
37.08215, 0.02513, 0.03142, 0.00100, 0.00000, 0.00000, -0.07913, 0.02520, 0.03146, 0.00117, -0.02452, -0.01902, -0.05067
37.08883, 0.02513, 0.02827, 0.00056, 0.00000, -0.47097, -0.06594, 0.02529, 0.02844, 0.00076, -0.05132, -0.05516, -0.05998
37.09550, 0.02513, 0.02827, 0.00012, 0.00000, 0.00000, -0.06594, 0.02531, 0.02847, 0.00033, -0.05631, -0.06268, -0.06337
37.10217, 0.02513, 0.02827, -0.00041, 0.00000, 0.00000, -0.07913, 0.02532, 0.02849, -0.00019, -0.06053, -0.06896, -0.06652
37.10884, 0.02199, 0.02513, -0.00094, -0.47101, -0.47101, -0.07913, 0.02221, 0.02536, -0.00071, -0.06735, -0.07427, -0.06945
37.11551, 0.02199, 0.02513, -0.00155, 0.00000, 0.00000, -0.09232, 0.02224, 0.02541, -0.00131, -0.07657, -0.08865, -0.07402
37.12218, 0.02199, 0.02199, -0.00208, 0.00000, -0.47101, -0.07913, 0.02227, 0.02231, -0.00182, -0.08730, -0.10049, -0.07807
37.12886, 0.01885, 0.02199, -0.00270, -0.47101, 0.00000, -0.09232, 0.01910, 0.02227, -0.00244, -0.07794, -0.08648, -0.07676
37.13553, 0.01885, 0.02199, -0.00331, 0.00000, 0.00000, -0.09232, 0.01914, 0.02233, -0.00304, -0.09083, -0.10695, -0.08236
37.14220, 0.01885, 0.01885, -0.00393, 0.00000, -0.47101, -0.09232, 0.01919, 0.01925, -0.00364, -0.10410, -0.12336, -0.08717
37.14887, 0.01571, 0.01885, -0.00454, -0.47101, 0.00000, -0.09232, 0.01602, 0.01921, -0.00426, -0.09673, -0.11269, -0.08635
37.15554, 0.01571, 0.01571, -0.00525, 0.00000, -0.47101, -0.10551, 0.01608, 0.01615, -0.00494, -0.11408, -0.13569, -0.09228
37.16222, 0.01571, 0.01571, -0.00586, 0.00000, 0.00000, -0.09232, 0.01607, 0.01613, -0.00556, -0.10987, -0.13034, -0.09233
37.16889, 0.01257, 0.01571, -0.00648, -0.47101, 0.00000, -0.09232, 0.01291, 0.01611, -0.00617, -0.10527, -0.12418, -0.09220
37.17556, 0.01257, 0.01257, -0.00727, 0.00000, -0.47101, -0.11870, 0.01298, 0.01306, -0.00694, -0.12522, -0.15103, -0.09865
37.18223, 0.01257, 0.01257, -0.00780, 0.00000, 0.00000, -0.07913, 0.01297, 0.01305, -0.00747, -0.12321, -0.14906, -0.09915
37.18890, 0.01257, 0.01257, -0.00842, 0.00000, 0.00000, -0.09232, 0.01296, 0.01304, -0.00808, -0.12006, -0.14558, -0.09939
37.19558, 0.00942, 0.01257, -0.00903, -0.47101, 0.00000, -0.09232, 0.00981, 0.01303, -0.00870, -0.11629, -0.14086, -0.09934
37.20225, 0.00942, 0.00942, -0.00982, 0.00000, -0.47101, -0.11870, 0.00988, 0.00998, -0.00947, -0.13687, -0.16881, -0.10580
37.20892, 0.00942, 0.00942, -0.01035, 0.00000, 0.00000, -0.07913, 0.00987, 0.00998, -0.01000, -0.13532, -0.16767, -0.10627
37.21559, 0.00942, 0.00942, -0.01097, 0.00000, 0.00000, -0.09232, 0.00986, 0.00997, -0.01061, -0.13235, -0.16471, -0.10642
37.22226, 0.00628, 0.00942, -0.01158, -0.47094, 0.00000, -0.09232, 0.00671, 0.00995, -0.01123, -0.12869, -0.16027, -0.10623
37.22894, 0.00628, 0.00628, -0.01220, 0.00000, -0.47094, -0.09232, 0.00678, 0.00691, -0.01182, -0.14927, -0.18836, -0.11252
37.23561, 0.00628, 0.00628, -0.01281, 0.00000, 0.00000, -0.09232, 0.00677, 0.00690, -0.01244, -0.14771, -0.18727, -0.11279
37.24228, 0.00628, 0.00628, -0.01343, 0.00000, 0.00000, -0.09232, 0.00676, 0.00689, -0.01305, -0.14449, -0.18417, -0.11273
37.24895, 0.00314, 0.00628, -0.01405, -0.47101, 0.00000, -0.09232, 0.00361, 0.00688, -0.01367, -0.14061, -0.17948, -0.11228
37.25562, 0.00314, 0.00628, -0.01475, 0.00000, 0.00000, -0.10551, 0.00366, 0.00697, -0.01435, -0.15697, -0.20670, -0.11829
37.26229, 0.00314, 0.00628, -0.01545, 0.00000, 0.00000, -0.10551, 0.00371, 0.00704, -0.01504, -0.17013, -0.22809, -0.12305
37.26897, 0.00314, 0.00314, -0.01607, 0.00000, -0.47101, -0.09232, 0.00375, 0.00396, -0.01565, -0.18334, -0.24495, -0.12692
37.27564, 0.00314, 0.00314, -0.01668, 0.00000, 0.00000, -0.09232, 0.00373, 0.00392, -0.01627, -0.17563, -0.23423, -0.12506
37.28231, 0.00000, 0.00314, -0.01730, -0.47101, 0.00000, -0.09232, 0.00056, 0.00388, -0.01689, -0.16690, -0.22271, -0.12316
37.28898, 0.00000, 0.00314, -0.01800, 0.00000, 0.00000, -0.10551, 0.00060, 0.00395, -0.01758, -0.18043, -0.24462, -0.12780
37.29565, 0.00000, 0.00314, -0.01862, 0.00000, 0.00000, -0.09232, 0.00063, 0.00401, -0.01818, -0.18947, -0.26103, -0.13154
37.30233, 0.00000, 0.00314, -0.01932, 0.00000, 0.00000, -0.10551, 0.00066, 0.00405, -0.01888, -0.19681, -0.27317, -0.13422
37.30900, 0.00000, 0.00314, -0.01994, 0.00000, 0.00000, -0.09232, 0.00067, 0.00408, -0.01948, -0.20035, -0.28118, -0.13631
37.31567, -0.00314, 0.00314, -0.02056, -0.47101, 0.00000, -0.09232, -0.00246, 0.00409, -0.02010, -0.20307, -0.28623, -0.13756
37.32235, -0.00314, 0.00000, -0.02135, 0.00000, -0.47101, -0.11870, -0.00238, 0.00107, -0.02086, -0.22870, -0.32247, -0.14513
37.32902, -0.00314, 0.00000, -0.02196, 0.00000, 0.00000, -0.09232, -0.00237, 0.00109, -0.02147, -0.23240, -0.32876, -0.14639
37.33569, -0.00314, 0.00000, -0.02258, 0.00000, 0.00000, -0.09232, -0.00237, 0.00110, -0.02209, -0.23193, -0.33129, -0.14727
37.34236, -0.00628, 0.00000, -0.02328, -0.47101, 0.00000, -0.10551, -0.00551, 0.00110, -0.02279, -0.23178, -0.33164, -0.14732
37.34903, -0.00628, 0.00000, -0.02407, 0.00000, 0.00000, -0.11870, -0.00545, 0.00121, -0.02356, -0.24921, -0.36210, -0.15385
37.35571, -0.00628, 0.00000, -0.02469, 0.00000, 0.00000, -0.09232, -0.00540, 0.00129, -0.02416, -0.26541, -0.38685, -0.15870
37.36238, -0.00628, 0.00000, -0.02539, 0.00000, 0.00000, -0.10551, -0.00537, 0.00135, -0.02485, -0.27455, -0.40492, -0.16284
37.36905, -0.00942, -0.00314, -0.02601, -0.47101, -0.47101, -0.09232, -0.00848, -0.00175, -0.02546, -0.28376, -0.41678, -0.16552
37.37572, -0.00942, -0.00314, -0.02671, 0.00000, 0.00000, -0.10551, -0.00845, -0.00170, -0.02615, -0.29078, -0.43210, -0.16899
37.38239, -0.00942, -0.00314, -0.02742, 0.00000, 0.00000, -0.10551, -0.00842, -0.00166, -0.02685, -0.29976, -0.44461, -0.17103
37.38906, -0.00942, -0.00314, -0.02812, 0.00000, 0.00000, -0.10551, -0.00842, -0.00164, -0.02754, -0.30123, -0.45167, -0.17292
37.39574, -0.01257, -0.00314, -0.02882, -0.47101, 0.00000, -0.10551, -0.01154, -0.00162, -0.02825, -0.30610, -0.45766, -0.17357
37.40241, -0.01257, -0.00314, -0.02962, 0.00000, 0.00000, -0.11870, -0.01148, -0.00150, -0.02901, -0.32465, -0.49168, -0.18097
37.40908, -0.01257, -0.00628, -0.03032, 0.00000, -0.47101, -0.10551, -0.01142, -0.00456, -0.02970, -0.34381, -0.51765, -0.18617
37.41575, -0.01257, -0.00628, -0.03094, 0.00000, 0.00000, -0.09232, -0.01144, -0.00458, -0.03032, -0.33560, -0.51087, -0.18532
37.42242, -0.01571, -0.00628, -0.03164, -0.47097, 0.00000, -0.10551, -0.01458, -0.00459, -0.03103, -0.33530, -0.50692, -0.18342
37.42910, -0.01571, -0.00628, -0.03252, 0.00000, 0.00000, -0.13189, -0.01454, -0.00451, -0.03189, -0.34712, -0.53158, -0.18897
37.43577, -0.01571, -0.00628, -0.03313, 0.00000, 0.00000, -0.09232, -0.01448, -0.00443, -0.03249, -0.36732, -0.55667, -0.19251
37.44244, -0.01885, -0.00628, -0.03393, -0.47101, 0.00000, -0.11870, -0.01760, -0.00437, -0.03327, -0.37374, -0.57308, -0.19657
37.44911, -0.01885, -0.00942, -0.03472, 0.00000, -0.47101, -0.11870, -0.01748, -0.00735, -0.03403, -0.40783, -0.62009, -0.20543
37.45578, -0.01885, -0.00942, -0.03542, 0.00000, 0.00000, -0.10551, -0.01748, -0.00732, -0.03473, -0.40821, -0.62911, -0.20806
37.46246, -0.02199, -0.00942, -0.03621, -0.47101, 0.00000, -0.11870, -0.02056, -0.00727, -0.03552, -0.42613, -0.64627, -0.20879
37.46913, -0.02199, -0.00942, -0.03709, 0.00000, 0.00000, -0.13189, -0.02050, -0.00713, -0.03637, -0.44579, -0.68637, -0.21789
37.47580, -0.02513, -0.01257, -0.03789, -0.47101, -0.47101, -0.11870, -0.02354, -0.01015, -0.03714, -0.47483, -0.72293, -0.22377
37.48247, -0.02513, -0.01257, -0.03877, 0.00000, 0.00000, -0.13189, -0.02350, -0.01005, -0.03799, -0.48699, -0.75286, -0.23094
37.48914, -0.02827, -0.01571, -0.03964, -0.47101, -0.47097, -0.13189, -0.02654, -0.01308, -0.03886, -0.51557, -0.78492, -0.23496
37.49582, -0.02827, -0.01571, -0.04052, 0.00000, 0.00000, -0.13189, -0.02652, -0.01300, -0.03972, -0.52350, -0.80970, -0.24121
37.50249, -0.03142, -0.01885, -0.04140, -0.47094, -0.47101, -0.13189, -0.02954, -0.01603, -0.04059, -0.55762, -0.84435, -0.24430
37.50916, -0.03456, -0.01885, -0.04237, -0.47108, 0.00000, -0.14508, -0.03266, -0.01594, -0.04154, -0.56593, -0.87011, -0.25086
37.51583, -0.03456, -0.02199, -0.04334, 0.00000, -0.47101, -0.14508, -0.03240, -0.01879, -0.04247, -0.64473, -0.95772, -0.26123
37.52250, -0.03770, -0.02199, -0.04431, -0.47094, 0.00000, -0.14508, -0.03549, -0.01866, -0.04341, -0.65859, -0.99500, -0.27041
37.52917, -0.04084, -0.02513, -0.04536, -0.47108, -0.47101, -0.15827, -0.03818, -0.02134, -0.04442, -0.79276, -1.13399, -0.28331
37.53585, -0.04084, -0.02827, -0.04695, 0.00000, -0.47101, -0.23740, -0.03796, -0.02409, -0.04592, -0.85954, -1.25109, -0.30790
37.54252, -0.04712, -0.03142, -0.04791, -0.94199, -0.47094, -0.14508, -0.04292, -0.02603, -0.04683, -1.25459, -1.61228, -0.32614
37.54919, -0.05027, -0.03456, -0.05064, -0.47097, -0.47108, -0.40885, -0.04540, -0.02804, -0.04932, -1.45485, -1.95171, -0.39661
37.55586, -0.05341, -0.04084, -0.05196, -0.47105, -0.94202, -0.19783, -0.05243, -0.03713, -0.05053, -0.28679, -1.10701, -0.42785
37.56253, -0.05969, -0.04712, -0.05214, -0.94195, -0.94199, -0.02638, -0.06033, -0.04606, -0.05126, 0.19965, -0.31026, -0.26382
37.56921, -0.06283, -0.05341, -0.05337, -0.47101, -0.94202, -0.18464, -0.06359, -0.05346, -0.05290, 0.23546, 0.02551, -0.14024
37.57588, -0.06597, -0.05655, -0.05398, -0.47101, -0.47097, -0.09232, -0.06719, -0.05742, -0.05370, 0.37326, 0.27104, -0.08399
37.58255, -0.06912, -0.05655, -0.05460, -0.47101, 0.00000, -0.09232, -0.07044, -0.05781, -0.05445, 0.40678, 0.38822, -0.04430
37.58923, -0.06912, -0.05655, -0.05539, 0.00000, 0.00000, -0.11870, -0.07049, -0.05794, -0.05529, 0.42149, 0.42978, -0.02969
37.59590, -0.07226, -0.05655, -0.05574, -0.47101, 0.00000, -0.05276, -0.07347, -0.05786, -0.05567, 0.37422, 0.40363, -0.02174
37.60257, -0.07226, -0.05655, -0.05671, 0.00000, 0.00000, -0.14508, -0.07328, -0.05761, -0.05661, 0.31717, 0.32954, -0.03064
37.60924, -0.07226, -0.05655, -0.05733, 0.00000, 0.00000, -0.09232, -0.07303, -0.05730, -0.05719, 0.24132, 0.23585, -0.04128
37.61591, -0.07540, -0.05655, -0.05821, -0.47101, 0.00000, -0.13189, -0.07595, -0.05699, -0.05802, 0.17492, 0.14366, -0.05486
37.62259, -0.07854, -0.05969, -0.05909, -0.47094, -0.47097, -0.13189, -0.07867, -0.05960, -0.05883, 0.04860, -0.01507, -0.07586
37.62926, -0.07854, -0.05969, -0.06005, 0.00000, 0.00000, -0.14508, -0.07837, -0.05913, -0.05972, -0.04132, -0.15611, -0.10124
37.63593, -0.08168, -0.06283, -0.06085, -0.47108, -0.47101, -0.11870, -0.08118, -0.06181, -0.06044, -0.13983, -0.29430, -0.12262
37.64260, -0.08796, -0.06597, -0.06173, -0.94199, -0.47101, -0.14508, -0.08716, -0.06452, -0.06124, -0.22971, -0.42379, -0.14412
37.64927, -0.09111, -0.07226, -0.06304, -0.47097, -0.94202, -0.18464, -0.08986, -0.07020, -0.06247, -0.36289, -0.60430, -0.17210
37.65594, -0.09739, -0.07854, -0.06419, -0.94202, -0.94195, -0.17145, -0.09580, -0.07599, -0.06354, -0.46551, -0.75072, -0.19557
37.66262, -0.10053, -0.08482, -0.06560, -0.47101, -0.94202, -0.21102, -0.09861, -0.08179, -0.06486, -0.56339, -0.89449, -0.21918
37.66929, -0.10681, -0.09111, -0.06709, -0.94199, -0.94202, -0.22421, -0.10466, -0.08773, -0.06631, -0.63323, -0.99765, -0.23516
37.67596, -0.11310, -0.09739, -0.06867, -0.94202, -0.94202, -0.23740, -0.11075, -0.09369, -0.06784, -0.69101, -1.09399, -0.25060
37.68263, -0.11938, -0.10681, -0.07026, -0.94202, -1.41300, -0.23740, -0.11679, -0.10277, -0.06938, -0.76357, -1.19472, -0.26337
37.68930, -0.12881, -0.11624, -0.07184, -1.41303, -1.41303, -0.23740, -0.12602, -0.11192, -0.07094, -0.81899, -1.27441, -0.27141
37.69598, -0.13509, -0.12252, -0.07351, -0.94195, -0.94202, -0.25059, -0.13218, -0.11799, -0.07258, -0.85731, -1.33797, -0.28034
37.70265, -0.14137, -0.13195, -0.07518, -0.94202, -1.41303, -0.25059, -0.13829, -0.12716, -0.07422, -0.90823, -1.41270, -0.28809
37.70932, -0.15080, -0.14451, -0.07686, -1.41307, -1.88401, -0.25059, -0.14753, -0.13950, -0.07589, -0.96241, -1.47957, -0.29042
37.71599, -0.15708, -0.15394, -0.07870, -0.94195, -1.41296, -0.27696, -0.15373, -0.14879, -0.07773, -0.98624, -1.51831, -0.29064
37.72266, -0.16650, -0.16336, -0.08055, -1.41303, -1.41303, -0.27696, -0.16311, -0.15817, -0.07960, -0.99715, -1.53057, -0.28479
37.72934, -0.17593, -0.17279, -0.08249, -1.41296, -1.41303, -0.29016, -0.17250, -0.16749, -0.08155, -1.00724, -1.55810, -0.28169
37.73601, -0.18221, -0.18535, -0.08433, -0.94202, -1.88401, -0.27696, -0.17867, -0.17991, -0.08341, -1.03908, -1.60030, -0.27752
37.74268, -0.19164, -0.19478, -0.08600, -1.41307, -1.41296, -0.25059, -0.18818, -0.18941, -0.08513, -1.01435, -1.57685, -0.26295
37.74935, -0.20106, -0.20735, -0.08759, -1.41296, -1.88404, -0.23740, -0.19758, -0.20197, -0.08676, -1.02046, -1.57512, -0.24822
37.75602, -0.21049, -0.21677, -0.08900, -1.41303, -1.41303, -0.21102, -0.20708, -0.21147, -0.08822, -0.99512, -1.55223, -0.23204
37.76270, -0.21677, -0.22619, -0.09023, -0.94202, -1.41300, -0.18464, -0.21342, -0.22097, -0.08951, -0.97912, -1.52860, -0.21503
37.76937, -0.22619, -0.23876, -0.09128, -1.41300, -1.88397, -0.15827, -0.22285, -0.23358, -0.09063, -0.97616, -1.51249, -0.19447
37.77604, -0.23248, -0.24819, -0.09234, -0.94199, -1.41303, -0.14508, -0.22921, -0.24312, -0.09176, -0.95204, -1.47691, -0.17317
37.78271, -0.24190, -0.25761, -0.09322, -1.41300, -1.41303, -0.13189, -0.23877, -0.25269, -0.09272, -0.90967, -1.42915, -0.14811
37.78938, -0.24819, -0.26704, -0.09401, -0.94202, -1.41300, -0.11870, -0.24515, -0.26226, -0.09360, -0.87995, -1.38364, -0.12275
37.79605, -0.25761, -0.27646, -0.09463, -1.41303, -1.41303, -0.09232, -0.25473, -0.27186, -0.09431, -0.83388, -1.32995, -0.09430
37.80273, -0.26389, -0.28588, -0.09507, -0.94202, -1.41296, -0.06594, -0.26111, -0.28145, -0.09484, -0.80194, -1.27998, -0.06586
37.80940, -0.27332, -0.29531, -0.09533, -1.41296, -1.41303, -0.03957, -0.27069, -0.29105, -0.09521, -0.75455, -1.22454, -0.03481
37.81607, -0.27960, -0.30473, -0.09542, -0.94202, -1.41303, -0.01319, -0.27708, -0.30064, -0.09540, -0.72212, -1.17305, -0.00384
37.82274, -0.28588, -0.31416, -0.09524, -0.94199, -1.41296, 0.02638, -0.28347, -0.31025, -0.09534, -0.69041, -1.11680, 0.02927
37.82941, -0.29217, -0.32044, -0.09489, -0.94202, -0.94202, 0.05276, -0.28991, -0.31678, -0.09510, -0.64075, -1.04198, 0.06335
37.83609, -0.29845, -0.32987, -0.09436, -0.94202, -1.41307, 0.07913, -0.29623, -0.32630, -0.09467, -0.62877, -1.01125, 0.09335
37.84276, -0.30473, -0.33615, -0.09375, -0.94202, -0.94195, 0.09232, -0.30262, -0.33274, -0.09416, -0.59617, -0.96333, 0.12381
37.84943, -0.31102, -0.34243, -0.09295, -0.94199, -0.94202, 0.11870, -0.30905, -0.33911, -0.09346, -0.55072, -0.93371, 0.15166
37.85611, -0.31730, -0.34872, -0.09190, -0.94202, -0.94202, 0.15827, -0.31546, -0.34559, -0.09252, -0.51231, -0.87492, 0.18594
37.86278, -0.32358, -0.35500, -0.09067, -0.94202, -0.94202, 0.18464, -0.32193, -0.35199, -0.09139, -0.45712, -0.83917, 0.21684
37.86945, -0.32673, -0.36128, -0.08891, -0.47097, -0.94199, 0.26378, -0.32524, -0.35851, -0.08976, -0.40575, -0.76467, 0.25601
37.87612, -0.33301, -0.36757, -0.08697, -0.94199, -0.94202, 0.29015, -0.33184, -0.36507, -0.08797, -0.31001, -0.68069, 0.29902
37.88279, -0.33615, -0.37385, -0.08451, -0.47101, -0.94202, 0.36929, -0.33526, -0.37179, -0.08568, -0.22495, -0.55051, 0.35213
37.88947, -0.34243, -0.37699, -0.08187, -0.94202, -0.47094, 0.39566, -0.34247, -0.37540, -0.08323, 0.05272, -0.40759, 0.40827
37.89614, -0.34558, -0.38327, -0.07879, -0.47101, -0.94202, 0.46161, -0.34641, -0.38296, -0.08051, 0.29258, -0.02287, 0.51775
37.90281, -0.34872, -0.38642, -0.07562, -0.47101, -0.47105, 0.47480, -0.35076, -0.38721, -0.07769, 0.65733, 0.31062, 0.61882
37.90948, -0.35186, -0.38642, -0.07202, -0.47101, 0.00000, 0.54074, -0.35506, -0.38904, -0.07456, 1.00336, 0.85851, 0.76178
37.91615, -0.35186, -0.38956, -0.06823, 0.00000, -0.47097, 0.56712, -0.35638, -0.39341, -0.07116, 1.39975, 1.22799, 0.87919
37.92282, -0.35186, -0.38956, -0.06410, 0.00000, 0.00000, 0.61988, -0.35765, -0.39548, -0.06759, 1.78275, 1.85191, 1.04664
37.92950, -0.35500, -0.38642, -0.05970, -0.47101, 0.47097, 0.65944, -0.36160, -0.39396, -0.06366, 2.02509, 2.33832, 1.18655
37.93617, -0.35186, -0.38642, -0.05469, 0.47101, 0.00000, 0.73857, -0.35879, -0.39457, -0.05893, 2.12374, 2.51998, 1.27159
37.94284, -0.35186, -0.38327, -0.04950, 0.00000, 0.47105, 0.77814, -0.35908, -0.39195, -0.05399, 2.20935, 2.67643, 1.34941
37.94951, -0.35186, -0.38013, -0.04378, 0.00000, 0.47094, 0.85728, -0.35917, -0.38902, -0.04848, 2.23907, 2.74027, 1.40898
37.95618, -0.34872, -0.37699, -0.03780, 0.47101, 0.47108, 0.89684, -0.35586, -0.38586, -0.04264, 2.18712, 2.73427, 1.45405
37.96286, -0.34872, -0.37385, -0.03190, 0.00000, 0.47094, 0.89684, -0.35563, -0.38241, -0.03684, 2.11896, 2.63947, 1.48063
37.96953, -0.34558, -0.37071, -0.02575, 0.47101, 0.47105, 0.92322, -0.35188, -0.37885, -0.03074, 1.93531, 2.51329, 1.49845
37.97620, -0.34558, -0.36757, -0.02003, 0.00000, 0.47097, 0.84409, -0.35126, -0.37475, -0.02497, 1.74910, 2.22503, 1.48213
37.98287, -0.34243, -0.36442, -0.01387, 0.47101, 0.47101, 0.92322, -0.34648, -0.37071, -0.01875, 1.25592, 1.95691, 1.46308
37.98954, -0.34243, -0.36442, -0.00947, 0.00000, 0.00000, 0.65944, -0.34478, -0.36802, -0.01392, 0.74524, 1.14770, 1.33624
37.99622, -0.34558, -0.36757, -0.00375, -0.47101, -0.47101, 0.85728, -0.34663, -0.36894, -0.00787, 0.36059, 0.47941, 1.23595
38.00289, -0.34872, -0.37385, 0.00109, -0.47101, -0.94202, 0.72538, -0.34874, -0.37357, -0.00281, 0.04955, -0.01437, 1.16960
38.00956, -0.35500, -0.38327, 0.00619, -0.94202, -1.41296, 0.76495, -0.35413, -0.38168, 0.00244, -0.21621, -0.40762, 1.12405
38.01623, -0.36128, -0.39270, 0.01094, -0.94199, -1.41307, 0.71220, -0.35973, -0.39001, 0.00731, -0.42037, -0.73596, 1.08917
38.02290, -0.37071, -0.40527, 0.01560, -1.41300, -1.88397, 0.69901, -0.36853, -0.40169, 0.01204, -0.60564, -0.99765, 1.06968
38.02958, -0.38013, -0.41783, 0.02000, -1.41307, -1.88397, 0.65944, -0.37748, -0.41348, 0.01648, -0.74802, -1.23062, 1.05483
38.03625, -0.38956, -0.43354, 0.02440, -1.41296, -2.35505, 0.65944, -0.38664, -0.42855, 0.02089, -0.82560, -1.41858, 1.05263
38.04292, -0.39898, -0.44925, 0.02818, -1.41303, -2.35502, 0.56712, -0.39898, -0.44925, 0.02818, -0.64828, -0.95845, 0.74800
38.04959, -0.41155, -0.46810, 0.03231, -1.88397, -2.82606, 0.61987, -0.41155, -0.46810, 0.03231, -0.84209, -1.25615, 0.72011
38.05626, -0.42411, -0.48695, 0.03610, -1.88401, -2.82599, 0.56712, -0.42411, -0.48695, 0.03610, -1.03316, -1.54625, 0.70154
38.06293, -0.43668, -0.50580, 0.03970, -1.88404, -2.82603, 0.54074, -0.43668, -0.50580, 0.03970, -1.19933, -1.80902, 0.67644
38.06961, -0.44925, -0.52779, 0.04331, -1.88401, -3.29700, 0.54074, -0.44925, -0.52779, 0.04331, -1.35304, -2.05812, 0.65466
38.07628, -0.46496, -0.54978, 0.04683, -2.35505, -3.29704, 0.52755, -0.46496, -0.54978, 0.04683, -1.50053, -2.27685, 0.63190
38.08295, -0.48066, -0.57491, 0.05026, -2.35498, -3.76801, 0.51436, -0.48066, -0.57491, 0.05026, -1.64490, -2.50392, 0.61063
38.08962, -0.49637, -0.60004, 0.05343, -2.35502, -3.76805, 0.47480, -0.49637, -0.60004, 0.05343, -1.76418, -2.71164, 0.58879
38.09629, -0.51208, -0.62832, 0.05668, -2.35505, -4.23906, 0.48799, -0.51208, -0.62832, 0.05668, -1.87090, -2.93321, 0.56930
38.10297, -0.53093, -0.65659, 0.05976, -2.82603, -4.23899, 0.46161, -0.53093, -0.65659, 0.05976, -1.99489, -3.13817, 0.54967
38.10964, -0.54978, -0.68801, 0.06266, -2.82599, -4.71004, 0.43523, -0.54978, -0.68801, 0.06266, -2.12751, -3.35836, 0.53326
38.11631, -0.57177, -0.72257, 0.06557, -3.29700, -5.18101, 0.43523, -0.57177, -0.72257, 0.06557, -2.26446, -3.58617, 0.51582
38.12299, -0.59376, -0.75712, 0.06838, -3.29704, -5.18101, 0.42204, -0.59376, -0.75712, 0.06838, -2.40356, -3.81779, 0.49986
38.12966, -0.61575, -0.79482, 0.07111, -3.29704, -5.65209, 0.40885, -0.61575, -0.79482, 0.07111, -2.54374, -4.07486, 0.48528
38.13633, -0.63774, -0.83252, 0.07384, -3.29700, -5.65202, 0.40886, -0.63774, -0.83252, 0.07384, -2.68446, -4.32111, 0.47140
38.14300, -0.66288, -0.87336, 0.07656, -3.76805, -6.12303, 0.40885, -0.66288, -0.87336, 0.07656, -2.82544, -4.58549, 0.45852
38.14967, -0.68801, -0.91420, 0.07911, -3.76801, -6.12303, 0.38248, -0.68801, -0.91420, 0.07911, -2.96657, -4.83540, 0.44549
38.15635, -0.71314, -0.95819, 0.08167, -3.76805, -6.59408, 0.38248, -0.71314, -0.95819, 0.08167, -3.10776, -5.10161, 0.43437
38.16302, -0.74142, -1.00217, 0.08404, -4.23899, -6.59408, 0.35610, -0.74142, -1.00217, 0.08404, -3.27253, -5.35244, 0.42221
38.16969, -0.76969, -1.04929, 0.08624, -4.23903, -7.53603, 0.32972, -0.76969, -1.04929, 0.08624, -3.42554, -5.61910, 0.40954
38.17636, -0.79796, -1.09956, 0.08835, -4.23903, -7.06505, 0.31653, -0.79796, -1.09956, 0.08835, -3.57267, -5.89370, 0.39727
38.18303, -0.82938, -1.15296, 0.09029, -4.71007, -8.00708, 0.29015, -0.82938, -1.15296, 0.09029, -3.71687, -6.17226, 0.38388
38.18970, -0.86080, -1.20637, 0.09213, -4.70996, -8.47805, 0.27696, -0.86080, -1.20637, 0.09213, -3.85960, -6.45279, 0.36994
38.19638, -0.89535, -1.26292, 0.09389, -5.18108, -8.47805, 0.26378, -0.89535, -1.26292, 0.09389, -4.02513, -6.73432, 0.35571
38.20305, -0.92991, -1.32261, 0.09565, -5.18108, -8.47805, 0.26378, -0.92991, -1.32261, 0.09565, -4.20208, -7.03989, 0.34135
38.20972, -0.96447, -1.38230, 0.09741, -5.18101, -9.42007, 0.26378, -0.96447, -1.38230, 0.09741, -4.36118, -7.33393, 0.32692
38.21639, -1.00217, -1.44513, 0.09908, -5.65206, -8.94910, 0.25059, -1.00217, -1.44513, 0.09908, -4.53490, -7.64575, 0.31311
38.22306, -1.03987, -1.51111, 0.10067, -5.65199, -9.42007, 0.23740, -1.03987, -1.51111, 0.10067, -4.71593, -7.96646, 0.29895
38.22974, -1.08071, -1.57708, 0.10216, -6.12310, -9.89112, 0.22421, -1.08071, -1.57708, 0.10216, -4.90062, -8.29162, 0.28528
38.23641, -1.12155, -1.64619, 0.10357, -6.12303, -10.36202, 0.21102, -1.12155, -1.64619, 0.10357, -5.08714, -8.61900, 0.27251
38.24308, -1.16239, -1.71845, 0.10489, -6.12303, -10.83314, 0.19783, -1.16239, -1.71845, 0.10489, -5.27457, -8.94750, 0.26019
38.24975, -1.20637, -1.79071, 0.10630, -6.59401, -11.30397, 0.21102, -1.20637, -1.79071, 0.10630, -5.46246, -9.25300, 0.25008
38.25642, -1.25035, -1.86925, 0.10779, -6.59408, -11.30411, 0.22421, -1.25035, -1.86925, 0.10779, -5.65058, -9.59410, 0.24239
38.26310, -1.29748, -1.94465, 0.10929, -7.06505, -11.30411, 0.22421, -1.29748, -1.94465, 0.10929, -5.83881, -9.90590, 0.23656
38.26977, -1.34460, -2.02319, 0.11078, -7.06505, -12.24606, 0.22421, -1.34460, -2.02319, 0.11078, -6.02709, -10.20307, 0.23167
38.27644, -1.39173, -2.10487, 0.11219, -7.06505, -11.77509, 0.21102, -1.39173, -2.10487, 0.11219, -6.21541, -10.51645, 0.22659
38.28311, -1.44199, -2.18969, 0.11360, -7.53596, -12.71711, 0.21102, -1.44199, -2.18969, 0.11360, -6.40373, -10.83794, 0.22207
38.28978, -1.49540, -2.27451, 0.11483, -8.00722, -12.71711, 0.18464, -1.49540, -2.27451, 0.11483, -6.61562, -11.13995, 0.21717
38.29646, -1.54566, -2.35934, 0.11606, -7.53596, -12.71711, 0.18464, -1.54566, -2.35934, 0.11606, -6.79219, -11.43221, 0.21275
38.30313, -1.60221, -2.45044, 0.11729, -8.47812, -13.18816, 0.18464, -1.60221, -2.45044, 0.11729, -6.99819, -11.74314, 0.20922
38.30980, -1.65562, -2.53841, 0.11861, -8.00708, -13.18801, 0.19783, -1.65562, -2.53841, 0.11861, -7.19537, -12.01632, 0.20745
38.31647, -1.71217, -2.62951, 0.12002, -8.47798, -13.65906, 0.21102, -1.71217, -2.62951, 0.12002, -7.38812, -12.29417, 0.20657
38.32314, -1.77186, -2.72376, 0.12160, -8.94917, -14.13025, 0.23740, -1.77186, -2.72376, 0.12160, -7.60222, -12.55082, 0.20679
38.32981, -1.83155, -2.81487, 0.12319, -8.94903, -13.65892, 0.23740, -1.83155, -2.81487, 0.12319, -7.80344, -12.79685, 0.20755
38.33649, -1.89124, -2.90912, 0.12495, -8.94903, -14.13018, 0.26378, -1.89124, -2.90912, 0.12495, -7.99822, -13.03758, 0.20992
38.34316, -1.95407, -3.00650, 0.12679, -9.42014, -14.60108, 0.27697, -1.95407, -3.00650, 0.12679, -8.21333, -13.27566, 0.21439
38.34983, -2.01690, -3.10075, 0.12864, -9.41993, -14.13011, 0.27697, -2.01690, -3.10075, 0.12864, -8.41506, -13.46533, 0.21993
38.35650, -2.08288, 3.08504, 0.13049, -9.89112, -14.60115, 0.27696, -2.08288, -3.19814, 0.13049, -8.61008, -13.65434, 0.22731
38.36317, -2.14885, 2.98765, 0.13234, -9.89112, -14.60108, 0.27697, -2.14885, -3.29553, 0.13234, -8.82532, -13.84302, 0.23562
38.36985, -2.21482, 2.89341, 0.13427, -9.89112, -14.13011, 0.29015, -2.21482, -3.38978, 0.13427, -9.00357, -13.96090, 0.24504
38.37652, -2.28394, 2.79602, 0.13629, -10.36202, -14.60115, 0.30335, -2.28394, -3.48717, 0.13629, -9.21041, -14.09047, 0.25503
38.38319, -2.35305, 2.70177, 0.13823, -10.36209, -14.13011, 0.29015, -2.35305, -3.58142, 0.13823, -9.40800, -14.17880, 0.26398
38.38987, -2.42531, 2.60752, 0.14025, -10.83307, -14.13004, 0.30335, -2.42531, -3.67566, 0.14025, -9.60097, -14.22296, 0.27175
38.39654, -2.49442, 2.51327, 0.14228, -10.36202, -14.13004, 0.30334, -2.49442, -3.76991, 0.14228, -9.76808, -14.26859, 0.27893
38.40321, -2.56668, 2.41903, 0.14439, -11.30419, -14.13018, 0.31654, -2.56668, -3.86416, 0.14439, -9.94580, -14.29140, 0.28516
38.40988, -2.64208, 2.32792, 0.14650, -10.83300, -13.65913, 0.31653, -2.64208, -3.95527, 0.14650, -10.12884, -14.25572, 0.29025
38.41655, -2.71434, 2.23996, 0.14861, -10.83314, -13.18801, 0.31653, -2.71434, -4.04323, 0.14861, -10.29100, -14.19080, 0.29477
38.42323, -2.78973, 2.15199, 0.15072, -11.30404, -13.18809, 0.31654, -2.78973, -4.13119, 0.15072, -10.44270, -14.08770, 0.29901
38.42990, -2.86513, 2.06717, 0.15292, -11.30404, -12.71711, 0.32972, -2.86513, -4.21602, 0.15292, -10.58918, -13.94198, 0.30377
38.43657, -2.94053, 1.98234, 0.15512, -11.30404, -12.71718, 0.32972, -2.94053, -4.30084, 0.15512, -10.73304, -13.79850, 0.30813
38.44324, -3.01593, 1.90066, 0.15732, -11.30419, -12.24606, 0.32972, -3.01593, -4.38252, 0.15732, -10.85207, -13.60904, 0.31162
38.44991, -3.09133, 1.81898, 0.15952, -11.30404, -12.24606, 0.32973, -3.09133, -4.46420, 0.15952, -10.95866, -13.42013, 0.31535
38.45658, 3.11646, 1.74044, 0.16172, -11.30411, -11.77509, 0.32972, -3.16673, -4.54274, 0.16172, -11.03551, -13.20797, 0.31853
38.46326, 3.04106, 1.66504, 0.16383, -11.30404, -11.30411, 0.31653, -3.24212, -4.61814, 0.16383, -11.12102, -12.96063, 0.32078
38.46993, 2.96566, 1.59279, 0.16585, -11.30411, -10.83307, 0.30335, -3.31752, -4.69040, 0.16585, -11.18731, -12.67215, 0.32125
38.47660, 2.89026, 1.52053, 0.16788, -11.30411, -10.83300, 0.30334, -3.39292, -4.76265, 0.16788, -11.22046, -12.38665, 0.32082
38.48327, 2.81801, 1.45142, 0.16990, -10.83300, -10.36216, 0.30334, -3.46518, -4.83177, 0.16990, -11.23703, -12.10265, 0.31995
38.48994, 2.74261, 1.38544, 0.17175, -11.30411, -9.89105, 0.27697, -3.54058, -4.89774, 0.17175, -11.24532, -11.79585, 0.31753
38.49662, 2.67035, 1.32261, 0.17359, -10.83307, -9.89105, 0.27697, -3.61283, -4.96058, 0.17359, -11.22592, -11.47764, 0.31369
38.50329, 2.59810, 1.25978, 0.17535, -10.83307, -8.94910, 0.26378, -3.68509, -5.02341, 0.17535, -11.19268, -11.15373, 0.30847
38.50996, 2.52898, 1.19695, 0.17711, -10.83314, -9.41993, 0.26377, -3.75420, -5.08624, 0.17711, -11.12897, -10.85051, 0.30257
38.51663, 2.45673, 1.14040, 0.17878, -10.36202, -8.94924, 0.25059, -3.82646, -5.14279, 0.17878, -11.07357, -10.51056, 0.29566
38.52330, 2.38761, 1.08071, 0.18037, -10.36202, -8.47798, 0.23740, -3.89557, -5.20248, 0.18037, -10.99878, -10.19933, 0.28759
38.52998, 2.32164, 1.02730, 0.18186, -9.89112, -8.00715, 0.22421, -3.96155, -5.25589, 0.18186, -10.89076, -9.87891, 0.27894
38.53665, 2.25252, 0.97389, 0.18336, -10.36202, -8.00700, 0.22421, -4.03066, -5.30929, 0.18336, -10.78967, -9.57745, 0.27066
38.54332, 2.18969, 0.92049, 0.18477, -9.89112, -8.00700, 0.21103, -4.09350, -5.36270, 0.18477, -10.64494, -9.28546, 0.26191
38.54999, 2.12372, 0.87022, 0.18617, -9.42000, -7.53603, 0.21102, -4.15947, -5.41296, 0.18617, -10.52550, -8.99820, 0.25291
38.55666, 2.06088, 0.82310, 0.18741, -9.42014, -7.06505, 0.18464, -4.22230, -5.46009, 0.18741, -10.37160, -8.71331, 0.24380
38.56334, 1.99805, 0.77283, 0.18864, -9.42007, -7.53617, 0.18465, -4.28513, -5.51035, 0.18864, -10.22402, -8.47670, 0.23463
38.57001, 1.93836, 0.72885, 0.18978, -8.94903, -6.59394, 0.17145, -4.34482, -5.55434, 0.18978, -10.05607, -8.21713, 0.22543
38.57668, 1.87867, 0.68487, 0.19101, -8.94910, -6.59408, 0.18465, -4.40451, -5.59832, 0.19101, -9.90146, -7.94610, 0.21688
38.58335, 1.82212, 0.64088, 0.19216, -8.47805, -6.59408, 0.17145, -4.46106, -5.64230, 0.19216, -9.70644, -7.71641, 0.20864
38.59002, 1.76557, 0.59690, 0.19321, -8.47812, -6.59408, 0.17146, -4.51761, -5.68628, 0.19321, -9.51476, -7.48384, 0.20057
38.59669, 1.71217, 0.55606, 0.19427, -8.00708, -6.12310, 0.14508, -4.57102, -5.72712, 0.19427, -9.32475, -7.27339, 0.19324
38.60337, 1.65876, 0.51836, 0.19532, -8.47798, -5.65199, 0.15826, -4.62442, -5.76482, 0.19532, -9.11202, -7.05045, 0.18628
38.61004, 1.60535, 0.47752, 0.19629, -7.53610, -6.12296, 0.14508, -4.67783, -5.80566, 0.19629, -8.93503, -6.84480, 0.17950
38.61671, 1.55509, 0.43982, 0.19735, -7.53603, -5.65213, 0.15827, -4.72810, -5.84336, 0.19735, -8.72882, -6.64781, 0.17347
38.62338, 1.50482, 0.40527, 0.19831, -7.53610, -5.18101, 0.14508, -4.77836, -5.87792, 0.19831, -8.53155, -6.45514, 0.16848
38.63005, 1.45770, 0.36757, 0.19937, -7.06505, -5.65199, 0.17145, -4.82549, -5.91562, 0.19937, -8.31519, -6.26463, 0.16467
38.63673, 1.41057, 0.33301, 0.20051, -7.06513, -5.18115, 0.15827, -4.87261, -5.95018, 0.20051, -8.11284, -6.09875, 0.16276
38.64340, 1.36345, 0.29845, 0.20166, -7.06491, -5.18101, 0.17145, -4.91973, -5.98473, 0.20166, -7.91749, -5.94518, 0.16115
38.65007, 1.31947, 0.26389, 0.20271, -6.59408, -5.18101, 0.15827, -4.96372, -6.01929, 0.20271, -7.72564, -5.79777, 0.15968
38.65674, 1.27863, 0.23248, 0.20377, -6.12296, -4.70989, 0.15827, -5.00456, -6.05071, 0.20377, -7.51200, -5.62988, 0.15895
38.66342, 1.23779, 0.19792, 0.20482, -6.12310, -5.18115, 0.15826, -5.04540, -6.08527, 0.20482, -7.31100, -5.49885, 0.15859
38.67009, 1.19695, 0.16650, 0.20588, -6.12296, -4.71004, 0.15827, -5.08624, -6.11668, 0.20588, -7.11633, -5.38625, 0.15840
38.67676, 1.15925, 0.13509, 0.20693, -5.65213, -4.71004, 0.15827, -5.12394, -6.14810, 0.20693, -6.90128, -5.25933, 0.15897
38.68343, 1.12155, 0.10367, 0.20799, -5.65213, -4.71004, 0.15826, -5.16164, -6.17951, 0.20799, -6.69960, -5.14877, 0.15925
38.69011, 1.08385, 0.07226, 0.20905, -5.65199, -4.71004, 0.15827, -5.19934, -6.21093, 0.20905, -6.50457, -5.06996, 0.16005
38.69678, 1.04929, 0.04084, 0.21010, -5.18101, -4.71004, 0.15827, -5.23389, -6.24234, 0.21010, -6.31288, -4.98346, 0.16046
38.70345, 1.01473, 0.00942, 0.21116, -5.18115, -4.71004, 0.15826, -5.26845, -6.27376, 0.21116, -6.12287, -4.91667, 0.16000
38.71012, 0.98332, -0.01885, 0.21221, -4.70989, -4.23906, 0.15827, -5.29987, -6.30204, 0.21221, -5.91015, -4.83619, 0.15911
38.71679, 0.95190, -0.05027, 0.21318, -4.71004, -4.71004, 0.15827, -5.33128, -6.33345, 0.21318, -5.70962, -4.77241, 0.15800
38.72346, 0.92049, -0.08168, 0.21424, -4.71004, -4.70989, 0.14507, -5.36270, -6.36487, 0.21424, -5.53873, -4.74051, 0.15745
38.73014, 0.89221, -0.11310, 0.21529, -4.23906, -4.71018, 0.15827, -5.39097, -6.39628, 0.21529, -5.35911, -4.70103, 0.15718
38.73681, 0.86394, -0.14451, 0.21626, -4.23906, -4.71004, 0.14508, -5.41925, -6.42770, 0.21626, -5.17513, -4.68128, 0.15638
38.74348, 0.83566, -0.17593, 0.21723, -4.23906, -4.71004, 0.14508, -5.44752, -6.45912, 0.21723, -5.01251, -4.67141, 0.15532
38.75015, 0.81053, -0.21049, 0.21819, -3.76794, -5.18087, 0.14507, -5.47265, -6.49367, 0.21819, -4.83702, -4.69001, 0.15413
38.75682, 0.78540, -0.24190, 0.21907, -3.76809, -4.71018, 0.13189, -5.49779, -6.52509, 0.21907, -4.65511, -4.69932, 0.15222
38.76350, 0.76026, -0.27646, 0.21995, -3.76809, -5.18101, 0.13189, -5.52292, -6.55965, 0.21995, -4.49352, -4.72751, 0.14995
38.77017, 0.73513, -0.31102, 0.22075, -3.76794, -5.18101, 0.11870, -5.54805, -6.59420, 0.22075, -4.34209, -4.76515, 0.14683
38.77684, 0.71314, -0.34558, 0.22163, -3.29697, -5.18115, 0.13189, -5.57004, -6.62876, 0.22163, -4.19575, -4.83106, 0.14395
38.78351, 0.69115, -0.38327, 0.22233, -3.29711, -5.65199, 0.10551, -5.59204, -6.66646, 0.22233, -4.05196, -4.91110, 0.14054
38.79018, 0.66916, -0.42097, 0.22312, -3.29697, -5.65184, 0.11870, -5.61403, -6.70416, 0.22312, -3.90943, -4.99820, 0.13685
38.79686, 0.65031, -0.45867, 0.22382, -2.82614, -5.65227, 0.10551, -5.63288, -6.74186, 0.22382, -3.76754, -5.08884, 0.13237
38.80353, 0.63146, -0.49637, 0.22453, -2.82585, -5.65199, 0.10551, -5.65172, -6.77956, 0.22453, -3.62595, -5.18125, 0.12816
38.81020, 0.61261, -0.53721, 0.22523, -2.82614, -6.12310, 0.10552, -5.67058, -6.82040, 0.22523, -3.48454, -5.29808, 0.12407
38.81687, 0.59376, -0.57805, 0.22594, -2.82599, -6.12296, 0.10551, -5.68942, -6.86124, 0.22594, -3.36675, -5.40359, 0.12005
38.82354, 0.57805, -0.62204, 0.22655, -2.82599, -6.59408, 0.09232, -5.70513, -6.90522, 0.22655, -3.23722, -5.55051, 0.11606
38.83022, 0.55920, -0.66602, 0.22708, -2.35502, -6.59408, 0.07913, -5.72398, -6.94920, 0.22708, -3.12536, -5.69460, 0.11143
38.83689, 0.54350, -0.71000, 0.22761, -2.35502, -6.59394, 0.07914, -5.73969, -6.99319, 0.22761, -2.99881, -5.83728, 0.10714
38.84356, 0.52779, -0.75712, 0.22805, -2.35502, -7.06505, 0.07913, -5.75540, -7.04031, 0.22805, -2.88845, -6.00278, 0.10169
38.85023, 0.51208, -0.80739, 0.22858, -2.35516, -7.53603, 0.06594, -5.77111, -7.09057, 0.22858, -2.78619, -6.17970, 0.09765
38.85690, 0.49951, -0.85766, 0.22893, -1.88390, -7.53617, 0.05276, -5.78367, -7.14084, 0.22893, -2.66442, -6.36235, 0.09234
38.86357, 0.48381, -0.90792, 0.22928, -2.35502, -8.00700, 0.05275, -5.79938, -7.19111, 0.22928, -2.57999, -6.54784, 0.08704
38.87025, 0.47124, -0.96447, 0.22954, -1.88390, -8.00715, 0.03957, -5.81195, -7.24765, 0.22954, -2.49069, -6.78185, 0.08110
38.87692, 0.45867, -1.01787, 0.22981, -1.88419, -8.00686, 0.03957, -5.82451, -7.30106, 0.22981, -2.39896, -6.99301, 0.07483
38.88359, 0.44611, -1.07757, 0.23007, -1.88390, -8.94924, 0.03956, -5.83708, -7.36075, 0.23007, -2.30600, -7.23986, 0.06840
38.89026, 0.43354, -1.13726, 0.23033, -1.88404, -8.94910, 0.03957, -5.84965, -7.42044, 0.23033, -2.23598, -7.48100, 0.06255
38.89693, 0.42412, -1.19695, 0.23051, -1.41293, -8.94895, 0.02638, -5.85907, -7.48013, 0.23051, -2.13034, -7.71928, 0.05698
38.90361, 0.41155, -1.26292, 0.23069, -1.88419, -9.89119, 0.02638, -5.87164, -7.54611, 0.23069, -2.05399, -8.00324, 0.05157
38.91028, 0.40212, -1.32889, 0.23086, -1.41293, -9.89105, 0.02637, -5.88106, -7.61208, 0.23086, -1.96872, -8.28647, 0.04688
38.91695, 0.39270, -1.39487, 0.23104, -1.41307, -9.89105, 0.02638, -5.89049, -7.67805, 0.23104, -1.87899, -8.54580, 0.04190
38.92362, 0.38327, -1.46712, 0.23113, -1.41307, -10.83300, 0.01319, -5.89991, -7.75031, 0.23113, -1.81060, -8.84026, 0.03743
38.93030, 0.37385, -1.53938, 0.23121, -1.41293, -10.83314, 0.01319, -5.90934, -7.82257, 0.23121, -1.72931, -9.15230, 0.03322
38.93697, 0.36757, -1.61164, 0.23130, -0.94195, -10.83314, 0.01319, -5.91562, -7.89482, 0.23130, -1.64158, -9.42603, 0.02979
38.94364, 0.35814, -1.69018, 0.23130, -1.41307, -11.77509, 0.00000, -5.92504, -7.97336, 0.23130, -1.57417, -9.75125, 0.02610
38.95031, 0.35186, -1.76872, 0.23130, -0.94195, -11.77509, 0.00000, -5.93133, -8.05190, 0.23130, -1.49338, -10.05511, 0.02228
38.95699, 0.34243, -1.84726, 0.23130, -1.41307, -12.24606, 0.00000, -5.94075, -8.13044, 0.23130, -1.42944, -10.34829, 0.01839
38.96366, 0.33615, -1.93208, 0.23139, -0.94195, -12.24592, 0.01319, -5.94703, -8.21526, 0.23139, -1.37393, -10.68323, 0.01579
38.97033, 0.32987, -2.01690, 0.23148, -0.94209, -12.71704, 0.01319, -5.95332, -8.30009, 0.23148, -1.29908, -10.99195, 0.01383
38.97700, 0.32673, -2.10487, 0.23165, -0.47097, -13.18830, 0.02637, -5.95646, -8.38805, 0.23165, -1.21458, -11.31112, 0.01285
38.98367, 0.32044, -2.19283, 0.23183, -0.94195, -13.18816, 0.02638, -5.96274, -8.47602, 0.23183, -1.14878, -11.63552, 0.01236
38.99035, 0.31730, -2.28394, 0.23201, -0.47097, -13.65913, 0.02638, -5.96588, -8.56712, 0.23201, -1.06879, -11.93898, 0.01277
38.99702, 0.31416, -2.37504, 0.23227, -0.47097, -13.65885, 0.03957, -5.96903, -8.65823, 0.23227, -0.98171, -12.23195, 0.01430
39.00369, 0.31102, -2.46929, 0.23262, -0.47112, -14.13039, 0.05275, -5.97217, -8.75248, 0.23262, -0.91463, -12.54325, 0.01704
39.01036, 0.30788, -2.56354, 0.23297, -0.47097, -14.60080, 0.05276, -5.97531, -8.84672, 0.23297, -0.83400, -12.81660, 0.02104
39.01703, 0.30473, -2.66093, 0.23333, -0.47112, -14.13039, 0.05275, -5.97845, -8.94412, 0.23333, -0.77016, -13.09455, 0.02568
39.02370, 0.30473, -2.75832, 0.23368, 0.00000, -14.60094, 0.05276, -5.97845, -9.04150, 0.23368, -0.66760, -13.37478, 0.03064
39.03038, 0.30159, -2.85885, 0.23412, -0.47097, -15.07234, 0.06594, -5.98159, -9.14204, 0.23412, -0.59278, -13.63262, 0.03576
39.03705, 0.30159, -2.95624, 0.23447, 0.00000, -14.60080, 0.05276, -5.98159, -9.23942, 0.23447, -0.50828, -13.85571, 0.04029
39.04372, 0.30159, -3.05677, 0.23482, 0.00000, -15.07220, 0.05275, -5.98159, -9.33996, 0.23482, -0.44249, -14.06141, 0.04388
39.05039, 0.30159, 3.12589, 0.23526, 0.00000, -15.07206, 0.06595, -5.98159, -9.44049, 0.23526, -0.36251, -14.25844, 0.04765
39.05706, 0.30159, 3.02850, 0.23552, 0.00000, -14.60123, 0.03957, -5.98159, -9.53788, 0.23552, -0.29898, -14.40404, 0.05020
39.06374, 0.30159, 2.92796, 0.23588, 0.00000, -15.07220, 0.05275, -5.98159, -9.63841, 0.23588, -0.24367, -14.54748, 0.05213
39.07041, 0.30159, 2.83058, 0.23614, 0.00000, -14.60094, 0.03957, -5.98159, -9.73580, 0.23614, -0.19247, -14.64273, 0.05243
39.07708, 0.30473, 2.73319, 0.23632, 0.47097, -14.60123, 0.02638, -5.97845, -9.83319, 0.23632, -0.11978, -14.71391, 0.05127
39.08375, 0.30473, 2.63580, 0.23649, 0.00000, -14.60108, 0.02637, -5.97845, -9.93058, 0.23649, -0.05989, -14.74949, 0.04937
39.09042, 0.30788, 2.54155, 0.23658, 0.47112, -14.13011, 0.01319, -5.97531, -10.02482, 0.23658, -0.00640, -14.74375, 0.04644
39.09710, 0.30788, 2.45044, 0.23667, 0.00000, -14.13011, 0.01319, -5.97531, -10.11593, 0.23667, 0.04389, -14.67023, 0.04234
39.10377, 0.31102, 2.35620, 0.23667, 0.47097, -13.65885, 0.00000, -5.97217, -10.21018, 0.23667, 0.09258, -14.60994, 0.03765
39.11044, 0.31102, 2.26823, 0.23658, 0.00000, -13.18816, -0.01319, -5.97217, -10.29814, 0.23658, 0.11692, -14.48561, 0.03201
39.11711, 0.31416, 2.18026, 0.23649, 0.47112, -13.18830, -0.01319, -5.96903, -10.38611, 0.23649, 0.15264, -14.32929, 0.02523
39.12378, 0.31730, 2.09230, 0.23640, 0.47097, -13.18816, -0.01319, -5.96588, -10.47407, 0.23640, 0.19404, -14.18050, 0.01921
39.13046, 0.32044, 2.00748, 0.23614, 0.47097, -12.71704, -0.03956, -5.96274, -10.55889, 0.23614, 0.23829, -13.98838, 0.01158
39.13713, 0.32358, 1.92580, 0.23588, 0.47097, -12.24606, -0.03957, -5.95960, -10.64058, 0.23588, 0.28395, -13.77461, 0.00381
39.14380, 0.32673, 1.84726, 0.23552, 0.47097, -11.77509, -0.05275, -5.95646, -10.71912, 0.23552, 0.30678, -13.52646, -0.00403
39.15047, 0.32987, 1.76872, 0.23517, 0.47097, -11.77495, -0.05276, -5.95332, -10.79765, 0.23517, 0.34174, -13.26112, -0.01190
39.15714, 0.33615, 1.69332, 0.23473, 0.94209, -11.30411, -0.06594, -5.94703, -10.87305, 0.23473, 0.38276, -12.98720, -0.01979
39.16381, 0.33929, 1.62106, 0.23429, 0.47112, -10.83328, -0.06595, -5.94389, -10.94531, 0.23429, 0.42682, -12.70898, -0.02770
39.17049, 0.34557, 1.54881, 0.23385, 0.94181, -10.83271, -0.06594, -5.93761, -11.01756, 0.23385, 0.47238, -12.40507, -0.03494
39.17716, 0.35186, 1.47969, 0.23341, 0.94209, -10.36231, -0.06595, -5.93133, -11.08668, 0.23341, 0.54225, -12.11187, -0.04120
39.18383, 0.35500, 1.41372, 0.23289, 0.47097, -9.89105, -0.07913, -5.92819, -11.15265, 0.23289, 0.57718, -11.80045, -0.04763
39.19050, 0.36128, 1.34774, 0.23245, 0.94181, -9.89105, -0.06595, -5.92190, -11.21863, 0.23245, 0.61818, -11.47993, -0.05348
39.19718, 0.36757, 1.28491, 0.23192, 0.94224, -9.41993, -0.07913, -5.91562, -11.28146, 0.23192, 0.66224, -11.15487, -0.05838
39.20385, 0.37699, 1.22522, 0.23139, 1.41293, -8.94924, -0.07913, -5.90619, -11.34115, 0.23139, 0.73135, -10.82755, -0.06281
39.21052, 0.38327, 1.16867, 0.23095, 0.94195, -8.47798, -0.06595, -5.89991, -11.39770, 0.23095, 0.78945, -10.49908, -0.06569
39.21719, 0.39270, 1.11212, 0.23042, 1.41307, -8.47812, -0.07913, -5.89049, -11.45425, 0.23042, 0.86559, -10.17005, -0.06844
39.22387, 0.39898, 1.05558, 0.22998, 0.94209, -8.47798, -0.06594, -5.88420, -11.51080, 0.22998, 0.90366, -9.86428, -0.06982
39.23054, 0.40841, 1.00531, 0.22945, 1.41293, -7.53603, -0.07914, -5.87478, -11.56106, 0.22945, 0.96977, -9.54657, -0.07117
39.23721, 0.41783, 0.95504, 0.22902, 1.41307, -7.53617, -0.06594, -5.86535, -11.61133, 0.22902, 1.02638, -9.22295, -0.07184
39.24388, 0.43040, 0.90478, 0.22849, 1.88390, -7.53617, -0.07914, -5.85279, -11.66159, 0.22849, 1.10176, -8.91987, -0.07284
39.25055, 0.43982, 0.85765, 0.22805, 1.41307, -7.06491, -0.06594, -5.84336, -11.70872, 0.22805, 1.18654, -8.62706, -0.07268
39.25723, 0.45239, 0.81367, 0.22761, 1.88404, -6.59394, -0.06594, -5.83080, -11.75270, 0.22761, 1.27603, -8.31586, -0.07260
39.26390, 0.46495, 0.76969, 0.22726, 1.88390, -6.59422, -0.05276, -5.81823, -11.79668, 0.22726, 1.36784, -8.01901, -0.07124
39.27057, 0.47752, 0.72885, 0.22682, 1.88419, -6.12310, -0.06594, -5.80566, -11.83752, 0.22682, 1.43731, -7.72932, -0.06990
39.27724, 0.49009, 0.68801, 0.22646, 1.88404, -6.12296, -0.05276, -5.79310, -11.87836, 0.22646, 1.51913, -7.46676, -0.06857
39.28391, 0.50580, 0.64717, 0.22611, 2.35502, -6.12310, -0.05276, -5.77739, -11.91920, 0.22611, 1.60712, -7.21776, -0.06659
39.29058, 0.51836, 0.61261, 0.22585, 1.88390, -5.65184, -0.03956, -5.76482, -11.95376, 0.22585, 1.69820, -6.92846, -0.06428
39.29726, 0.53407, 0.57491, 0.22550, 2.35502, -5.18130, -0.05276, -5.74911, -11.99146, 0.22550, 1.79082, -6.68965, -0.06181
39.30393, 0.54978, 0.54035, 0.22523, 2.35502, -5.18101, -0.03956, -5.73341, -12.02602, 0.22523, 1.88422, -6.45252, -0.05925
39.31060, 0.56863, 0.50580, 0.22506, 2.82599, -5.18087, -0.02638, -5.71456, -12.06057, 0.22506, 1.97801, -6.21623, -0.05534
39.31727, 0.58748, 0.47438, 0.22479, 2.82614, -4.70989, -0.02638, -5.69571, -12.09199, 0.22479, 2.09554, -5.98036, -0.05206
39.32394, 0.60633, 0.44296, 0.22462, 2.82599, -4.71018, -0.02638, -5.67686, -12.12341, 0.22462, 2.20138, -5.76827, -0.04844
39.33062, 0.62518, 0.41155, 0.22444, 2.82599, -4.71004, -0.02637, -5.65801, -12.15482, 0.22444, 2.30140, -5.56805, -0.04532
39.33729, 0.64403, 0.38327, 0.22426, 2.82614, -4.23906, -0.02638, -5.63916, -12.18310, 0.22426, 2.39849, -5.37376, -0.04178
39.34396, 0.66602, 0.35500, 0.22409, 3.29682, -4.23920, -0.02638, -5.61717, -12.21137, 0.22409, 2.51765, -5.18246, -0.03869
39.35063, 0.68801, 0.32673, 0.22400, 3.29711, -4.23892, -0.01319, -5.59518, -12.23965, 0.22400, 2.62432, -4.99262, -0.03517
39.35730, 0.71000, 0.30159, 0.22391, 3.29697, -3.76794, -0.01319, -5.57319, -12.26478, 0.22391, 2.74829, -4.82708, -0.03209
39.36398, 0.73513, 0.27646, 0.22382, 3.76809, -3.76794, -0.01319, -5.54805, -12.28991, 0.22382, 2.88091, -4.65012, -0.02857
39.37065, 0.76026, 0.25133, 0.22374, 3.76794, -3.76809, -0.01319, -5.52292, -12.31504, 0.22374, 3.01784, -4.49102, -0.02549
39.37732, 0.78540, 0.22619, 0.22365, 3.76809, -3.76809, -0.01318, -5.49779, -12.34018, 0.22365, 3.13340, -4.34085, -0.02329
39.38399, 0.81367, 0.20106, 0.22365, 4.23906, -3.76809, 0.00000, -5.46951, -12.36531, 0.22365, 3.26180, -4.21869, -0.02022
39.39066, 0.84195, 0.17907, 0.22365, 4.23906, -3.29711, 0.00000, -5.44124, -12.38730, 0.22365, 3.39663, -4.08697, -0.01736
39.39734, 0.87022, 0.15394, 0.22365, 4.23906, -3.76794, 0.00000, -5.41296, -12.41243, 0.22365, 3.53468, -3.97403, -0.01461
39.40401, 0.89849, 0.13195, 0.22365, 4.23892, -3.29697, 0.00000, -5.38469, -12.43442, 0.22365, 3.67433, -3.87046, -0.01192
39.41068, 0.92991, 0.10996, 0.22365, 4.71004, -3.29682, 0.00000, -5.35327, -12.45641, 0.22365, 3.81479, -3.77158, -0.00926
39.41735, 0.96133, 0.08797, 0.22365, 4.71018, -3.29711, 0.00000, -5.32186, -12.47841, 0.22365, 3.95565, -3.67506, -0.00727
39.42402, 0.99588, 0.06597, 0.22374, 5.18087, -3.29711, 0.01318, -5.28730, -12.50040, 0.22374, 4.12025, -3.60326, -0.00495
39.43069, 1.03044, 0.04398, 0.22374, 5.18115, -3.29711, 0.00000, -5.25274, -12.52239, 0.22374, 4.27318, -3.54383, -0.00313
39.43737, 1.06500, 0.02199, 0.22374, 5.18101, -3.29711, 0.00000, -5.21819, -12.54438, 0.22374, 4.42028, -3.49057, -0.00157
39.44404, 1.10270, 0.00314, 0.22374, 5.65213, -2.82571, 0.00000, -5.18049, -12.56323, 0.22374, 4.58800, -3.41684, -0.00012
39.45071, 1.14040, -0.01885, 0.22374, 5.65199, -3.29711, 0.00000, -5.14279, -12.58522, 0.22374, 4.74249, -3.35643, 0.00060
39.45738, 1.17810, -0.04084, 0.22374, 5.65184, -3.29711, 0.00000, -5.10509, -12.60721, 0.22374, 4.89035, -3.32623, 0.00096
39.46405, 1.21894, -0.06283, 0.22365, 6.12325, -3.29711, -0.01318, -5.06425, -12.62920, 0.22365, 5.05846, -3.28759, 0.00048
39.47073, 1.25978, -0.08482, 0.22365, 6.12296, -3.29682, 0.00000, -5.02341, -12.65119, 0.22365, 5.23669, -3.26826, 0.00024
39.47740, 1.30376, -0.10681, 0.22365, 6.59408, -3.29711, 0.00000, -4.97942, -12.67319, 0.22365, 5.41998, -3.25862, 0.00012
39.48407, 1.34774, -0.12880, 0.22356, 6.59408, -3.29697, -0.01319, -4.93544, -12.69518, 0.22356, 5.60579, -3.25378, -0.00060
39.49075, 1.39487, -0.15080, 0.22356, 7.06505, -3.29711, 0.00000, -4.88832, -12.71717, 0.22356, 5.79287, -3.25137, -0.00162
39.49742, 1.43885, -0.17279, 0.22356, 6.59394, -3.29711, 0.00000, -4.84434, -12.73916, 0.22356, 5.95704, -3.25016, -0.00213
39.50409, 1.48911, -0.19792, 0.22347, 7.53610, -3.76794, -0.01319, -4.79407, -12.76429, 0.22347, 6.15683, -3.27309, -0.00304
39.51076, 1.53624, -0.21991, 0.22339, 7.53603, -3.29697, -0.01319, -4.74695, -12.78628, 0.22339, 6.32735, -3.30811, -0.00416
39.51743, 1.58965, -0.24504, 0.22339, 7.53610, -3.76809, 0.00000, -4.69354, -12.81142, 0.22339, 6.53034, -3.34917, -0.00472
39.52411, 1.63991, -0.27018, 0.22330, 7.53610, -3.76794, -0.01319, -4.64327, -12.83655, 0.22330, 6.72601, -3.39323, -0.00565
39.53078, 1.69332, -0.29531, 0.22312, 8.00700, -3.76823, -0.02638, -4.58987, -12.86168, 0.22312, 6.91801, -3.43881, -0.00678
39.53745, 1.74987, -0.32044, 0.22303, 8.47812, -3.76809, -0.01319, -4.53332, -12.88682, 0.22303, 7.13173, -3.48515, -0.00801
39.54412, 1.80641, -0.34872, 0.22286, 8.47798, -4.23877, -0.02637, -4.47677, -12.91509, 0.22286, 7.33276, -3.55539, -0.00994
39.55079, 1.86296, -0.37385, 0.22268, 8.47812, -3.76809, -0.02638, -4.42022, -12.94022, 0.22268, 7.52744, -3.61406, -0.01156
39.55746, 1.92265, -0.40527, 0.22251, 8.94903, -4.71004, -0.02638, -4.36053, -12.97164, 0.22251, 7.71896, -3.71402, -0.01369
39.56414, 1.98234, -0.43354, 0.22224, 8.94903, -4.23906, -0.03957, -4.30084, -12.99991, 0.22224, 7.93244, -3.81109, -0.01673
39.57081, 2.04518, -0.46496, 0.22198, 9.42014, -4.71004, -0.03956, -4.23801, -13.03133, 0.22198, 8.13336, -3.90671, -0.01957
39.57748, 2.10487, -0.49637, 0.22171, 9.42007, -4.71004, -0.03957, -4.17832, -13.06274, 0.22171, 8.32798, -4.02515, -0.02231
39.58415, 2.17084, -0.52779, 0.22136, 9.42000, -4.71004, -0.05276, -4.11235, -13.09416, 0.22136, 8.51946, -4.13146, -0.02632
39.59082, 2.23681, -0.56235, 0.22110, 9.89112, -5.18101, -0.03956, -4.04637, -13.12872, 0.22110, 8.73292, -4.25524, -0.02964
39.59750, 2.30279, -0.59690, 0.22075, 9.89105, -5.18101, -0.05276, -3.98040, -13.16327, 0.22075, 8.93383, -4.38775, -0.03262
39.60417, 2.36876, -0.63460, 0.22039, 9.89105, -5.65199, -0.06594, -3.91443, -13.20097, 0.22039, 9.10490, -4.54817, -0.03609
39.61084, 2.43788, -0.67230, 0.21995, 10.36209, -5.65227, -0.05276, -3.84531, -13.23867, 0.21995, 9.28462, -4.69904, -0.03980
39.61751, 2.50699, -0.71000, 0.21951, 10.36209, -5.65199, -0.06594, -3.77619, -13.27637, 0.21951, 9.46865, -4.86864, -0.04363
39.62418, 2.57611, -0.75084, 0.21907, 10.36202, -6.12296, -0.06595, -3.70708, -13.31721, 0.21907, 9.63129, -5.02406, -0.04753
39.63086, 2.64836, -0.79482, 0.21863, 10.83314, -6.59394, -0.06594, -3.63482, -13.36119, 0.21863, 9.80679, -5.21948, -0.05079
39.63753, 2.71748, -0.83566, 0.21811, 10.36209, -6.12325, -0.07913, -3.56571, -13.40204, 0.21811, 9.94162, -5.38783, -0.05440
39.64420, 2.78973, -0.88279, 0.21767, 10.83314, -7.06491, -0.06595, -3.49345, -13.44916, 0.21767, 10.10321, -5.58972, -0.05753
39.65087, 2.86199, -0.92991, 0.21723, 10.83300, -7.06520, -0.06594, -3.42119, -13.49628, 0.21723, 10.23110, -5.80838, -0.05975
39.65754, 2.93425, -0.97704, 0.21679, 10.83307, -7.06491, -0.06595, -3.34894, -13.54341, 0.21679, 10.34212, -6.01188, -0.06218
39.66422, 3.00965, -1.02730, 0.21626, 11.30411, -7.53589, -0.07913, -3.27354, -13.59367, 0.21626, 10.46826, -6.23134, -0.06471
39.67089, 3.08190, -1.08071, 0.21582, 10.83307, -8.00715, -0.06595, -3.20128, -13.64708, 0.21582, 10.57842, -6.45879, -0.06664
39.67756, -3.12903, -1.13411, 0.21547, 10.83314, -8.00715, -0.05275, -3.12903, -13.70049, 0.21547, 10.65704, -6.69022, -0.06694
39.68423, -3.05677, -1.19066, 0.21503, 10.83300, -8.47812, -0.06595, -3.05677, -13.75704, 0.21503, 10.71989, -6.94720, -0.06709
39.69090, -2.98137, -1.24721, 0.21468, 11.30419, -8.47784, -0.05275, -2.98137, -13.81358, 0.21468, 10.79841, -7.19340, -0.06651
39.69757, -2.91226, -1.30690, 0.21441, 10.83300, -8.94910, -0.03957, -2.91226, -13.87327, 0.21441, 10.81413, -7.43423, -0.06490
39.70425, -2.84000, -1.36974, 0.21415, 10.36209, -9.42036, -0.03956, -2.84000, -13.93611, 0.21415, 10.84552, -7.71944, -0.06212
39.71092, -2.76774, -1.43257, 0.21397, 10.83300, -9.41979, -0.02638, -2.76774, -13.99894, 0.21397, 10.86121, -7.97976, -0.05875
39.71759, -2.69863, -1.49854, 0.21388, 10.83314, -9.89105, -0.01319, -2.69863, -14.06491, 0.21388, 10.84552, -8.25117, -0.05442
39.72426, -2.62637, -1.56765, 0.21388, 10.36202, -10.36202, 0.00000, -2.62637, -14.13402, 0.21388, 10.83768, -8.55168, -0.04897
39.73093, -2.55726, -1.63677, 0.21388, 10.36209, -10.36231, 0.00000, -2.55726, -14.20314, 0.21388, 10.78666, -8.84321, -0.04228
39.73761, -2.49128, -1.70903, 0.21406, 9.89105, -10.83300, 0.02638, -2.49128, -14.27540, 0.21406, 10.71407, -9.13023, -0.03433
39.74428, -2.42217, -1.78128, 0.21424, 10.36216, -10.83328, 0.02637, -2.42217, -14.34766, 0.21424, 10.65424, -9.41500, -0.02639
39.75095, -2.35934, -1.85982, 0.21450, 9.42000, -11.77495, 0.03957, -2.35934, -14.42619, 0.21450, 10.55369, -9.72218, -0.01715
39.75763, -2.29336, -1.93836, 0.21485, 9.89105, -11.77523, 0.05276, -2.29336, -14.50473, 0.21485, 10.43278, -10.04059, -0.00726
39.76430, -2.23053, -2.01690, 0.21520, 9.42014, -11.77495, 0.05275, -2.23053, -14.58327, 0.21520, 10.32524, -10.34105, 0.00230
39.77097, -2.16770, -2.10173, 0.21573, 9.42007, -12.24621, 0.07914, -2.16770, -14.66810, 0.21573, 10.20085, -10.65607, 0.01302
39.77764, -2.10801, -2.18655, 0.21635, 8.94910, -12.71690, 0.09232, -2.10801, -14.75292, 0.21635, 10.04448, -10.97838, 0.02431
39.78431, -2.04832, -2.27137, 0.21696, 8.94903, -12.71718, 0.09232, -2.04832, -14.83774, 0.21696, 9.89567, -11.28080, 0.03523
39.79099, -1.98863, -2.36248, 0.21767, 8.94910, -13.65913, 0.10551, -1.98863, -14.92885, 0.21767, 9.72709, -11.59682, 0.04596
39.79766, -1.93208, -2.45044, 0.21846, 8.47805, -13.18816, 0.11870, -1.93208, -15.01681, 0.21846, 9.54863, -11.89608, 0.05726
39.80433, -1.87553, -2.54469, 0.21934, 8.47798, -14.13011, 0.13189, -1.87553, -15.11106, 0.21934, 9.38876, -12.21052, 0.06819
39.81100, -1.82212, -2.63580, 0.22022, 8.00708, -13.65913, 0.13189, -1.82212, -15.20217, 0.22022, 9.19111, -12.50898, 0.07892
39.81767, -1.76872, -2.73319, 0.22119, 8.00715, -14.60108, 0.14508, -1.76872, -15.29956, 0.22119, 9.02167, -12.79948, 0.08956
39.82434, -1.71845, -2.82743, 0.22215, 7.53596, -14.13011, 0.14507, -1.71845, -15.39381, 0.22215, 8.81922, -13.06244, 0.09950
39.83102, -1.66819, -2.92482, 0.22321, 7.53610, -14.60108, 0.15827, -1.66819, -15.49119, 0.22321, 8.62383, -13.33518, 0.10974
39.83769, -1.61792, -3.02221, 0.22426, 7.53603, -14.60108, 0.15827, -1.61792, -15.58858, 0.22426, 8.43196, -13.56572, 0.11882
39.84436, -1.57080, -3.11646, 0.22532, 7.06513, -14.60080, 0.15826, -1.57080, -15.68283, 0.22532, 8.24185, -13.75163, 0.12665
39.85103, -1.52681, 3.06934, 0.22646, 6.59401, -14.13039, 0.17146, -1.52681, -15.78022, 0.22646, 8.02908, -13.93875, 0.13452
39.85770, -1.48283, 2.97194, 0.22752, 6.59401, -14.13039, 0.15827, -1.48283, -15.87761, 0.22752, 7.80498, -14.07941, 0.14110
39.86438, -1.43885, 2.87456, 0.22849, 6.59408, -14.60080, 0.14507, -1.43885, -15.97500, 0.22849, 7.59876, -14.22035, 0.14570
39.87105, -1.39801, 2.77717, 0.22954, 6.12303, -14.60108, 0.15827, -1.39801, -16.07239, 0.22954, 7.37793, -14.31437, 0.14932
39.87772, -1.35717, 2.68292, 0.23051, 6.12303, -14.13011, 0.14508, -1.35717, -16.16664, 0.23051, 7.17335, -14.38492, 0.15179
39.88439, -1.31947, 2.59181, 0.23139, 5.65206, -14.13011, 0.13189, -1.31947, -16.25774, 0.23139, 6.95334, -14.37311, 0.15237
39.89106, -1.28177, 2.49757, 0.23227, 5.65206, -13.65913, 0.13189, -1.28177, -16.35199, 0.23227, 6.74916, -14.36721, 0.15200
39.89774, -1.24407, 2.40646, 0.23306, 5.65199, -13.65913, 0.11870, -1.24407, -16.44310, 0.23306, 6.55290, -14.31717, 0.14983
39.90441, -1.20951, 2.31849, 0.23377, 5.18108, -13.18816, 0.10551, -1.20951, -16.53106, 0.23377, 6.33706, -14.22153, 0.14612
39.91108, -1.17810, 2.23053, 0.23438, 4.71004, -13.18816, 0.09232, -1.17810, -16.61903, 0.23438, 6.11141, -14.12663, 0.14096
39.91775, -1.14354, 2.14571, 0.23500, 5.18108, -12.71690, 0.09232, -1.14354, -16.70385, 0.23500, 5.92797, -13.98499, 0.13443
39.92442, -1.11527, 2.06403, 0.23544, 4.23899, -12.24592, 0.06595, -1.11527, -16.78553, 0.23544, 5.71853, -13.79644, 0.12655
39.93110, -1.08385, 1.98234, 0.23579, 4.71004, -12.24649, 0.05275, -1.08385, -16.86721, 0.23579, 5.51964, -13.58448, 0.11799
39.93777, -1.05558, 1.90380, 0.23614, 4.23906, -11.77495, 0.05276, -1.05558, -16.94575, 0.23614, 5.32602, -13.33723, 0.10844
39.94444, -1.03044, 1.82841, 0.23640, 3.76801, -11.30369, 0.03956, -1.03044, -17.02115, 0.23640, 5.11150, -13.07233, 0.09839
39.95111, -1.00531, 1.75301, 0.23658, 3.76801, -11.30454, 0.02638, -1.00531, -17.09655, 0.23658, 4.91006, -12.82218, 0.08809
39.95778, -0.98018, 1.68075, 0.23676, 3.76801, -10.83300, 0.02638, -0.98018, -17.16881, 0.23676, 4.71517, -12.53230, 0.07767
39.96445, -0.95819, 1.61164, 0.23676, 3.29704, -10.36202, 0.00000, -0.95819, -17.23792, 0.23676, 4.50001, -12.22256, 0.06652
39.97113, -0.93619, 1.54566, 0.23676, 3.29704, -9.89105, 0.00000, -0.93619, -17.30389, 0.23676, 4.29826, -11.90288, 0.05567
39.97780, -0.91735, 1.47969, 0.23676, 2.82599, -9.89133, 0.00000, -0.91735, -17.36987, 0.23676, 4.10321, -11.57825, 0.04564
39.98447, -0.89850, 1.41686, 0.23667, 2.82599, -9.41979, -0.01319, -0.89850, -17.43270, 0.23667, 3.88796, -11.25113, 0.03534
39.99114, -0.87965, 1.35403, 0.23658, 2.82606, -9.42007, -0.01319, -0.87965, -17.49553, 0.23658, 3.70972, -10.94631, 0.02624
39.99781, -0.86394, 1.29434, 0.23640, 2.35495, -8.94910, -0.02638, -0.86394, -17.55522, 0.23640, 3.50287, -10.62909, 0.01774
40.00449, -0.84823, 1.23779, 0.23623, 2.35513, -8.47812, -0.02637, -0.84823, -17.61177, 0.23623, 3.30528, -10.30568, 0.00953
40.01116, -0.83252, 1.18438, 0.23605, 2.35498, -8.00715, -0.02638, -0.83252, -17.66518, 0.23605, 3.13586, -9.97920, 0.00213
40.01783, -0.81996, 1.13097, 0.23588, 1.88401, -8.00686, -0.02638, -0.81996, -17.71858, 0.23588, 2.95697, -9.65113, -0.00421
40.02451, -0.80739, 1.08071, 0.23561, 1.88397, -7.53617, -0.03957, -0.80739, -17.76885, 0.23561, 2.77336, -9.32230, -0.01068
40.03118, -0.79796, 1.03044, 0.23535, 1.41307, -7.53617, -0.03956, -0.79796, -17.81912, 0.23535, 2.58738, -9.01663, -0.01589
40.03785, -0.78540, 0.98332, 0.23517, 1.88401, -7.06491, -0.02638, -0.78540, -17.86624, 0.23517, 2.42376, -8.72254, -0.01981
40.04452, -0.77597, 0.93934, 0.23491, 1.41300, -6.59394, -0.03957, -0.77597, -17.91022, 0.23491, 2.27132, -8.41067, -0.02375
40.05119, -0.76969, 0.89535, 0.23465, 0.94202, -6.59422, -0.03956, -0.76969, -17.95420, 0.23465, 2.10093, -8.11350, -0.02704
40.05787, -0.76027, 0.85451, 0.23447, 1.41296, -6.12296, -0.02638, -0.76027, -17.99504, 0.23447, 1.94510, -7.80011, -0.02934
40.06454, -0.75398, 0.81367, 0.23421, 0.94202, -6.12296, -0.03957, -0.75398, -18.03588, 0.23421, 1.79656, -7.50215, -0.03115
40.07121, -0.74770, 0.77597, 0.23394, 0.94202, -5.65199, -0.03956, -0.74770, -18.07358, 0.23394, 1.65166, -7.21190, -0.03272
40.07788, -0.74456, 0.73827, 0.23377, 0.47101, -5.65227, -0.02638, -0.74456, -18.11128, 0.23377, 1.48504, -6.94907, -0.03350
40.08455, -0.74142, 0.70372, 0.23350, 0.47101, -5.18101, -0.03957, -0.74142, -18.14584, 0.23350, 1.33110, -6.67641, -0.03455
40.09122, -0.73827, 0.66916, 0.23333, 0.47097, -5.18101, -0.02638, -0.73827, -18.18040, 0.23333, 1.18350, -6.42235, -0.03441
40.09790, -0.73513, 0.63460, 0.23306, 0.47101, -5.18073, -0.03956, -0.73513, -18.21495, 0.23306, 1.06261, -6.17759, -0.03435
40.10457, -0.73513, 0.60318, 0.23280, 0.00000, -4.71032, -0.03957, -0.73513, -18.24637, 0.23280, 0.90799, -5.93751, -0.03497
40.11124, -0.73513, 0.57491, 0.23262, 0.00000, -4.23906, -0.02638, -0.73513, -18.27465, 0.23262, 0.76006, -5.69976, -0.03463
40.11791, -0.73513, 0.54664, 0.23245, 0.00000, -4.23906, -0.02638, -0.73513, -18.30292, 0.23245, 0.63900, -5.46317, -0.03380
40.12458, -0.73827, 0.51836, 0.23218, -0.47101, -4.23906, -0.03956, -0.73827, -18.33120, 0.23218, 0.48430, -5.25070, -0.03404
40.13126, -0.74142, 0.49009, 0.23201, -0.47097, -4.23906, -0.02638, -0.74142, -18.35947, 0.23201, 0.33633, -5.05030, -0.03350
40.13793, -0.74456, 0.46495, 0.23183, -0.47101, -3.76809, -0.02638, -0.74456, -18.38460, 0.23183, 0.19171, -4.85594, -0.03257
40.14460, -0.75084, 0.43982, 0.23165, -0.94199, -3.76780, -0.02638, -0.75084, -18.40973, 0.23165, 0.04877, -4.66456, -0.03211
40.15127, -0.75398, 0.41783, 0.23148, -0.47105, -3.29711, -0.02637, -0.75398, -18.43173, 0.23148, -0.06979, -4.47470, -0.03122
40.15794, -0.76027, 0.39584, 0.23130, -0.94202, -3.29711, -0.02638, -0.76027, -18.45372, 0.23130, -0.19970, -4.28561, -0.03077
40.16462, -0.76969, 0.37385, 0.23113, -1.41296, -3.29711, -0.02638, -0.76969, -18.47571, 0.23113, -0.35882, -4.09691, -0.02989
40.17129, -0.77597, 0.35186, 0.23104, -0.94202, -3.29682, -0.01319, -0.77597, -18.49770, 0.23104, -0.48547, -3.93190, -0.02813
40.17796, -0.78540, 0.33301, 0.23086, -1.41300, -2.82585, -0.02638, -0.78540, -18.51655, 0.23086, -0.61942, -3.77876, -0.02725
40.18463, -0.79482, 0.31416, 0.23077, -1.41303, -2.82614, -0.01318, -0.79482, -18.53540, 0.23077, -0.75703, -3.63157, -0.02615
40.19130, -0.80739, 0.29531, 0.23069, -1.88404, -2.82614, -0.01319, -0.80739, -18.55425, 0.23069, -0.89646, -3.48734, -0.02428
40.19798, -0.81996, 0.27646, 0.23060, -1.88397, -2.82585, -0.01319, -0.81996, -18.57310, 0.23060, -1.03681, -3.34459, -0.02269
40.20465, -0.83252, 0.26075, 0.23051, -1.88401, -2.35516, -0.01319, -0.83252, -18.58881, 0.23051, -1.17761, -3.20259, -0.02123
40.21132, -0.84509, 0.24504, 0.23042, -1.88404, -2.35487, -0.01319, -0.84509, -18.60451, 0.23042, -1.29510, -3.06097, -0.01985
40.21799, -0.86080, 0.22933, 0.23033, -2.35495, -2.35516, -0.01319, -0.86080, -18.62022, 0.23033, -1.44801, -2.94307, -0.01849
40.22466, -0.87650, 0.21363, 0.23025, -2.35509, -2.35487, -0.01319, -0.87650, -18.63593, 0.23025, -1.59510, -2.83702, -0.01716
40.23133, -0.89535, 0.19792, 0.23025, -2.82599, -2.35516, 0.00000, -0.89535, -18.65164, 0.23025, -1.73928, -2.73692, -0.01517
40.23801, -0.91420, 0.18535, 0.23016, -2.82599, -1.88390, -0.01319, -0.91420, -18.66420, 0.23016, -1.90553, -2.61624, -0.01418
40.24468, -0.93305, 0.16965, 0.23016, -2.82606, -2.35487, 0.00000, -0.93305, -18.67991, 0.23016, -2.05929, -2.53236, -0.01236
40.25135, -0.95190, 0.15708, 0.23007, -2.82599, -1.88419, -0.01319, -0.95190, -18.69248, 0.23007, -2.20680, -2.44334, -0.01146
40.25802, -0.97389, 0.14451, 0.23007, -3.29704, -1.88419, 0.00000, -0.97389, -18.70505, 0.23007, -2.35118, -2.35174, -0.01034
40.26469, -0.99589, 0.13195, 0.23007, -3.29704, -1.88390, 0.00000, -0.99589, -18.71761, 0.23007, -2.49401, -2.25886, -0.00913
40.27137, -1.02102, 0.11938, 0.23007, -3.76801, -1.88390, 0.00000, -1.02102, -18.73018, 0.23007, -2.65959, -2.18886, -0.00786
40.27804, -1.04301, 0.10681, 0.23007, -3.76801, -1.88419, 0.00000, -1.04301, -18.74274, 0.23007, -2.81301, -2.13034, -0.00657
40.28471, -1.07128, 0.09424, 0.23016, -3.76801, -1.88419, 0.01319, -1.07128, -18.75531, 0.23016, -2.98390, -2.07753, -0.00460
40.29139, -1.09642, 0.08482, 0.23016, -3.76801, -1.41264, 0.00000, -1.09642, -18.76473, 0.23016, -3.13996, -2.00403, -0.00296
40.29806, -1.12469, 0.07225, 0.23016, -4.71011, -1.88419, 0.00000, -1.12469, -18.77730, 0.23016, -3.28863, -1.94374, -0.00214
40.30473, -1.15611, 0.06283, 0.23016, -4.23899, -1.41293, 0.00000, -1.15611, -18.78673, 0.23016, -3.45713, -1.89005, -0.00107
40.31140, -1.18752, 0.05027, 0.23016, -4.71004, -1.88390, 0.00000, -1.18752, -18.79929, 0.23016, -3.63556, -1.83967, -0.00053
40.31807, -1.21894, 0.04084, 0.23016, -4.71004, -1.41321, 0.00000, -1.21894, -18.80872, 0.23016, -3.81894, -1.79093, 0.00039
40.32475, -1.25350, 0.02828, 0.23016, -5.18101, -1.88361, 0.00000, -1.25350, -18.82128, 0.23016, -4.00481, -1.76654, 0.00086
40.33142, -1.28805, 0.01885, 0.23016, -5.18108, -1.41350, 0.00000, -1.28805, -18.83071, 0.23016, -4.19191, -1.73083, 0.00109
40.33809, -1.32261, 0.00942, 0.23016, -5.18101, -1.41293, 0.00000, -1.32261, -18.84013, 0.23016, -4.35609, -1.68943, 0.00120
40.34476, -1.36031, -0.00314, 0.23016, -5.65206, -1.88390, 0.00000, -1.36031, -18.85270, 0.23016, -4.55590, -1.66872, 0.00126
40.35143, -1.39801, -0.01257, 0.23025, -5.65206, -1.41321, 0.01319, -1.39801, -18.86213, 0.23025, -4.72644, -1.63482, 0.00129
40.35810, -1.43885, -0.02199, 0.23025, -6.12303, -1.41264, 0.00000, -1.43885, -18.87155, 0.23025, -4.92942, -1.61787, 0.00130
40.36478, -1.47969, -0.03456, 0.23033, -6.12303, -1.88419, 0.01319, -1.47969, -18.88412, 0.23033, -5.12508, -1.60940, 0.00197
40.37145, -1.52367, -0.04398, 0.23042, -6.59408, -1.41293, 0.01319, -1.52367, -18.89354, 0.23042, -5.31709, -1.60516, 0.00296
40.37812, -1.56765, -0.05341, 0.23042, -6.59401, -1.41321, 0.00000, -1.56765, -18.90297, 0.23042, -5.50726, -1.57951, 0.00346
40.38479, -1.61164, -0.06597, 0.23051, -6.59401, -1.88390, 0.01319, -1.61164, -18.91553, 0.23051, -5.69652, -1.59022, 0.00437
40.39146, -1.65876, -0.07540, 0.23060, -7.06513, -1.41321, 0.01319, -1.65876, -18.92496, 0.23060, -5.88532, -1.57206, 0.00548
40.39814, -1.70589, -0.08482, 0.23077, -7.06505, -1.41293, 0.02638, -1.70589, -18.93438, 0.23077, -6.07389, -1.56295, 0.00736
40.40481, -1.75615, -0.09739, 0.23086, -7.53603, -1.88419, 0.01318, -1.75615, -18.94695, 0.23086, -6.28590, -1.58195, 0.00895
40.41148, -1.80642, -0.10681, 0.23104, -7.53603, -1.41264, 0.02638, -1.80642, -18.95637, 0.23104, -6.48607, -1.56789, 0.01107
40.41815, -1.85982, -0.11938, 0.23121, -8.00708, -1.88419, 0.02638, -1.85982, -18.96894, 0.23121, -6.70387, -1.58441, 0.01279
40.42482, -1.91323, -0.12881, 0.23130, -8.00708, -1.41293, 0.01319, -1.91323, -18.97836, 0.23130, -6.90694, -1.59268, 0.01430
40.43150, -1.96664, -0.14137, 0.23157, -8.00708, -1.88419, 0.03957, -1.96664, -18.99093, 0.23157, -7.10266, -1.59681, 0.01638
40.43817, -2.02319, -0.15080, 0.23174, -8.47805, -1.41293, 0.02637, -2.02319, -19.00035, 0.23174, -7.29468, -1.59888, 0.01808
40.44484, -2.07973, -0.16337, 0.23201, -8.94903, -1.88419, 0.03957, -2.07973, -19.01292, 0.23201, -7.48487, -1.62346, 0.02091
40.45151, -2.13943, -0.17593, 0.23218, -8.47812, -1.88390, 0.02638, -2.13943, -19.02549, 0.23218, -7.69768, -1.63574, 0.02298
40.45818, -2.19912, -0.18850, 0.23245, -8.94903, -1.88390, 0.03956, -2.19912, -19.03805, 0.23245, -7.89825, -1.66542, 0.02533
40.46486, -2.25881, -0.20106, 0.23271, -8.94910, -1.88390, 0.03957, -2.25881, -19.05062, 0.23271, -8.09271, -1.70379, 0.02717
40.47153, -2.32164, -0.21363, 0.23297, -9.42007, -1.88390, 0.03957, -2.32164, -19.06318, 0.23297, -8.28412, -1.72297, 0.02941
40.47820, -2.38447, -0.22620, 0.23333, -9.42007, -1.88419, 0.05275, -2.38447, -19.07575, 0.23333, -8.47400, -1.75613, 0.03184
40.48487, -2.44730, -0.23876, 0.23368, -9.42000, -1.88419, 0.05276, -2.44730, -19.08832, 0.23368, -8.63956, -1.77270, 0.03438
40.49154, -2.51327, -0.25447, 0.23394, -9.89105, -2.35487, 0.03957, -2.51327, -19.10403, 0.23394, -8.81651, -1.82808, 0.03697
40.49821, -2.57925, -0.26704, 0.23429, -9.89105, -1.88419, 0.05275, -2.57925, -19.11659, 0.23429, -8.99916, -1.85576, 0.03892
40.50489, -2.64522, -0.28274, 0.23465, -9.89112, -2.35487, 0.05276, -2.64522, -19.13230, 0.23465, -9.16111, -1.91669, 0.04122
40.51156, -2.71120, -0.29845, 0.23500, -9.89119, -2.35516, 0.05275, -2.71120, -19.14801, 0.23500, -9.31273, -1.97069, 0.04302
40.51823, -2.77717, -0.31416, 0.23535, -10.36202, -2.35487, 0.05276, -2.77717, -19.16372, 0.23535, -9.43561, -2.02124, 0.04524
40.52490, -2.84628, -0.33301, 0.23570, -9.89112, -2.82614, 0.05275, -2.84628, -19.18257, 0.23570, -9.56769, -2.09361, 0.04701
40.53157, -2.91540, -0.34872, 0.23596, -10.36202, -2.35516, 0.03957, -2.91540, -19.19828, 0.23596, -9.70436, -2.15335, 0.04790
40.53825, -2.98137, -0.36757, 0.23632, -10.36209, -2.82585, 0.05276, -2.98137, -19.21712, 0.23632, -9.79623, -2.23030, 0.04900
40.54492, -3.05049, -0.38642, 0.23658, -9.89097, -2.82585, 0.03956, -3.05049, -19.23597, 0.23658, -9.88925, -2.31585, 0.04889
40.55159, -3.11960, -0.40527, 0.23684, -10.36216, -3.29711, 0.03957, -3.11960, -19.25482, 0.23684, -9.98285, -2.40571, 0.04818
40.55827, 3.09447, -0.42726, 0.23711, -10.36202, -2.82614, 0.03957, -3.18872, -19.27682, 0.23711, -10.05320, -2.49773, 0.04782
40.56494, 3.02535, -0.44925, 0.23728, -10.36202, -3.29682, 0.02637, -3.25783, -19.29881, 0.23728, -10.11191, -2.61436, 0.04633
40.57161, 2.95938, -0.47438, 0.23755, -9.89112, -3.76809, 0.03957, -3.32381, -19.32394, 0.23755, -10.14127, -2.74331, 0.04492
40.57828, 2.89026, -0.49637, 0.23764, -10.36216, -3.29711, 0.01319, -3.39292, -19.34593, 0.23764, -10.17949, -2.85487, 0.04224
40.58495, 2.82429, -0.52465, 0.23772, -9.89105, -4.23906, 0.01319, -3.45889, -19.37420, 0.23772, -10.19860, -3.00483, 0.03892
40.59163, 2.75832, -0.54978, 0.23781, -9.89112, -3.76780, 0.01319, -3.52487, -19.39934, 0.23781, -10.18461, -3.12688, 0.03528
40.59830, 2.69234, -0.57805, 0.23781, -9.89097, -4.23906, 0.00000, -3.59084, -19.42761, 0.23781, -10.15407, -3.28207, 0.03148
40.60497, 2.62637, -0.60633, 0.23781, -9.89112, -4.23877, 0.00000, -3.65681, -19.45588, 0.23781, -10.13881, -3.43029, 0.02695
40.61164, 2.56354, -0.63775, 0.23781, -9.42014, -4.71032, 0.00000, -3.71965, -19.48730, 0.23781, -10.08410, -3.59859, 0.02270
40.61831, 2.50071, -0.66916, 0.23772, -9.41993, -4.71004, -0.01319, -3.78248, -19.51872, 0.23772, -10.00964, -3.77691, 0.01794
40.62498, 2.43788, -0.70372, 0.23764, -9.42014, -5.18130, -0.01319, -3.84531, -19.55328, 0.23764, -9.92533, -3.96025, 0.01293
40.63166, 2.37504, -0.73828, 0.23746, -9.42000, -5.18073, -0.02638, -3.90814, -19.58783, 0.23746, -9.83609, -4.14609, 0.00778
40.63833, 2.31535, -0.77598, 0.23728, -8.94910, -5.65227, -0.02638, -3.96783, -19.62553, 0.23728, -9.74439, -4.33319, 0.00191
40.64500, 2.25566, -0.81367, 0.23702, -8.94910, -5.65170, -0.03956, -4.02752, -19.66323, 0.23702, -9.62790, -4.54444, -0.00366
40.65167, 2.19911, -0.85452, 0.23676, -8.47812, -6.12353, -0.03957, -4.08407, -19.70407, 0.23676, -9.49903, -4.74425, -0.00908
40.65834, 2.13942, -0.89536, 0.23649, -8.94895, -6.12296, -0.03957, -4.14376, -19.74491, 0.23649, -9.38750, -4.96188, -0.01443
40.66502, 2.08602, -0.93934, 0.23614, -8.00708, -6.59422, -0.05275, -4.19717, -19.78890, 0.23614, -9.23757, -5.18842, -0.01974
40.67169, 2.02947, -0.98332, 0.23579, -8.47798, -6.59365, -0.05276, -4.25372, -19.83288, 0.23579, -9.09197, -5.41940, -0.02503
40.67836, 1.97606, -1.03045, 0.23544, -8.00722, -7.06520, -0.05275, -4.30712, -19.88000, 0.23544, -8.94855, -5.65260, -0.03032
40.68503, 1.92580, -1.08071, 0.23509, -7.53596, -7.53617, -0.05276, -4.35739, -19.93027, 0.23509, -8.78267, -5.91046, -0.03494
40.69170, 1.87553, -1.13098, 0.23473, -7.53603, -7.53589, -0.05275, -4.40765, -19.98053, 0.23473, -8.60555, -6.15709, -0.03922
40.69838, 1.82527, -1.18438, 0.23438, -7.53610, -8.00715, -0.05276, -4.45792, -20.03394, 0.23438, -8.42282, -6.42168, -0.04268
40.70505, 1.77814, -1.23779, 0.23403, -7.06505, -8.00715, -0.05276, -4.50504, -20.08735, 0.23403, -8.23728, -6.67168, -0.04573
40.71172, 1.73102, -1.29434, 0.23368, -7.06505, -8.47812, -0.05275, -4.55217, -20.14390, 0.23368, -8.05034, -6.93796, -0.04792
40.71839, 1.68389, -1.35403, 0.23333, -7.06505, -8.94881, -0.05276, -4.59929, -20.20358, 0.23333, -7.88623, -7.21232, -0.04967
40.72506, 1.64305, -1.41372, 0.23297, -6.59401, -8.94910, -0.05275, -4.64013, -20.26328, 0.23297, -7.66293, -7.49077, -0.05120
40.73174, 1.59907, -1.47655, 0.23262, -6.12303, -9.42036, -0.05276, -4.68411, -20.32611, 0.23262, -7.48064, -7.77126, -0.05197
40.73841, 1.55823, -1.54252, 0.23236, -6.12310, -9.89076, -0.03956, -4.72496, -20.39208, 0.23236, -7.27179, -8.07631, -0.05170
40.74508, 1.51739, -1.60850, 0.23201, -6.12303, -9.89076, -0.05276, -4.76580, -20.45805, 0.23201, -7.07319, -8.37007, -0.05156
40.75175, 1.47969, -1.67761, 0.23174, -5.65213, -10.36231, -0.03957, -4.80350, -20.52717, 0.23174, -6.87972, -8.65821, -0.05083
40.75842, 1.44199, -1.74987, 0.23157, -5.65199, -10.83300, -0.02637, -4.84120, -20.59942, 0.23157, -6.68881, -8.96709, -0.04915
40.76509, 1.40743, -1.82212, 0.23139, -5.18094, -10.83300, -0.02638, -4.87575, -20.67168, 0.23139, -6.47564, -9.26278, -0.04699
40.77177, 1.37288, -1.89752, 0.23121, -5.18115, -11.30426, -0.02638, -4.91031, -20.74708, 0.23121, -6.27488, -9.57543, -0.04459
40.77844, 1.34146, -1.97606, 0.23113, -4.71004, -11.77523, -0.01319, -4.94173, -20.82562, 0.23113, -6.05679, -9.89656, -0.04141
40.78511, 1.31004, -2.05775, 0.23113, -5.18101, -12.24592, 0.00000, -4.97314, -20.90730, 0.23113, -5.83003, -10.22194, -0.03719
40.79178, 1.27863, -2.13943, 0.23113, -4.23892, -12.24621, 0.00000, -5.00456, -20.98898, 0.23113, -5.64601, -10.54943, -0.03244
40.79845, 1.25035, -2.22111, 0.23121, -4.23920, -12.24592, 0.01319, -5.03283, -21.07066, 0.23121, -5.43630, -10.85441, -0.02677
40.80513, 1.22208, -2.30593, 0.23130, -4.23892, -12.71718, 0.01319, -5.06111, -21.15549, 0.23130, -5.23726, -11.14818, -0.02129
40.81180, 1.19695, -2.39389, 0.23148, -3.76794, -13.18787, 0.02638, -5.08624, -21.24345, 0.23148, -5.02002, -11.45987, -0.01460
40.81847, 1.17181, -2.48186, 0.23165, -3.76809, -13.18844, 0.02637, -5.11137, -21.33142, 0.23165, -4.81722, -11.75698, -0.00796
40.82515, 1.14668, -2.57297, 0.23192, -3.76809, -13.18787, 0.03957, -5.13650, -21.42252, 0.23192, -4.62166, -12.04678, -0.00134
40.83182, 1.12469, -2.66407, 0.23218, -3.29711, -13.65913, 0.03957, -5.15850, -21.51363, 0.23218, -4.42972, -12.33295, 0.00526
40.83849, 1.10584, -2.75832, 0.23245, -2.82599, -14.13011, 0.03956, -5.17735, -21.60788, 0.23245, -4.21602, -12.61728, 0.01186
40.84516, 1.08699, -2.84943, 0.23271, -2.82599, -14.13039, 0.03957, -5.19619, -21.69898, 0.23271, -4.01500, -12.85362, 0.01780
40.85183, 1.06814, -2.94367, 0.23306, -2.82599, -13.65885, 0.05276, -5.21504, -21.79323, 0.23306, -3.82032, -13.06597, 0.02340
40.85851, 1.04929, -3.03792, 0.23333, -2.82599, -14.13039, 0.03956, -5.23389, -21.88748, 0.23333, -3.62881, -13.26632, 0.02818
40.86518, 1.03358, -3.13531, 0.23368, -2.35502, -14.12982, 0.05276, -5.24960, -21.98487, 0.23368, -3.43887, -13.48421, 0.03255
40.87185, 1.02102, 3.05362, 0.23394, -1.88404, -14.13039, 0.03957, -5.26217, -22.07912, 0.23394, -3.22620, -13.66379, 0.03605
40.87852, 1.00531, 2.95938, 0.23421, -2.35502, -14.12982, 0.03956, -5.27788, -22.17336, 0.23421, -3.04924, -13.80066, 0.03846
40.88519, 0.99274, 2.86513, 0.23447, -1.88404, -14.13039, 0.03957, -5.29044, -22.26761, 0.23447, -2.86658, -13.91619, 0.04033
40.89186, 0.98332, 2.77402, 0.23473, -1.41293, -13.65885, 0.03957, -5.29987, -22.35872, 0.23473, -2.65753, -13.97395, 0.04126
40.89854, 0.97075, 2.68292, 0.23491, -1.88404, -14.13039, 0.02637, -5.31243, -22.44982, 0.23491, -2.48237, -14.00281, 0.04107
40.90521, 0.96133, 2.59181, 0.23500, -1.41293, -13.18759, 0.01319, -5.32186, -22.54093, 0.23500, -2.32416, -13.99370, 0.03965
40.91188, 0.95504, 2.50071, 0.23509, -0.94224, -13.65942, 0.01319, -5.32814, -22.63204, 0.23509, -2.15090, -13.98916, 0.03763
40.91855, 0.94876, 2.41274, 0.23517, -0.94181, -13.18787, 0.01319, -5.33442, -22.72000, 0.23517, -1.97008, -13.93980, 0.03463
40.92522, 0.94248, 2.32792, 0.23509, -0.94209, -12.71747, -0.01319, -5.34071, -22.80482, 0.23509, -1.78551, -13.84449, 0.03050
40.93190, 0.93619, 2.24309, 0.23509, -0.94195, -12.71690, 0.00000, -5.34699, -22.88965, 0.23509, -1.62259, -13.70267, 0.02580
40.93857, 0.93305, 2.16141, 0.23500, -0.47097, -12.24621, -0.01319, -5.35013, -22.97133, 0.23500, -1.47050, -13.53757, 0.02081
40.94524, 0.92991, 2.07973, 0.23482, -0.47112, -12.24592, -0.02638, -5.35327, -23.05301, 0.23482, -1.30029, -13.36086, 0.01502
40.95191, 0.92677, 2.00119, 0.23465, -0.47097, -11.77523, -0.02637, -5.35642, -23.13155, 0.23465, -1.14455, -13.15478, 0.00883
40.95858, 0.92677, 1.92580, 0.23438, 0.00000, -11.30369, -0.03957, -5.35642, -23.20695, 0.23438, -0.99605, -12.93402, 0.00178
40.96526, 0.92677, 1.85039, 0.23412, 0.00000, -11.30454, -0.03957, -5.35642, -23.28235, 0.23412, -0.82763, -12.70596, -0.00504
40.97193, 0.92677, 1.77814, 0.23385, 0.00000, -10.83300, -0.03956, -5.35642, -23.35460, 0.23385, -0.67280, -12.45066, -0.01109
40.97860, 0.92991, 1.70902, 0.23350, 0.47097, -10.36202, -0.05276, -5.35327, -23.42372, 0.23350, -0.52474, -12.15820, -0.01741
40.98527, 0.93305, 1.63991, 0.23324, 0.47112, -9.89133, -0.03957, -5.35013, -23.49283, 0.23324, -0.38008, -11.87071, -0.02321
40.99194, 0.93619, 1.57393, 0.23289, 0.47097, -9.89133, -0.05275, -5.34699, -23.55881, 0.23289, -0.23713, -11.58570, -0.02809
40.99862, 0.94248, 1.51110, 0.23245, 0.94195, -9.41979, -0.06595, -5.34071, -23.62164, 0.23245, -0.07148, -11.27839, -0.03382
41.00529, 0.94876, 1.44827, 0.23209, 0.94209, -9.42007, -0.05275, -5.33442, -23.68447, 0.23209, 0.08198, -10.98348, -0.03867
41.01196, 0.95504, 1.38858, 0.23174, 0.94181, -8.94938, -0.05276, -5.32814, -23.74416, 0.23174, 0.22933, -10.67124, -0.04241
41.01863, 0.96447, 1.33203, 0.23130, 1.41307, -8.47784, -0.06594, -5.31872, -23.80071, 0.23130, 0.39718, -10.35030, -0.04625
41.02530, 0.97389, 1.27862, 0.23095, 1.41307, -8.00715, -0.05276, -5.30929, -23.85412, 0.23095, 0.55174, -10.02505, -0.04884
41.03197, 0.98332, 1.22522, 0.23051, 1.41307, -8.00715, -0.06594, -5.29987, -23.90752, 0.23051, 0.69965, -9.69761, -0.05145
41.03865, 0.99588, 1.17495, 0.23016, 1.88390, -7.53560, -0.05276, -5.28730, -23.95779, 0.23016, 0.86777, -9.36907, -0.05341
41.04532, 1.00845, 1.12469, 0.22981, 1.88404, -7.53617, -0.05275, -5.27473, -24.00805, 0.22981, 1.02246, -9.06355, -0.05439
41.05199, 1.02416, 1.08070, 0.22945, 2.35502, -6.59422, -0.05276, -5.25903, -24.05204, 0.22945, 1.19398, -8.72245, -0.05554
41.05866, 1.03987, 1.03358, 0.22919, 2.35502, -7.06520, -0.03956, -5.24332, -24.09916, 0.22919, 1.37391, -8.41064, -0.05546
41.06533, 1.05557, 0.99274, 0.22884, 2.35502, -6.12325, -0.05276, -5.22761, -24.14000, 0.22884, 1.53450, -8.08996, -0.05476
