18.37205, -0.16650, 0.10053, -0.00018, -17.89813, 27.78920, 0.07913, -0.17042, 0.09489, -0.00018, 1.15521, 1.70913, -0.00012
18.37247, -0.16650, 0.10053, -0.00018, 0.00000, 0.00000, 0.00000, -0.17049, 0.09499, -0.00017, 1.17867, 1.67648, -0.00031
18.37914, -0.16336, 0.11310, -0.00018, 0.47100, 1.88401, 0.00000, -0.16747, 0.10768, -0.00017, 1.21518, 1.64391, -0.00049
18.38581, -0.15708, 0.12252, -0.00018, 0.94201, 1.41301, 0.00000, -0.16130, 0.11723, -0.00017, 1.24788, 1.60699, -0.00063
18.39248, -0.15080, 0.13195, -0.00018, 0.94201, 1.41301, 0.00000, -0.15511, 0.12679, -0.00017, 1.27936, 1.56676, -0.00073
18.39915, -0.14451, 0.14137, -0.00018, 0.94201, 1.41301, 0.00000, -0.14893, 0.13637, -0.00017, 1.30970, 1.52321, -0.00077
18.40582, -0.14137, 0.15080, -0.00018, 0.47100, 1.41301, 0.00000, -0.14589, 0.14596, -0.00017, 1.33890, 1.47635, -0.00076
18.41249, -0.13509, 0.16022, -0.00018, 0.94201, 1.41301, 0.00000, -0.13970, 0.15555, -0.00017, 1.36766, 1.42622, -0.00071
18.41916, -0.12881, 0.16965, -0.00018, 0.94201, 1.41301, 0.00000, -0.13350, 0.16516, -0.00017, 1.39535, 1.37278, -0.00062
18.42583, -0.12252, 0.17593, -0.00018, 0.94201, 0.94201, 0.00000, -0.12729, 0.17164, -0.00017, 1.41877, 1.31601, -0.00048
18.43250, -0.11624, 0.18535, -0.00018, 0.94201, 1.41301, 0.00000, -0.12109, 0.18127, -0.00018, 1.44439, 1.25703, -0.00029
18.43917, -0.10996, 0.19164, -0.00009, 0.94201, 0.94201, 0.01319, -0.11488, 0.18776, -0.00009, 1.46574, 1.19473, -0.00006
18.44584, -0.10367, 0.19792, -0.00009, 0.94201, 0.94201, 0.00000, -0.10866, 0.19426, -0.00009, 1.48605, 1.13021, 0.00021
18.45251, -0.09425, 0.20420, -0.00009, 1.41301, 0.94201, 0.00000, -0.09930, 0.20077, -0.00009, 1.50545, 1.06345, 0.00052
18.45918, -0.08796, 0.21049, -0.00009, 0.94201, 0.94201, 0.00000, -0.09307, 0.20729, -0.00009, 1.52320, 0.99442, 0.00088
18.46585, -0.08168, 0.21677, -0.00009, 0.94201, 0.94201, 0.00000, -0.08684, 0.21381, -0.00009, 1.53999, 0.92317, 0.00127
18.47252, -0.07540, 0.22305, -0.00009, 0.94201, 0.94201, 0.00000, -0.08061, 0.22035, -0.00009, 1.55590, 0.84968, 0.00171
18.47919, -0.06597, 0.22619, -0.00009, 1.41301, 0.47100, 0.00000, -0.07122, 0.22374, -0.00010, 1.56770, 0.77397, 0.00218
18.48586, -0.05969, 0.22934, -0.00009, 0.94201, 0.47100, 0.00000, -0.06497, 0.22714, -0.00010, 1.57788, 0.69706, 0.00270
18.49253, -0.05341, 0.23248, -0.00009, 0.94201, 0.47100, 0.00000, -0.05872, 0.23055, -0.00010, 1.58724, 0.61900, 0.00324
18.49920, -0.04398, 0.23562, -0.00009, 1.41301, 0.47101, 0.00000, -0.04932, 0.23395, -0.00010, 1.59574, 0.53981, 0.00381
18.50587, -0.03770, 0.23876, 0.00000, 0.94201, 0.47100, 0.01319, -0.04305, 0.23736, -0.00002, 1.60271, 0.45942, 0.00442
18.51254, -0.03142, 0.24190, 0.00000, 0.94201, 0.47100, 0.00000, -0.03679, 0.24078, -0.00002, 1.60888, 0.37788, 0.00506
18.51921, -0.02199, 0.24190, 0.00000, 1.41301, 0.00000, 0.00000, -0.02737, 0.24106, -0.00002, 1.61102, 0.29520, 0.00573
18.52588, -0.01571, 0.24190, 0.00000, 0.94201, 0.00000, 0.00000, -0.02108, 0.24133, -0.00002, 1.61161, 0.21240, 0.00642
18.53255, -0.00628, 0.24190, 0.00000, 1.41301, 0.00000, 0.00000, -0.01166, 0.24161, -0.00003, 1.61147, 0.12953, 0.00714
18.53922, 0.00000, 0.24190, 0.00000, 0.94201, 0.00000, 0.00000, -0.00536, 0.24189, -0.00003, 1.60982, 0.04655, 0.00788
18.54589, 0.00628, 0.24190, 0.00009, 0.94201, 0.00000, 0.01319, 0.00093, 0.24216, 0.00006, 1.60739, -0.03648, 0.00865
18.55256, 0.01571, 0.24190, 0.00009, 1.41301, 0.00000, 0.00000, 0.01037, 0.24244, 0.00006, 1.60420, -0.11959, 0.00943
18.55923, 0.02199, 0.23876, 0.00009, 0.94201, -0.47100, 0.00000, 0.01668, 0.23957, 0.00005, 1.59631, -0.20282, 0.01024
18.56590, 0.03142, 0.23562, 0.00009, 1.41301, -0.47100, 0.00000, 0.02614, 0.23671, 0.00005, 1.58762, -0.28503, 0.01106
18.57257, 0.03770, 0.23248, 0.00009, 0.94201, -0.47101, 0.00000, 0.03246, 0.23383, 0.00005, 1.57751, -0.36628, 0.01190
18.57924, 0.04398, 0.22934, 0.00018, 0.94201, -0.47100, 0.01319, 0.03878, 0.23096, 0.00013, 1.56660, -0.44651, 0.01275
18.58591, 0.05341, 0.22619, 0.00018, 1.41301, -0.47100, 0.00000, 0.04824, 0.22808, 0.00013, 1.55492, -0.52574, 0.01361
18.59258, 0.05969, 0.21991, 0.00018, 0.94201, -0.94201, 0.00000, 0.05458, 0.22205, 0.00013, 1.53850, -0.60401, 0.01448
18.59925, 0.06597, 0.21677, 0.00026, 0.94201, -0.47100, 0.01319, 0.06092, 0.21916, 0.00021, 1.52457, -0.68018, 0.01536
18.60592, 0.07226, 0.21049, 0.00026, 0.94201, -0.94201, 0.00000, 0.06726, 0.21313, 0.00021, 1.50658, -0.75535, 0.01624
18.61259, 0.07854, 0.20420, 0.00026, 0.94201, -0.94201, 0.00000, 0.07361, 0.20708, 0.00021, 1.48784, -0.82842, 0.01713
18.61926, 0.08796, 0.19792, 0.00026, 1.41301, -0.94201, 0.00000, 0.08310, 0.20103, 0.00020, 1.46828, -0.89941, 0.01801
18.62593, 0.09425, 0.19164, 0.00035, 0.94201, -0.94201, 0.01319, 0.08946, 0.19498, 0.00029, 1.44722, -0.96837, 0.01890
18.63260, 0.10053, 0.18535, 0.00035, 0.94201, -0.94201, 0.00000, 0.09582, 0.18891, 0.00028, 1.42533, -1.03523, 0.01979
18.63927, 0.10681, 0.17907, 0.00044, 0.94201, -0.94201, 0.01319, 0.10218, 0.18284, 0.00037, 1.40259, -1.10001, 0.02068
18.64594, 0.11310, 0.16965, 0.00044, 0.94201, -1.41301, 0.00000, 0.10855, 0.17362, 0.00037, 1.37572, -1.16272, 0.02157
18.65261, 0.11938, 0.16336, 0.00044, 0.94201, -0.94201, 0.00000, 0.11492, 0.16753, 0.00036, 1.35127, -1.22225, 0.02245
18.65928, 0.12566, 0.15394, 0.00053, 0.94201, -1.41301, 0.01319, 0.12130, 0.15830, 0.00045, 1.32267, -1.27971, 0.02333
18.66595, 0.12881, 0.14451, 0.00053, 0.47100, -1.41301, 0.00000, 0.12454, 0.14905, 0.00045, 1.29320, -1.33401, 0.02420
18.67262, 0.13509, 0.13509, 0.00062, 0.94201, -1.41301, 0.01319, 0.13093, 0.13979, 0.00053, 1.26348, -1.38510, 0.02505
18.67929, 0.14137, 0.12566, 0.00062, 0.94201, -1.41301, 0.00000, 0.13731, 0.13052, 0.00053, 1.23285, -1.43304, 0.02588
18.68596, 0.14451, 0.11624, 0.00070, 0.47100, -1.41301, 0.01319, 0.14056, 0.12124, 0.00061, 1.20123, -1.47782, 0.02671
18.69263, 0.15080, 0.10681, 0.00070, 0.94201, -1.41301, 0.00000, 0.14695, 0.11195, 0.00061, 1.16936, -1.51939, 0.02752
18.69930, 0.15394, 0.09739, 0.00079, 0.47100, -1.41301, 0.01319, 0.15021, 0.10264, 0.00070, 1.13645, -1.55781, 0.02832
18.70597, 0.16022, 0.08796, 0.00079, 0.94201, -1.41301, 0.00000, 0.15660, 0.09333, 0.00069, 1.10324, -1.59303, 0.02909
18.71264, 0.16336, 0.07540, 0.00088, 0.47100, -1.88401, 0.01319, 0.15987, 0.08086, 0.00078, 1.06572, -1.62512, 0.02986
18.71931, 0.16650, 0.06597, 0.00088, 0.47100, -1.41301, 0.00000, 0.16313, 0.07153, 0.00078, 1.03112, -1.65291, 0.03059
18.72598, 0.16965, 0.05341, 0.00097, 0.47100, -1.88401, 0.01319, 0.16640, 0.05904, 0.00086, 0.99284, -1.67752, 0.03131
18.73265, 0.17279, 0.04398, 0.00097, 0.47100, -1.41301, 0.00000, 0.16966, 0.04967, 0.00086, 0.95742, -1.69784, 0.03199
18.73932, 0.17593, 0.03142, 0.00097, 0.47100, -1.88401, 0.00000, 0.17293, 0.03716, 0.00086, 0.91827, -1.71498, 0.03266
18.74599, 0.17907, 0.02199, 0.00106, 0.47100, -1.41301, 0.01319, 0.17619, 0.02777, 0.00094, 0.88193, -1.72783, 0.03329
18.75266, 0.18221, 0.00942, 0.00106, 0.47100, -1.88401, 0.00000, 0.17947, 0.01523, 0.00094, 0.84181, -1.73751, 0.03391
18.75933, 0.18535, 0.00000, 0.00114, 0.47100, -1.41301, 0.01319, 0.18274, 0.00582, 0.00103, 0.80445, -1.74291, 0.03449
18.76600, 0.18850, -0.01257, 0.00114, 0.47100, -1.88401, 0.00000, 0.18602, -0.00675, 0.00103, 0.76326, -1.74513, 0.03506
18.77267, 0.18850, -0.02199, 0.00123, 0.00000, -1.41301, 0.01319, 0.18615, -0.01619, 0.00111, 0.72477, -1.74307, 0.03559
18.77934, 0.19164, -0.03456, 0.00123, 0.47100, -1.88401, 0.00000, 0.18943, -0.02878, 0.00111, 0.68309, -1.73780, 0.03610
18.78601, 0.19164, -0.04398, 0.00132, 0.00000, -1.41301, 0.01319, 0.18956, -0.03824, 0.00120, 0.64405, -1.72825, 0.03657
18.79268, 0.19478, -0.05341, 0.00132, 0.47100, -1.41301, 0.00000, 0.19283, -0.04771, 0.00120, 0.60499, -1.71546, 0.03702
18.79935, 0.19478, -0.06597, 0.00132, 0.00000, -1.88401, 0.00000, 0.19297, -0.06034, 0.00119, 0.56200, -1.69951, 0.03744
18.80602, 0.19478, -0.07540, 0.00141, 0.00000, -1.41301, 0.01319, 0.19311, -0.06984, 0.00128, 0.52222, -1.67924, 0.03783
18.81269, 0.19478, -0.08482, 0.00141, 0.00000, -1.41301, 0.00000, 0.19324, -0.07935, 0.00128, 0.48244, -1.65574, 0.03819
18.81936, 0.19478, -0.09739, 0.00141, 0.00000, -1.88401, 0.00000, 0.19338, -0.09201, 0.00128, 0.43930, -1.62903, 0.03851
18.82603, 0.19478, -0.10681, 0.00150, 0.00000, -1.41301, 0.01319, 0.19352, -0.10154, 0.00137, 0.39935, -1.59801, 0.03880
18.83270, 0.19478, -0.11624, 0.00150, 0.00000, -1.41301, 0.00000, 0.19365, -0.11109, 0.00136, 0.35922, -1.56376, 0.03906
18.83937, 0.19478, -0.12566, 0.00158, 0.00000, -1.41301, 0.01319, 0.19378, -0.12064, 0.00145, 0.31896, -1.52629, 0.03929
18.84604, 0.19164, -0.13509, 0.00158, -0.47100, -1.41301, 0.00000, 0.19078, -0.13021, 0.00145, 0.27848, -1.48560, 0.03949
18.85271, 0.19164, -0.14137, 0.00158, 0.00000, -0.94201, 0.00000, 0.19090, -0.13664, 0.00145, 0.24179, -1.44164, 0.03964
18.85938, 0.18850, -0.15080, 0.00158, -0.47100, -1.41301, 0.00000, 0.18789, -0.14622, 0.00145, 0.20154, -1.39555, 0.03979
18.86605, 0.18850, -0.15708, 0.00167, 0.00000, -0.94201, 0.01319, 0.18801, -0.15268, 0.00154, 0.16503, -1.34618, 0.03988
18.87272, 0.18535, -0.16650, 0.00167, -0.47100, -1.41301, 0.00000, 0.18500, -0.16228, 0.00154, 0.12495, -1.29468, 0.03997
18.87939, 0.18535, -0.17279, 0.00167, 0.00000, -0.94201, 0.00000, 0.18512, -0.16875, 0.00154, 0.08855, -1.23992, 0.04001
18.88606, 0.18221, -0.17907, 0.00167, -0.47100, -0.94201, 0.00000, 0.18210, -0.17522, 0.00154, 0.05178, -1.18301, 0.04003
18.89273, 0.17907, -0.18535, 0.00167, -0.47100, -0.94201, 0.00000, 0.17908, -0.18171, 0.00154, 0.01538, -1.12393, 0.04002
18.89940, 0.17593, -0.19164, 0.00167, -0.47100, -0.94201, 0.00000, 0.17606, -0.18820, 0.00154, -0.02071, -1.06266, 0.03999
18.90607, 0.17279, -0.19792, 0.00167, -0.47100, -0.94201, 0.00000, 0.17304, -0.19470, 0.00154, -0.05648, -0.99921, 0.03992
18.91274, 0.16965, -0.20420, 0.00176, -0.47100, -0.94201, 0.01319, 0.17001, -0.20120, 0.00163, -0.09196, -0.93358, 0.03983
18.91941, 0.16650, -0.20735, 0.00176, -0.47100, -0.47100, 0.00000, 0.16697, -0.20457, 0.00163, -0.12389, -0.86576, 0.03970
18.92608, 0.16022, -0.21363, 0.00176, -0.94201, -0.94201, 0.00000, 0.16081, -0.21109, 0.00163, -0.15886, -0.79685, 0.03956
18.93275, 0.15708, -0.21677, 0.00176, -0.47100, -0.47100, 0.00000, 0.15777, -0.21447, 0.00163, -0.18963, -0.72571, 0.03937
18.93942, 0.15394, -0.21991, 0.00176, -0.47100, -0.47100, 0.00000, 0.15472, -0.21785, 0.00163, -0.22018, -0.65347, 0.03917
18.94609, 0.14765, -0.22305, 0.00176, -0.94201, -0.47101, 0.00000, 0.14854, -0.22124, 0.00163, -0.25053, -0.58013, 0.03895
18.95276, 0.14451, -0.22305, 0.00176, -0.47100, 0.00000, 0.00000, 0.14548, -0.22149, 0.00163, -0.27674, -0.50562, 0.03870
18.95943, 0.13823, -0.22619, 0.00176, -0.94201, -0.47100, 0.00000, 0.13930, -0.22488, 0.00163, -0.30604, -0.43111, 0.03844
18.96610, 0.13509, -0.22619, 0.00176, -0.47100, 0.00000, 0.00000, 0.13624, -0.22514, 0.00163, -0.33120, -0.35545, 0.03815
18.97277, 0.12881, -0.22619, 0.00176, -0.94201, 0.00000, 0.00000, 0.13004, -0.22539, 0.00163, -0.35623, -0.27977, 0.03785
18.97944, 0.12252, -0.22934, 0.00176, -0.94201, -0.47100, 0.00000, 0.12384, -0.22878, 0.00163, -0.38365, -0.20403, 0.03754
18.98611, 0.11938, -0.22934, 0.00176, -0.47100, 0.00000, 0.00000, 0.12078, -0.22904, 0.00164, -0.40695, -0.12713, 0.03719
18.99278, 0.11310, -0.22619, 0.00176, -0.94201, 0.47100, 0.00000, 0.11456, -0.22615, 0.00164, -0.42684, -0.05020, 0.03683
18.99945, 0.10681, -0.22619, 0.00176, -0.94201, 0.00000, 0.00000, 0.10835, -0.22641, 0.00164, -0.44919, 0.02570, 0.03647
19.00612, 0.10053, -0.22305, 0.00176, -0.94201, 0.47100, 0.00000, 0.10212, -0.22352, 0.00164, -0.46743, 0.10169, 0.03609
19.01279, 0.09425, -0.22305, 0.00176, -0.94201, 0.00000, 0.00000, 0.09591, -0.22377, 0.00164, -0.48811, 0.17665, 0.03569
19.01946, 0.08796, -0.21991, 0.00176, -0.94201, 0.47101, 0.00000, 0.08968, -0.22087, 0.00164, -0.50470, 0.25169, 0.03528
19.02613, 0.08168, -0.21677, 0.00176, -0.94201, 0.47100, 0.00000, 0.08344, -0.21798, 0.00164, -0.52049, 0.32572, 0.03486
19.03280, 0.07540, -0.21363, 0.00176, -0.94201, 0.47100, 0.00000, 0.07721, -0.21508, 0.00165, -0.53543, 0.39874, 0.03443
19.03947, 0.06911, -0.21049, 0.00176, -0.94201, 0.47100, 0.00000, 0.07097, -0.21217, 0.00165, -0.54955, 0.47074, 0.03399
19.04614, 0.06283, -0.20420, 0.00176, -0.94201, 0.94201, 0.00000, 0.06472, -0.20613, 0.00165, -0.55954, 0.54176, 0.03354
19.05281, 0.05655, -0.20106, 0.00176, -0.94201, 0.47100, 0.00000, 0.05847, -0.20321, 0.00165, -0.57199, 0.61067, 0.03309
19.05948, 0.05027, -0.19478, 0.00176, -0.94201, 0.94201, 0.00000, 0.05222, -0.19715, 0.00165, -0.58030, 0.67859, 0.03263
19.06615, 0.04398, -0.19164, 0.00176, -0.94201, 0.47100, 0.00000, 0.04597, -0.19423, 0.00165, -0.59102, 0.74441, 0.03218
19.07282, 0.03456, -0.18535, 0.00176, -1.41301, 0.94201, 0.00000, 0.03656, -0.18816, 0.00165, -0.59762, 0.80923, 0.03171
19.07949, 0.02827, -0.17907, 0.00176, -0.94201, 0.94201, 0.00000, 0.03029, -0.18208, 0.00166, -0.60270, 0.87201, 0.03123
19.08616, 0.02199, -0.17279, 0.00176, -0.94201, 0.94201, 0.00000, 0.02402, -0.17600, 0.00166, -0.60688, 0.93271, 0.03076
19.09283, 0.01571, -0.16336, 0.00176, -0.94201, 1.41301, 0.00000, 0.01774, -0.16676, 0.00166, -0.60700, 0.99134, 0.03028
19.09950, 0.00942, -0.15708, 0.00176, -0.94201, 0.94201, 0.00000, 0.01146, -0.16066, 0.00166, -0.60942, 1.04679, 0.02982
19.10617, 0.00000, -0.15080, 0.00176, -1.41301, 0.94201, 0.00000, 0.00203, -0.15455, 0.00166, -0.61091, 1.10017, 0.02935
19.11284, -0.00628, -0.14137, 0.00176, -0.94201, 1.41301, 0.00000, -0.00426, -0.14529, 0.00166, -0.60748, 1.15153, 0.02888
19.11951, -0.01257, -0.13509, 0.00176, -0.94201, 0.94201, 0.00000, -0.01055, -0.13917, 0.00167, -0.60638, 1.19971, 0.02842
19.12618, -0.01885, -0.12566, 0.00176, -0.94201, 1.41301, 0.00000, -0.01685, -0.12989, 0.00167, -0.60105, 1.24583, 0.02796
19.13285, -0.02513, -0.11624, 0.00176, -0.94201, 1.41301, 0.00000, -0.02316, -0.12060, 0.00167, -0.59482, 1.28880, 0.02751
19.13952, -0.03456, -0.10681, 0.00176, -1.41301, 1.41301, 0.00000, -0.03261, -0.11131, 0.00167, -0.58754, 1.32860, 0.02707
19.14619, -0.04084, -0.09739, 0.00176, -0.94201, 1.41301, 0.00000, -0.03893, -0.10200, 0.00167, -0.57861, 1.36531, 0.02663
19.15286, -0.04712, -0.09111, 0.00176, -0.94201, 0.94201, 0.00000, -0.04524, -0.09582, 0.00167, -0.57193, 1.39885, 0.02620
19.15953, -0.05341, -0.08168, 0.00176, -0.94201, 1.41301, 0.00000, -0.05156, -0.08650, 0.00167, -0.56088, 1.43033, 0.02577
19.16620, -0.05969, -0.07226, 0.00176, -0.94201, 1.41301, 0.00000, -0.05788, -0.07716, 0.00168, -0.54875, 1.45866, 0.02535
19.17287, -0.06597, -0.05969, 0.00176, -0.94201, 1.88401, 0.00000, -0.06422, -0.06467, 0.00168, -0.53237, 1.48385, 0.02494
19.17954, -0.07226, -0.05027, 0.00176, -0.94201, 1.41301, 0.00000, -0.07056, -0.05531, 0.00168, -0.51807, 1.50481, 0.02455
19.18621, -0.07854, -0.04084, 0.00176, -0.94201, 1.41301, 0.00000, -0.07689, -0.04594, 0.00168, -0.50262, 1.52262, 0.02418
19.19288, -0.08482, -0.03142, 0.00176, -0.94201, 1.41301, 0.00000, -0.08323, -0.03656, 0.00168, -0.48602, 1.53728, 0.02381
19.19955, -0.09111, -0.02199, 0.00176, -0.94201, 1.41301, 0.00000, -0.08958, -0.02717, 0.00168, -0.46822, 1.54881, 0.02345
19.20622, -0.09739, -0.01257, 0.00176, -0.94201, 1.41301, 0.00000, -0.09593, -0.01777, 0.00168, -0.44923, 1.55718, 0.02311
19.21289, -0.10367, -0.00314, 0.00176, -0.94201, 1.41301, 0.00000, -0.10228, -0.00836, 0.00168, -0.42900, 1.56242, 0.02277
19.21956, -0.10681, 0.00942, 0.00176, -0.47101, 1.88401, 0.00000, -0.10550, 0.00421, 0.00169, -0.40422, 1.56453, 0.02245
19.22623, -0.11310, 0.01885, 0.00176, -0.94201, 1.41301, 0.00000, -0.11186, 0.01365, 0.00169, -0.38218, 1.56236, 0.02215
19.23290, -0.11938, 0.02827, 0.00176, -0.94201, 1.41301, 0.00000, -0.11823, 0.02310, 0.00169, -0.35885, 1.55706, 0.02187
19.23957, -0.12252, 0.03770, 0.00176, -0.47100, 1.41301, 0.00000, -0.12145, 0.03255, 0.00169, -0.33417, 1.54862, 0.02159
19.24624, -0.12881, 0.04712, 0.00176, -0.94201, 1.41301, 0.00000, -0.12782, 0.04202, 0.00169, -0.30886, 1.53700, 0.02134
19.25291, -0.13509, 0.05655, 0.00176, -0.94201, 1.41301, 0.00000, -0.13420, 0.05150, 0.00169, -0.28218, 1.52224, 0.02109
19.25958, -0.13823, 0.06597, 0.00176, -0.47100, 1.41301, 0.00000, -0.13743, 0.06099, 0.00169, -0.25411, 1.50436, 0.02086
19.26625, -0.14137, 0.07540, 0.00176, -0.47100, 1.41301, 0.00000, -0.14067, 0.07049, 0.00169, -0.22531, 1.48329, 0.02064
19.27292, -0.14765, 0.08482, 0.00176, -0.94201, 1.41301, 0.00000, -0.14705, 0.08000, 0.00169, -0.19577, 1.45904, 0.02045
19.27959, -0.15080, 0.09111, 0.00176, -0.47100, 0.94201, 0.00000, -0.15029, 0.08638, 0.00169, -0.16795, 1.43166, 0.02027
19.28626, -0.15394, 0.10053, 0.00176, -0.47100, 1.41301, 0.00000, -0.15354, 0.09591, 0.00169, -0.13613, 1.40218, 0.02009
19.29293, -0.15708, 0.10996, 0.00176, -0.47100, 1.41301, 0.00000, -0.15679, 0.10545, 0.00169, -0.10353, 1.36954, 0.01994
19.29960, -0.16022, 0.11624, 0.00176, -0.47100, 0.94201, 0.00000, -0.16003, 0.11185, 0.00169, -0.07337, 1.33372, 0.01980
19.30627, -0.16336, 0.12566, 0.00176, -0.47100, 1.41301, 0.00000, -0.16329, 0.12141, 0.00169, -0.03907, 1.29581, 0.01968
19.31294, -0.16650, 0.13195, 0.00176, -0.47100, 0.94201, 0.00000, -0.16654, 0.12783, 0.00169, -0.00716, 1.25472, 0.01958
19.31961, -0.16965, 0.13823, 0.00176, -0.47100, 0.94201, 0.00000, -0.16979, 0.13427, 0.00169, 0.02571, 1.21153, 0.01948
19.32628, -0.17279, 0.14765, 0.00176, -0.47100, 1.41301, 0.00000, -0.17306, 0.14385, 0.00169, 0.06275, 1.16626, 0.01940
19.33295, -0.17279, 0.15394, 0.00176, 0.00000, 0.94201, 0.00000, -0.17317, 0.15029, 0.00169, 0.09745, 1.11781, 0.01934
19.33962, -0.17593, 0.16022, 0.00176, -0.47100, 0.94201, 0.00000, -0.17643, 0.15675, 0.00170, 0.13241, 1.06723, 0.01929
19.34629, -0.17593, 0.16336, 0.00176, 0.00000, 0.47100, 0.00000, -0.17654, 0.16007, 0.00170, 0.16515, 1.01453, 0.01926
19.35296, -0.17907, 0.16965, 0.00176, -0.47100, 0.94201, 0.00000, -0.17980, 0.16653, 0.00170, 0.20143, 0.96080, 0.01924
19.35963, -0.17907, 0.17593, 0.00176, 0.00000, 0.94201, 0.00000, -0.17993, 0.17301, 0.00170, 0.23870, 0.90499, 0.01922
19.36630, -0.17907, 0.17907, 0.00176, 0.00000, 0.47100, 0.00000, -0.18004, 0.17634, 0.00170, 0.27304, 0.84703, 0.01922
19.37297, -0.17907, 0.18221, 0.00176, 0.00000, 0.47100, 0.00000, -0.18016, 0.17968, 0.00170, 0.30779, 0.78801, 0.01924
19.37964, -0.18221, 0.18535, 0.00176, -0.47100, 0.47100, 0.00000, -0.18342, 0.18303, 0.00170, 0.34287, 0.72794, 0.01927
19.38631, -0.18221, 0.18850, 0.00176, 0.00000, 0.94201, 0.00000, -0.18354, 0.18638, 0.00170, 0.37905, 0.66686, 0.01929
19.39298, -0.18221, 0.19164, 0.00176, 0.00000, 0.00000, 0.00000, -0.18366, 0.18973, 0.00169, 0.41560, 0.60472, 0.01933
19.39965, -0.17907, 0.19478, 0.00176, 0.47100, 0.47100, 0.00000, -0.18064, 0.19308, 0.00169, 0.45257, 0.54153, 0.01937
19.40632, -0.17907, 0.19792, 0.00176, 0.00000, 0.47100, 0.00000, -0.18076, 0.19644, 0.00169, 0.48925, 0.47724, 0.01943
19.41299, -0.17907, 0.19792, 0.00176, 0.00000, 0.00000, 0.00000, -0.18088, 0.19666, 0.00169, 0.52311, 0.41188, 0.01951
19.41966, -0.17907, 0.19792, 0.00176, 0.00000, 0.00000, 0.00000, -0.18099, 0.19687, 0.00169, 0.55740, 0.34656, 0.01958
19.42633, -0.17593, 0.20106, 0.00176, 0.47100, 0.47100, 0.00000, -0.17797, 0.20023, 0.00169, 0.59540, 0.28126, 0.01965
19.43300, -0.17593, 0.20106, 0.00176, 0.00000, 0.00000, 0.00000, -0.17809, 0.20046, 0.00169, 0.62987, 0.21486, 0.01975
19.43967, -0.17279, 0.20106, 0.00176, 0.47100, 0.00000, 0.00000, -0.17506, 0.20068, 0.00169, 0.66481, 0.14848, 0.01984
19.44634, -0.16965, 0.19792, 0.00176, 0.47100, -0.47100, 0.00000, -0.17203, 0.19776, 0.00169, 0.69630, 0.08207, 0.01994
19.45301, -0.16965, 0.19792, 0.00176, 0.00000, 0.00000, 0.00000, -0.17214, 0.19797, 0.00169, 0.73081, 0.01672, 0.02004
19.45968, -0.16650, 0.19478, 0.00176, 0.47100, -0.47100, 0.00000, -0.16910, 0.19505, 0.00169, 0.76253, -0.04861, 0.02014
19.46635, -0.16336, 0.19478, 0.00176, 0.47100, 0.00000, 0.00000, -0.16608, 0.19526, 0.00169, 0.79729, -0.11287, 0.02024
19.47302, -0.16022, 0.19164, 0.00176, 0.47100, -0.47100, 0.00000, -0.16304, 0.19233, 0.00169, 0.82855, -0.17717, 0.02035
19.47969, -0.15708, 0.18850, 0.00176, 0.47100, -0.47100, 0.00000, -0.16000, 0.18940, 0.00169, 0.85958, -0.24042, 0.02046
19.48636, -0.15394, 0.18535, 0.00176, 0.47100, -0.47100, 0.00000, -0.15696, 0.18647, 0.00169, 0.89039, -0.30261, 0.02057
19.49303, -0.15080, 0.18221, 0.00176, 0.47100, -0.47100, 0.00000, -0.15392, 0.18353, 0.00169, 0.92097, -0.36375, 0.02068
19.49970, -0.14765, 0.17907, 0.00176, 0.47100, -0.47100, 0.00000, -0.15088, 0.18058, 0.00169, 0.95130, -0.42384, 0.02079
19.50637, -0.14137, 0.17279, 0.00176, 0.94201, -0.94201, 0.00000, -0.14468, 0.17449, 0.00169, 0.97812, -0.48288, 0.02090
19.51304, -0.13823, 0.16965, 0.00176, 0.47100, -0.47100, 0.00000, -0.14164, 0.17154, 0.00169, 1.00727, -0.53983, 0.02101
19.51971, -0.13509, 0.16336, 0.00176, 0.47100, -0.94201, 0.00000, -0.13858, 0.16544, 0.00169, 1.03293, -0.59574, 0.02112
19.52638, -0.12881, 0.15708, 0.00176, 0.94201, -0.94201, 0.00000, -0.13238, 0.15933, 0.00169, 1.05838, -0.64952, 0.02122
19.53305, -0.12566, 0.15394, 0.00176, 0.47100, -0.47100, 0.00000, -0.12933, 0.15636, 0.00169, 1.08614, -0.70122, 0.02131
19.53972, -0.11938, 0.14765, 0.00176, 0.94201, -0.94201, 0.00000, -0.12312, 0.15024, 0.00169, 1.11033, -0.75187, 0.02141
19.54639, -0.11624, 0.14137, 0.00176, 0.47100, -0.94201, 0.00000, -0.12006, 0.14412, 0.00169, 1.13353, -0.80044, 0.02151
19.55306, -0.10996, 0.13195, 0.00176, 0.94201, -1.41301, 0.00000, -0.11384, 0.13484, 0.00169, 1.15325, -0.84690, 0.02159
19.55973, -0.10367, 0.12566, 0.00176, 0.94201, -0.94201, 0.00000, -0.10763, 0.12870, 0.00169, 1.17519, -0.89019, 0.02167
19.56640, -0.10053, 0.11938, 0.00176, 0.47100, -0.94201, 0.00000, -0.10455, 0.12255, 0.00169, 1.19608, -0.93141, 0.02174
19.57307, -0.09425, 0.11310, 0.00176, 0.94201, -0.94201, 0.00000, -0.09834, 0.11640, 0.00169, 1.21666, -0.97050, 0.02181
19.57974, -0.08796, 0.10367, 0.00176, 0.94201, -1.41301, 0.00000, -0.09211, 0.10709, 0.00169, 1.23297, -1.00753, 0.02187
19.58641, -0.08168, 0.09739, 0.00176, 0.94201, -0.94201, 0.00000, -0.08588, 0.10092, 0.00169, 1.25148, -1.04140, 0.02192
19.59308, -0.07540, 0.08796, 0.00176, 0.94201, -1.41301, 0.00000, -0.07964, 0.09159, 0.00169, 1.26567, -1.07321, 0.02197
19.59975, -0.06911, 0.07854, 0.00176, 0.94201, -1.41301, 0.00000, -0.07340, 0.08226, 0.00169, 1.27874, -1.10185, 0.02202
19.60642, -0.06597, 0.07226, 0.00176, 0.47100, -0.94201, 0.00000, -0.07031, 0.07606, 0.00169, 1.29392, -1.12734, 0.02205
19.61309, -0.05969, 0.06283, 0.00176, 0.94201, -1.41301, 0.00000, -0.06406, 0.06670, 0.00169, 1.30544, -1.15072, 0.02208
19.61976, -0.05341, 0.05341, 0.00176, 0.94201, -1.41301, 0.00000, -0.05781, 0.05734, 0.00169, 1.31586, -1.17096, 0.02209
19.62643, -0.04712, 0.04712, 0.00176, 0.94201, -0.94201, 0.00000, -0.05157, 0.05111, 0.00169, 1.32840, -1.18806, 0.02209
19.63310, -0.04084, 0.03770, 0.00176, 0.94201, -1.41301, 0.00000, -0.04531, 0.04173, 0.00169, 1.33648, -1.20309, 0.02209
19.63977, -0.03456, 0.02827, 0.00176, 0.94201, -1.41301, 0.00000, -0.03905, 0.03234, 0.00169, 1.34335, -1.21497, 0.02208
19.64644, -0.02827, 0.01885, 0.00176, 0.94201, -1.41301, 0.00000, -0.03278, 0.02294, 0.00169, 1.34903, -1.22371, 0.02206
19.65311, -0.02199, 0.00942, 0.00176, 0.94201, -1.41301, 0.00000, -0.02651, 0.01353, 0.00169, 1.35346, -1.22931, 0.02204
19.65978, -0.01571, 0.00000, 0.00176, 0.94201, -1.41301, 0.00000, -0.02024, 0.00411, 0.00169, 1.35666, -1.23178, 0.02200
19.66645, -0.00942, -0.00942, 0.00176, 0.94201, -1.41301, 0.00000, -0.01396, -0.00533, 0.00169, 1.35858, -1.23110, 0.02195
19.67312, 0.00000, -0.01571, 0.00176, 1.41301, -0.94201, 0.00000, -0.00454, -0.01162, 0.00169, 1.36244, -1.22726, 0.02189
19.67980, 0.00628, -0.02513, 0.00176, 0.94201, -1.41301, 0.00000, 0.00175, -0.02107, 0.00169, 1.36104, -1.22143, 0.02184
19.68646, 0.01257, -0.03456, 0.00176, 0.94201, -1.41301, 0.00000, 0.00804, -0.03053, 0.00169, 1.35833, -1.21248, 0.02178
19.69314, 0.01885, -0.04398, 0.00176, 0.94201, -1.41301, 0.00000, 0.01434, -0.04000, 0.00169, 1.35426, -1.20038, 0.02171
19.69980, 0.02513, -0.05341, 0.00176, 0.94201, -1.41301, 0.00000, 0.02064, -0.04949, 0.00169, 1.34884, -1.18516, 0.02162
19.70648, 0.03142, -0.05969, 0.00176, 0.94201, -0.94201, 0.00000, 0.02694, -0.05583, 0.00169, 1.34528, -1.16680, 0.02153
19.71314, 0.03770, -0.06911, 0.00176, 0.94201, -1.41301, 0.00000, 0.03325, -0.06533, 0.00169, 1.33702, -1.14640, 0.02144
19.71982, 0.04398, -0.07854, 0.00176, 0.94201, -1.41301, 0.00000, 0.03957, -0.07484, 0.00169, 1.32732, -1.12285, 0.02133
19.72648, 0.05027, -0.08482, 0.00176, 0.94201, -0.94201, 0.00000, 0.04588, -0.08122, 0.00169, 1.31941, -1.09617, 0.02122
19.73316, 0.05341, -0.09425, 0.00176, 0.47100, -1.41301, 0.00000, 0.04907, -0.09074, 0.00169, 1.30677, -1.06744, 0.02111
19.73982, 0.05969, -0.10053, 0.00176, 0.94201, -0.94201, 0.00000, 0.05539, -0.09713, 0.00169, 1.29657, -1.03553, 0.02098
19.74650, 0.06597, -0.10681, 0.00176, 0.94201, -0.94201, 0.00000, 0.06171, -0.10353, 0.00169, 1.28485, -1.00159, 0.02084
19.75316, 0.07226, -0.11624, 0.00176, 0.94201, -1.41301, 0.00000, 0.06805, -0.11308, 0.00169, 1.26835, -0.96562, 0.02071
19.75984, 0.07854, -0.12252, 0.00176, 0.94201, -0.94201, 0.00000, 0.07439, -0.11950, 0.00169, 1.25356, -0.92650, 0.02056
19.76650, 0.08482, -0.12881, 0.00176, 0.94201, -0.94201, 0.00000, 0.08073, -0.12592, 0.00169, 1.23718, -0.88533, 0.02042
19.77318, 0.08796, -0.13509, 0.00176, 0.47100, -0.94201, 0.00000, 0.08393, -0.13236, 0.00169, 1.21921, -0.84213, 0.02027
19.77984, 0.09425, -0.14137, 0.00176, 0.94201, -0.94201, 0.00000, 0.09028, -0.13879, 0.00169, 1.20032, -0.79683, 0.02012
19.78651, 0.10053, -0.14765, 0.00176, 0.94201, -0.94201, 0.00000, 0.09663, -0.14524, 0.00169, 1.17981, -0.74948, 0.01996
19.79318, 0.10367, -0.15080, 0.00176, 0.47100, -0.47100, 0.00000, 0.09984, -0.14855, 0.00169, 1.16090, -0.70008, 0.01981
19.79986, 0.10996, -0.15708, 0.00176, 0.94201, -0.94201, 0.00000, 0.10620, -0.15500, 0.00169, 1.13777, -0.64968, 0.01965
19.80652, 0.11310, -0.16022, 0.00176, 0.47100, -0.47100, 0.00000, 0.10941, -0.15832, 0.00169, 1.11622, -0.59723, 0.01950
19.81320, 0.11938, -0.16650, 0.00176, 0.94201, -0.94201, 0.00000, 0.11578, -0.16478, 0.00170, 1.09043, -0.54378, 0.01934
19.81986, 0.12252, -0.16965, 0.00176, 0.47100, -0.47100, 0.00000, 0.11901, -0.16811, 0.00170, 1.06619, -0.48829, 0.01919
19.82654, 0.12566, -0.17279, 0.00176, 0.47100, -0.47100, 0.00000, 0.12224, -0.17144, 0.00170, 1.04090, -0.43179, 0.01903
19.83320, 0.13195, -0.17593, 0.00176, 0.94201, -0.47100, 0.00000, 0.12861, -0.17478, 0.00170, 1.01459, -0.37428, 0.01887
19.83988, 0.13509, -0.17907, 0.00176, 0.47100, -0.47100, 0.00000, 0.13184, -0.17812, 0.00170, 0.98654, -0.31581, 0.01873
19.84654, 0.13823, -0.18221, 0.00176, 0.47100, -0.47100, 0.00000, 0.13508, -0.18146, 0.00170, 0.95743, -0.25634, 0.01858
19.85322, 0.14137, -0.18221, 0.00176, 0.47100, 0.00000, 0.00000, 0.13832, -0.18166, 0.00170, 0.93049, -0.19584, 0.01843
19.85988, 0.14451, -0.18535, 0.00176, 0.47100, -0.47100, 0.00000, 0.14156, -0.18500, 0.00170, 0.89921, -0.13544, 0.01829
19.86655, 0.14765, -0.18535, 0.00176, 0.47100, 0.00000, 0.00000, 0.14480, -0.18521, 0.00170, 0.87012, -0.07401, 0.01815
19.87322, 0.15080, -0.18535, 0.00176, 0.47100, 0.00000, 0.00000, 0.14805, -0.18541, 0.00170, 0.83996, -0.01265, 0.01803
19.87990, 0.15394, -0.18850, 0.00176, 0.47100, -0.47100, 0.00000, 0.15130, -0.18876, 0.00170, 0.80550, 0.04862, 0.01791
19.88656, 0.15394, -0.18850, 0.00176, 0.00000, 0.00000, 0.00000, 0.15141, -0.18897, 0.00170, 0.77316, 0.11091, 0.01779
19.89324, 0.15708, -0.18535, 0.00176, 0.47100, 0.47100, 0.00000, 0.15465, -0.18603, 0.00170, 0.74359, 0.17319, 0.01767
19.89990, 0.16022, -0.18535, 0.00176, 0.47100, 0.00000, 0.00000, 0.15791, -0.18624, 0.00170, 0.70968, 0.23431, 0.01757
19.90658, 0.16022, -0.18535, 0.00176, 0.00000, 0.00000, 0.00000, 0.15803, -0.18644, 0.00170, 0.67471, 0.29535, 0.01749
19.91324, 0.16336, -0.18221, 0.00176, 0.47100, 0.47100, 0.00000, 0.16128, -0.18350, 0.00170, 0.64258, 0.35638, 0.01740
19.91992, 0.16336, -0.18221, 0.00176, 0.00000, 0.00000, 0.00000, 0.16140, -0.18370, 0.00170, 0.60609, 0.41625, 0.01733
19.92658, 0.16336, -0.17907, 0.00176, 0.00000, 0.47100, 0.00000, 0.16151, -0.18076, 0.00170, 0.57242, 0.47611, 0.01726
19.93325, 0.16650, -0.17593, 0.00176, 0.47100, 0.47100, 0.00000, 0.16477, -0.17781, 0.00170, 0.53832, 0.53486, 0.01720
19.93992, 0.16650, -0.17279, 0.00176, 0.00000, 0.47100, 0.00000, 0.16488, -0.17486, 0.00170, 0.50311, 0.59247, 0.01716
19.94660, 0.16650, -0.16965, 0.00176, 0.00000, 0.47100, 0.00000, 0.16500, -0.17190, 0.00170, 0.46748, 0.64898, 0.01713
19.95326, 0.16650, -0.16650, 0.00176, 0.00000, 0.47100, 0.00000, 0.16512, -0.16894, 0.00170, 0.43142, 0.70439, 0.01711
19.95994, 0.16650, -0.16022, 0.00176, 0.00000, 0.94201, 0.00000, 0.16523, -0.16284, 0.00170, 0.39818, 0.75872, 0.01710
19.96660, 0.16650, -0.15708, 0.00176, 0.00000, 0.47100, 0.00000, 0.16536, -0.15987, 0.00170, 0.36128, 0.81086, 0.01711
19.97328, 0.16336, -0.15394, 0.00176, -0.47100, 0.47100, 0.00000, 0.16234, -0.15690, 0.00170, 0.32408, 0.86189, 0.01713
19.97994, 0.16336, -0.14765, 0.00176, 0.00000, 0.94201, 0.00000, 0.16245, -0.15078, 0.00170, 0.29042, 0.91189, 0.01716
19.98661, 0.16336, -0.14137, 0.00176, 0.00000, 0.94201, 0.00000, 0.16256, -0.14465, 0.00170, 0.25635, 0.95971, 0.01720
19.99328, 0.16022, -0.13509, 0.00176, -0.47100, 0.94201, 0.00000, 0.15954, -0.13851, 0.00170, 0.22193, 1.00535, 0.01726
19.99996, 0.16022, -0.13195, 0.00176, 0.00000, 0.47100, 0.00000, 0.15966, -0.13552, 0.00170, 0.18467, 1.04884, 0.01733
20.00662, 0.15708, -0.12566, 0.00176, -0.47100, 0.94201, 0.00000, 0.15663, -0.12937, 0.00170, 0.15024, 1.09127, 0.01741
20.01330, 0.15708, -0.11938, 0.00176, 0.00000, 0.94201, 0.00000, 0.15675, -0.12322, 0.00170, 0.11619, 1.13157, 0.01750
20.01996, 0.15394, -0.11310, 0.00176, -0.47100, 0.94201, 0.00000, 0.15372, -0.11706, 0.00170, 0.08177, 1.16970, 0.01761
20.02664, 0.15080, -0.10681, 0.00176, -0.47100, 0.94201, 0.00000, 0.15069, -0.11089, 0.00170, 0.04776, 1.20571, 0.01773
20.03330, 0.14765, -0.09739, 0.00176, -0.47100, 1.41301, 0.00000, 0.14765, -0.10157, 0.00170, 0.01741, 1.23959, 0.01786
20.03998, 0.14765, -0.09111, 0.00176, 0.00000, 0.94201, 0.00000, 0.14776, -0.09539, 0.00170, -0.01578, 1.27027, 0.01801
20.04664, 0.14451, -0.08482, 0.00176, -0.47100, 0.94201, 0.00000, 0.14473, -0.08920, 0.00170, -0.04934, 1.29880, 0.01818
20.05332, 0.14137, -0.07540, 0.00176, -0.47100, 1.41301, 0.00000, 0.14169, -0.07986, 0.00170, -0.07920, 1.32522, 0.01836
20.05998, 0.13823, -0.06911, 0.00176, -0.47100, 0.94201, 0.00000, 0.13865, -0.07365, 0.00170, -0.11189, 1.34844, 0.01856
20.06665, 0.13195, -0.05969, 0.00176, -0.94201, 1.41301, 0.00000, 0.13246, -0.06429, 0.00170, -0.14086, 1.36956, 0.01877
20.07332, 0.12881, -0.05341, 0.00176, -0.47100, 0.94201, 0.00000, 0.12942, -0.05806, 0.00170, -0.17193, 1.38752, 0.01899
20.08000, 0.12566, -0.04398, 0.00176, -0.47100, 1.41301, 0.00000, 0.12637, -0.04868, 0.00169, -0.19920, 1.40336, 0.01922
20.08666, 0.12252, -0.03770, 0.00176, -0.47100, 0.94201, 0.00000, 0.12333, -0.04244, 0.00169, -0.22925, 1.41602, 0.01947
20.09334, 0.11624, -0.02827, 0.00176, -0.94201, 1.41301, 0.00000, 0.11713, -0.03304, 0.00169, -0.25549, 1.42656, 0.01973
20.10000, 0.11310, -0.02199, 0.00176, -0.47100, 0.94201, 0.00000, 0.11408, -0.02678, 0.00169, -0.28377, 1.43397, 0.02000
20.10668, 0.10996, -0.01257, 0.00176, -0.47100, 1.41301, 0.00000, 0.11102, -0.01737, 0.00169, -0.30817, 1.43925, 0.02029
20.11334, 0.10367, -0.00628, 0.00176, -0.94201, 0.94201, 0.00000, 0.10483, -0.01109, 0.00169, -0.33529, 1.44135, 0.02059
20.12001, 0.10053, 0.00314, 0.00176, -0.47100, 1.41301, 0.00000, 0.10176, -0.00166, 0.00169, -0.35781, 1.44139, 0.02089
20.12668, 0.09425, 0.00942, 0.00176, -0.94201, 0.94201, 0.00000, 0.09556, 0.00464, 0.00169, -0.38301, 1.43824, 0.02121
20.13335, 0.09111, 0.01885, 0.00176, -0.47100, 1.41301, 0.00000, 0.09249, 0.01408, 0.00169, -0.40358, 1.43304, 0.02153
20.14002, 0.08482, 0.02513, 0.00176, -0.94201, 0.94201, 0.00000, 0.08628, 0.02040, 0.00169, -0.42678, 1.42465, 0.02187
20.14669, 0.07854, 0.03456, 0.00176, -0.94201, 1.41301, 0.00000, 0.08005, 0.02986, 0.00168, -0.44535, 1.41421, 0.02221
20.15336, 0.07540, 0.04084, 0.00176, -0.47100, 0.94201, 0.00000, 0.07698, 0.03620, 0.00168, -0.46581, 1.40063, 0.02256
20.16003, 0.06911, 0.05027, 0.00176, -0.94201, 1.41301, 0.00000, 0.07075, 0.04568, 0.00168, -0.48229, 1.38495, 0.02292
20.16670, 0.06283, 0.05655, 0.00176, -0.94201, 0.94201, 0.00000, 0.06452, 0.05203, 0.00168, -0.50062, 1.36614, 0.02330
20.17337, 0.05655, 0.06283, 0.00176, -0.94201, 0.94201, 0.00000, 0.05830, 0.05838, 0.00168, -0.51747, 1.34525, 0.02367
20.18004, 0.05341, 0.07226, 0.00176, -0.47100, 1.41301, 0.00000, 0.05519, 0.06789, 0.00168, -0.52962, 1.32234, 0.02405
20.18671, 0.04712, 0.07854, 0.00176, -0.94201, 0.94201, 0.00000, 0.04896, 0.07426, 0.00168, -0.54425, 1.29623, 0.02444
20.19338, 0.04084, 0.08482, 0.00176, -0.94201, 0.94201, 0.00000, 0.04272, 0.08064, 0.00168, -0.55740, 1.26808, 0.02483
20.20005, 0.03456, 0.09111, 0.00176, -0.94201, 0.94201, 0.00000, 0.03647, 0.08703, 0.00167, -0.56904, 1.23788, 0.02523
20.20672, 0.02827, 0.09739, 0.00176, -0.94201, 0.94201, 0.00000, 0.03022, 0.09343, 0.00167, -0.57916, 1.20563, 0.02562
20.21339, 0.02199, 0.10367, 0.00176, -0.94201, 0.94201, 0.00000, 0.02396, 0.09983, 0.00167, -0.58774, 1.17133, 0.02602
20.22006, 0.01885, 0.10996, 0.00176, -0.47100, 0.94201, 0.00000, 0.02084, 0.10623, 0.00167, -0.59476, 1.13499, 0.02641
20.22673, 0.01257, 0.11624, 0.00176, -0.94201, 0.94201, 0.00000, 0.01458, 0.11265, 0.00167, -0.60090, 1.09656, 0.02682
20.23340, 0.00628, 0.11938, 0.00176, -0.94201, 0.47100, 0.00000, 0.00832, 0.11593, 0.00167, -0.60871, 1.05606, 0.02722
20.24007, 0.00000, 0.12566, 0.00176, -0.94201, 0.94201, 0.00000, 0.00204, 0.12235, 0.00167, -0.61166, 1.01462, 0.02762
20.24674, -0.00628, 0.12881, 0.00176, -0.94201, 0.47100, 0.00000, -0.00423, 0.12564, 0.00167, -0.61625, 0.97112, 0.02801
20.25341, -0.01257, 0.13509, 0.00176, -0.94201, 0.94201, 0.00000, -0.01051, 0.13208, 0.00166, -0.61596, 0.92666, 0.02839
20.26008, -0.01885, 0.13823, 0.00176, -0.94201, 0.47100, 0.00000, -0.01680, 0.13537, 0.00166, -0.61729, 0.88015, 0.02878
20.26675, -0.02513, 0.14137, 0.00176, -0.94201, 0.47100, 0.00000, -0.02308, 0.13868, 0.00166, -0.61700, 0.83269, 0.02916
20.27342, -0.02827, 0.14451, 0.00176, -0.47100, 0.47100, 0.00000, -0.02623, 0.14198, 0.00166, -0.61500, 0.78425, 0.02953
20.28009, -0.03456, 0.14765, 0.00176, -0.94201, 0.47100, 0.00000, -0.03253, 0.14529, 0.00166, -0.61205, 0.73481, 0.02989
20.28676, -0.04084, 0.15080, 0.00176, -0.94201, 0.47100, 0.00000, -0.03883, 0.14860, 0.00166, -0.60741, 0.68440, 0.03025
20.29343, -0.04712, 0.15394, 0.00185, -0.94201, 0.47100, 0.01319, -0.04513, 0.15191, 0.00174, -0.60110, 0.63303, 0.03060
20.30010, -0.05341, 0.15394, 0.00185, -0.94201, 0.00000, 0.00000, -0.05144, 0.15209, 0.00174, -0.59629, 0.58068, 0.03094
20.30677, -0.05655, 0.15708, 0.00185, -0.47100, 0.47100, 0.00000, -0.05461, 0.15541, 0.00174, -0.58657, 0.52847, 0.03126
20.31344, -0.06283, 0.15708, 0.00185, -0.94201, 0.00000, 0.00000, -0.06092, 0.15558, 0.00174, -0.57904, 0.47522, 0.03157
20.32011, -0.06911, 0.15708, 0.00185, -0.94201, 0.00000, 0.00000, -0.06724, 0.15576, 0.00174, -0.56986, 0.42212, 0.03188
20.32678, -0.07226, 0.15708, 0.00185, -0.47100, 0.00000, 0.00000, -0.07042, 0.15594, 0.00174, -0.55886, 0.36910, 0.03216
20.33345, -0.07854, 0.15708, 0.00185, -0.94201, 0.00000, 0.00000, -0.07674, 0.15611, 0.00174, -0.54690, 0.31618, 0.03243
20.34012, -0.08482, 0.15708, 0.00185, -0.94201, 0.00000, 0.00000, -0.08307, 0.15629, 0.00174, -0.53318, 0.26336, 0.03268
20.34679, -0.08796, 0.15708, 0.00194, -0.47100, 0.00000, 0.01319, -0.08627, 0.15646, 0.00183, -0.51779, 0.21068, 0.03291
20.35346, -0.09425, 0.15708, 0.00194, -0.94201, 0.00000, 0.00000, -0.09261, 0.15664, 0.00182, -0.50132, 0.15804, 0.03313
20.36013, -0.09739, 0.15708, 0.00194, -0.47100, 0.00000, 0.00000, -0.09581, 0.15682, 0.00182, -0.48315, 0.10554, 0.03334
20.36680, -0.10053, 0.15394, 0.00194, -0.47100, -0.47100, 0.00000, -0.09901, 0.15385, 0.00182, -0.46708, 0.05306, 0.03353
20.37347, -0.10681, 0.15080, 0.00194, -0.94201, -0.47100, 0.00000, -0.10535, 0.15087, 0.00182, -0.45010, 0.00178, 0.03370
20.38014, -0.10996, 0.15080, 0.00194, -0.47100, 0.00000, 0.00000, -0.10857, 0.15104, 0.00182, -0.42809, -0.04832, 0.03385
20.38681, -0.11310, 0.14765, 0.00194, -0.47100, -0.47100, 0.00000, -0.11177, 0.14806, 0.00182, -0.40835, -0.09835, 0.03399
20.39348, -0.11938, 0.14451, 0.00194, -0.94201, -0.47100, 0.00000, -0.11813, 0.14508, 0.00182, -0.38749, -0.14726, 0.03410
20.40015, -0.12252, 0.14137, 0.00194, -0.47100, -0.47100, 0.00000, -0.12135, 0.14210, 0.00182, -0.36498, -0.19495, 0.03419
20.40682, -0.12566, 0.13823, 0.00194, -0.47100, -0.47100, 0.00000, -0.12457, 0.13911, 0.00182, -0.34136, -0.24152, 0.03425
20.41349, -0.12881, 0.13509, 0.00194, -0.47100, -0.47100, 0.00000, -0.12779, 0.13612, 0.00182, -0.31678, -0.28693, 0.03430
20.42016, -0.13195, 0.12881, 0.00194, -0.47100, -0.94201, 0.00000, -0.13101, 0.12998, 0.00182, -0.29430, -0.33124, 0.03432
20.42683, -0.13509, 0.12566, 0.00194, -0.47100, -0.47100, 0.00000, -0.13424, 0.12698, 0.00182, -0.26767, -0.37329, 0.03432
20.43350, -0.13823, 0.12252, 0.00194, -0.47100, -0.47100, 0.00000, -0.13748, 0.12397, 0.00182, -0.24004, -0.41420, 0.03430
20.44017, -0.13823, 0.11624, 0.00194, 0.00000, -0.94201, 0.00000, -0.13756, 0.11782, 0.00182, -0.21475, -0.45395, 0.03426
20.44684, -0.14137, 0.11310, 0.00194, -0.47100, -0.47100, 0.00000, -0.14080, 0.11480, 0.00182, -0.18584, -0.49154, 0.03420
20.45351, -0.14451, 0.10681, 0.00194, -0.47100, -0.94201, 0.00000, -0.14403, 0.10863, 0.00182, -0.15926, -0.52798, 0.03412
20.46018, -0.14451, 0.10053, 0.00194, 0.00000, -0.94201, 0.00000, -0.14413, 0.10246, 0.00182, -0.13156, -0.56225, 0.03400
20.46685, -0.14765, 0.09425, 0.00194, -0.47100, -0.94201, 0.00000, -0.14736, 0.09628, 0.00182, -0.10371, -0.59431, 0.03387
20.47352, -0.14765, 0.09111, 0.00194, 0.00000, -0.47100, 0.00000, -0.14747, 0.09324, 0.00182, -0.07164, -0.62416, 0.03372
20.48019, -0.15080, 0.08482, 0.00194, -0.47100, -0.94201, 0.00000, -0.15071, 0.08704, 0.00182, -0.04261, -0.65292, 0.03355
20.48686, -0.15080, 0.07854, 0.00194, 0.00000, -0.94201, 0.00000, -0.15081, 0.08085, 0.00182, -0.01258, -0.67949, 0.03335
20.49353, -0.15080, 0.07226, 0.00194, 0.00000, -0.94201, 0.00000, -0.15091, 0.07464, 0.00183, 0.01760, -0.70387, 0.03313
20.50020, -0.15080, 0.06597, 0.00194, 0.00000, -0.94201, 0.00000, -0.15101, 0.06843, 0.00183, 0.04806, -0.72610, 0.03289
20.50687, -0.15394, 0.05969, 0.00194, -0.47100, -0.94201, 0.00000, -0.15425, 0.06221, 0.00183, 0.07866, -0.74616, 0.03263
20.51354, -0.15394, 0.05027, 0.00194, 0.00000, -1.41301, 0.00000, -0.15435, 0.05284, 0.00183, 0.10698, -0.76405, 0.03234
20.52021, -0.15394, 0.04398, 0.00194, 0.00000, -0.94201, 0.00000, -0.15446, 0.04660, 0.00183, 0.13863, -0.77865, 0.03202
20.52688, -0.15394, 0.03770, 0.00194, 0.00000, -0.94201, 0.00000, -0.15456, 0.04035, 0.00183, 0.17045, -0.79110, 0.03168
20.53355, -0.15080, 0.03142, 0.00194, 0.47100, -0.94201, 0.00000, -0.15153, 0.03410, 0.00183, 0.20238, -0.80138, 0.03133
20.54022, -0.15080, 0.02513, 0.00194, 0.00000, -0.94201, 0.00000, -0.15163, 0.02784, 0.00183, 0.23375, -0.80956, 0.03096
20.54689, -0.15080, 0.01571, 0.00194, 0.00000, -1.41301, 0.00000, -0.15172, 0.01843, 0.00183, 0.26193, -0.81557, 0.03058
20.55356, -0.15080, 0.00942, 0.00194, 0.00000, -0.94201, 0.00000, -0.15183, 0.01215, 0.00184, 0.29351, -0.81835, 0.03016
20.56023, -0.14765, 0.00314, 0.00194, 0.47100, -0.94201, 0.00000, -0.14879, 0.00587, 0.00184, 0.32514, -0.81897, 0.02972
20.56690, -0.14765, -0.00314, 0.00194, 0.00000, -0.94201, 0.00000, -0.14890, -0.00042, 0.00184, 0.35615, -0.81748, 0.02928
20.57358, -0.14451, -0.01257, 0.00194, 0.47100, -1.41301, 0.00000, -0.14585, -0.00986, 0.00184, 0.38392, -0.81384, 0.02881
20.58024, -0.14451, -0.01885, 0.00194, 0.00000, -0.94201, 0.00000, -0.14595, -0.01617, 0.00184, 0.41432, -0.80701, 0.02833
20.58691, -0.14137, -0.02513, 0.00194, 0.47100, -0.94201, 0.00000, -0.14291, -0.02249, 0.00184, 0.44471, -0.79803, 0.02782
20.59358, -0.13823, -0.03142, 0.00194, 0.47100, -0.94201, 0.00000, -0.13986, -0.02881, 0.00185, 0.47442, -0.78696, 0.02731
20.60025, -0.13509, -0.03770, 0.00194, 0.47100, -0.94201, 0.00000, -0.13682, -0.03514, 0.00185, 0.50340, -0.77377, 0.02678
20.60692, -0.13509, -0.04398, 0.00194, 0.00000, -0.94201, 0.00000, -0.13691, -0.04148, 0.00185, 0.53165, -0.75848, 0.02625
20.61360, -0.13195, -0.05341, 0.00194, 0.47100, -1.41301, 0.00000, -0.13385, -0.05097, 0.00185, 0.55661, -0.74105, 0.02569
20.62026, -0.12881, -0.05969, 0.00194, 0.47100, -0.94201, 0.00000, -0.13080, -0.05733, 0.00185, 0.58407, -0.72044, 0.02512
20.62693, -0.12566, -0.06597, 0.00194, 0.47100, -0.94201, 0.00000, -0.12775, -0.06369, 0.00185, 0.61076, -0.69772, 0.02453
20.63360, -0.12252, -0.07226, 0.00194, 0.47100, -0.94201, 0.00000, -0.12469, -0.07006, 0.00186, 0.63665, -0.67291, 0.02394
20.64027, -0.11938, -0.07540, 0.00194, 0.47100, -0.47100, 0.00000, -0.12164, -0.07329, 0.00186, 0.66496, -0.64598, 0.02333
20.64694, -0.11624, -0.08168, 0.00194, 0.47100, -0.94201, 0.00000, -0.11858, -0.07967, 0.00186, 0.68919, -0.61805, 0.02273
20.65361, -0.10996, -0.08796, 0.00194, 0.94201, -0.94201, 0.00000, -0.11237, -0.08606, 0.00186, 0.71264, -0.58803, 0.02211
20.66028, -0.10681, -0.09425, 0.00194, 0.47100, -0.94201, 0.00000, -0.10930, -0.09245, 0.00186, 0.73450, -0.55594, 0.02149
20.66695, -0.10367, -0.09739, 0.00194, 0.47101, -0.94201, 0.00000, -0.10624, -0.09571, 0.00187, 0.75876, -0.52176, 0.02087
20.67362, -0.10053, -0.10367, 0.00194, 0.47100, -0.47100, 0.00000, -0.10317, -0.10211, 0.00187, 0.77886, -0.48656, 0.02024
20.68030, -0.09425, -0.10996, 0.00194, 0.94201, -0.94201, 0.00000, -0.09695, -0.10852, 0.00187, 0.79819, -0.44930, 0.01961
20.68696, -0.09111, -0.11310, 0.00194, 0.47100, -0.47100, 0.00000, -0.09387, -0.11180, 0.00187, 0.81912, -0.40996, 0.01897
20.69363, -0.08796, -0.11624, 0.00194, 0.47100, -0.47100, 0.00000, -0.09080, -0.11508, 0.00188, 0.83912, -0.36961, 0.01834
20.70030, -0.08168, -0.12252, 0.00194, 0.94201, -0.94201, 0.00000, -0.08456, -0.12150, 0.00188, 0.85486, -0.32823, 0.01770
20.70697, -0.07854, -0.12566, 0.00194, 0.47100, -0.47100, 0.00000, -0.08148, -0.12479, 0.00188, 0.87233, -0.28483, 0.01706
20.71364, -0.07226, -0.12881, 0.00194, 0.94201, -0.47100, 0.00000, -0.07525, -0.12808, 0.00188, 0.88880, -0.24040, 0.01643
20.72031, -0.06597, -0.13195, 0.00194, 0.94201, -0.47100, 0.00000, -0.06901, -0.13137, 0.00188, 0.90372, -0.19503, 0.01580
20.72698, -0.06283, -0.13509, 0.00194, 0.47100, -0.47100, 0.00000, -0.06591, -0.13467, 0.00189, 0.91689, -0.14867, 0.01518
20.73365, -0.05655, -0.13509, 0.00194, 0.94201, -0.47100, 0.00000, -0.05968, -0.13483, 0.00189, 0.93236, -0.10129, 0.01457
20.74032, -0.05341, -0.13823, 0.00194, 0.47100, 0.00000, 0.00000, -0.05657, -0.13813, 0.00189, 0.94285, -0.05403, 0.01397
20.74699, -0.04712, -0.14137, 0.00194, 0.94201, -0.47100, 0.00000, -0.05032, -0.14143, 0.00189, 0.95251, -0.00580, 0.01337
20.75366, -0.04084, -0.14137, 0.00194, 0.94201, 0.00000, 0.00000, -0.04407, -0.14160, 0.00189, 0.96365, 0.04343, 0.01278
20.76033, -0.03770, -0.14451, 0.00194, 0.47100, -0.47100, 0.00000, -0.04095, -0.14491, 0.00190, 0.96993, 0.09251, 0.01222
20.76700, -0.03142, -0.14451, 0.00194, 0.94201, 0.00000, 0.00000, -0.03469, -0.14507, 0.00190, 0.97835, 0.14264, 0.01165
20.77367, -0.02513, -0.14451, 0.00194, 0.94201, 0.00000, 0.00000, -0.02843, -0.14524, 0.00190, 0.98513, 0.19263, 0.01110
20.78034, -0.02199, -0.14451, 0.00194, 0.47100, 0.00000, 0.00000, -0.02530, -0.14541, 0.00190, 0.99014, 0.24253, 0.01057
20.78702, -0.01571, -0.14451, 0.00194, 0.94201, 0.00000, 0.00000, -0.01903, -0.14557, 0.00190, 0.99422, 0.29234, 0.01005
20.79368, -0.00942, -0.14451, 0.00194, 0.94201, 0.00000, 0.00000, -0.01275, -0.14574, 0.00190, 0.99646, 0.34207, 0.00955
20.80035, -0.00628, -0.14451, 0.00194, 0.47100, 0.00000, 0.00000, -0.00961, -0.14590, 0.00191, 0.99711, 0.39164, 0.00907
20.80702, 0.00000, -0.14451, 0.00194, 0.94201, 0.00000, 0.00000, -0.00333, -0.14607, 0.00191, 0.99661, 0.44120, 0.00860
20.81370, 0.00628, -0.14137, 0.00194, 0.94201, 0.47100, 0.00000, 0.00296, -0.14309, 0.00191, 0.99774, 0.49062, 0.00815
20.82036, 0.01257, -0.14137, 0.00194, 0.94201, 0.00000, 0.00000, 0.00925, -0.14325, 0.00191, 0.99378, 0.53887, 0.00772
20.82704, 0.01571, -0.13823, 0.00194, 0.47100, 0.47100, 0.00000, 0.01241, -0.14027, 0.00191, 0.99149, 0.58698, 0.00732
20.83370, 0.02199, -0.13823, 0.00194, 0.94201, 0.00000, 0.00000, 0.01871, -0.14042, 0.00191, 0.98478, 0.63397, 0.00694
20.84038, 0.02827, -0.13509, 0.00194, 0.94201, 0.47100, 0.00000, 0.02501, -0.13744, 0.00191, 0.97983, 0.68081, 0.00657
20.84704, 0.03142, -0.13195, 0.00194, 0.47100, 0.47100, 0.00000, 0.02818, -0.13444, 0.00192, 0.97309, 0.72648, 0.00624
20.85372, 0.03770, -0.12881, 0.00194, 0.94201, 0.47100, 0.00000, 0.03449, -0.13145, 0.00192, 0.96545, 0.77097, 0.00592
20.86038, 0.04398, -0.12566, 0.00194, 0.94201, 0.47100, 0.00000, 0.04081, -0.12845, 0.00192, 0.95596, 0.81432, 0.00564
20.86706, 0.04712, -0.12252, 0.00194, 0.47100, 0.47100, 0.00000, 0.04399, -0.12545, 0.00192, 0.94493, 0.85643, 0.00538
20.87372, 0.05341, -0.11938, 0.00194, 0.94201, 0.47100, 0.00000, 0.05031, -0.12244, 0.00192, 0.93276, 0.89744, 0.00515
20.88040, 0.05655, -0.11624, 0.00194, 0.47100, 0.47100, 0.00000, 0.05350, -0.11943, 0.00192, 0.91909, 0.93722, 0.00494
20.88706, 0.06283, -0.10996, 0.00194, 0.94201, 0.94201, 0.00000, 0.05983, -0.11327, 0.00192, 0.90761, 0.97589, 0.00475
20.89374, 0.06597, -0.10681, 0.00194, 0.47100, 0.47100, 0.00000, 0.06302, -0.11025, 0.00192, 0.89131, 1.01226, 0.00461
20.90040, 0.07226, -0.10367, 0.00194, 0.94201, 0.47101, 0.00000, 0.06937, -0.10722, 0.00192, 0.87386, 1.04754, 0.00448
20.90707, 0.07540, -0.09739, 0.00194, 0.47100, 0.94201, 0.00000, 0.07256, -0.10105, 0.00192, 0.85814, 1.08161, 0.00438
20.91374, 0.07854, -0.09425, 0.00194, 0.47100, 0.47100, 0.00000, 0.07577, -0.09801, 0.00192, 0.83811, 1.11347, 0.00430
20.92042, 0.08482, -0.08796, 0.00194, 0.94201, 0.94201, 0.00000, 0.08212, -0.09183, 0.00192, 0.82057, 1.14418, 0.00425
20.92708, 0.08796, -0.08482, 0.00194, 0.47100, 0.47100, 0.00000, 0.08533, -0.08878, 0.00192, 0.79800, 1.17264, 0.00424
20.93376, 0.09111, -0.07854, 0.00194, 0.47100, 0.94201, 0.00000, 0.08854, -0.08258, 0.00192, 0.77792, 1.19995, 0.00425
20.94042, 0.09739, -0.07226, 0.00194, 0.94201, 0.94201, 0.00000, 0.09490, -0.07638, 0.00192, 0.75686, 1.22506, 0.00429
20.94710, 0.10053, -0.06597, 0.00194, 0.47100, 0.94201, 0.00000, 0.09812, -0.07017, 0.00192, 0.73430, 1.24789, 0.00436
20.95376, 0.10367, -0.06283, 0.00194, 0.47100, 0.47100, 0.00000, 0.10135, -0.06709, 0.00192, 0.70748, 1.26851, 0.00447
20.96044, 0.10681, -0.05655, 0.00194, 0.47101, 0.94201, 0.00000, 0.10457, -0.06087, 0.00192, 0.68320, 1.28800, 0.00459
20.96710, 0.10996, -0.05027, 0.00194, 0.47100, 0.94201, 0.00000, 0.10780, -0.05464, 0.00192, 0.65799, 1.30528, 0.00475
20.97378, 0.11310, -0.04398, 0.00194, 0.47100, 0.94201, 0.00000, 0.11103, -0.04841, 0.00192, 0.63201, 1.32035, 0.00493
20.98044, 0.11624, -0.03770, 0.00194, 0.47100, 0.94201, 0.00000, 0.11426, -0.04216, 0.00192, 0.60514, 1.33320, 0.00515
20.98712, 0.11938, -0.03142, 0.00194, 0.47100, 0.94201, 0.00000, 0.11750, -0.03591, 0.00192, 0.57752, 1.34385, 0.00539
20.99378, 0.12252, -0.02513, 0.00194, 0.47100, 0.94201, 0.00000, 0.12073, -0.02965, 0.00192, 0.54905, 1.35229, 0.00566
21.00046, 0.12252, -0.01885, 0.00194, 0.00000, 0.94201, 0.00000, 0.12083, -0.02339, 0.00191, 0.51983, 1.35853, 0.00597
21.00712, 0.12566, -0.01257, 0.00194, 0.47100, 0.94201, 0.00000, 0.12407, -0.01711, 0.00191, 0.49050, 1.36259, 0.00629
21.01380, 0.12881, -0.00628, 0.00194, 0.47100, 0.94201, 0.00000, 0.12732, -0.01083, 0.00191, 0.46046, 1.36447, 0.00664
21.02046, 0.12881, 0.00000, 0.00194, 0.00000, 0.94201, 0.00000, 0.12742, -0.00455, 0.00191, 0.42965, 1.36412, 0.00702
21.02713, 0.13195, 0.00628, 0.00194, 0.47100, 0.94201, 0.00000, 0.13066, 0.00175, 0.00191, 0.39882, 1.36164, 0.00742
21.03380, 0.13195, 0.00942, 0.00194, 0.00000, 0.47100, 0.00000, 0.13078, 0.00491, 0.00191, 0.36403, 1.35691, 0.00785
21.04047, 0.13509, 0.01571, 0.00194, 0.47100, 0.94201, 0.00000, 0.13403, 0.01122, 0.00191, 0.33250, 1.35116, 0.00829
21.04714, 0.13509, 0.02199, 0.00194, 0.00000, 0.94201, 0.00000, 0.13414, 0.01753, 0.00191, 0.30029, 1.34317, 0.00876
21.05381, 0.13509, 0.02827, 0.00194, 0.00000, 0.94201, 0.00000, 0.13424, 0.02385, 0.00190, 0.26808, 1.33306, 0.00925
21.06048, 0.13823, 0.03456, 0.00194, 0.47100, 0.94201, 0.00000, 0.13749, 0.03018, 0.00190, 0.23595, 1.32076, 0.00975
21.06715, 0.13823, 0.04084, 0.00194, 0.00000, 0.94201, 0.00000, 0.13760, 0.03651, 0.00190, 0.20312, 1.30630, 0.01029
21.07382, 0.13823, 0.04398, 0.00194, 0.00000, 0.47100, 0.00000, 0.13772, 0.03971, 0.00190, 0.16719, 1.28962, 0.01084
21.08049, 0.13823, 0.05027, 0.00194, 0.00000, 0.94201, 0.00000, 0.13783, 0.04606, 0.00190, 0.13451, 1.27194, 0.01141
21.08716, 0.13823, 0.05655, 0.00194, 0.00000, 0.94201, 0.00000, 0.13794, 0.05241, 0.00189, 0.10197, 1.25208, 0.01200
21.09383, 0.13823, 0.06283, 0.00194, 0.00000, 0.94201, 0.00000, 0.13805, 0.05877, 0.00189, 0.06946, 1.23010, 0.01260
21.10050, 0.13823, 0.06597, 0.00194, 0.00000, 0.47100, 0.00000, 0.13817, 0.06199, 0.00189, 0.03395, 1.20590, 0.01322
21.10717, 0.13509, 0.07226, 0.00194, -0.47100, 0.94201, 0.00000, 0.13513, 0.06836, 0.00189, 0.00171, 1.18070, 0.01386
21.11384, 0.13509, 0.07540, 0.00194, 0.00000, 0.47100, 0.00000, 0.13525, 0.07160, 0.00189, -0.03283, 1.15333, 0.01450
21.12051, 0.13509, 0.07854, 0.00194, 0.00000, 0.47100, 0.00000, 0.13536, 0.07484, 0.00188, -0.06742, 1.12500, 0.01516
21.12718, 0.13195, 0.08482, 0.00194, -0.47100, 0.94201, 0.00000, 0.13232, 0.08122, 0.00188, -0.09848, 1.09555, 0.01583
21.13385, 0.13195, 0.08796, 0.00194, 0.00000, 0.47100, 0.00000, 0.13244, 0.08447, 0.00188, -0.13206, 1.06405, 0.01650
21.14052, 0.12881, 0.09111, 0.00194, -0.47100, 0.47100, 0.00000, 0.12940, 0.08772, 0.00188, -0.16524, 1.03139, 0.01719
21.14719, 0.12881, 0.09425, 0.00194, 0.00000, 0.47100, 0.00000, 0.12951, 0.09098, 0.00187, -0.19773, 0.99781, 0.01787
21.15386, 0.12566, 0.09739, 0.00194, -0.47100, 0.47100, 0.00000, 0.12648, 0.09424, 0.00187, -0.22981, 0.96308, 0.01856
21.16053, 0.12566, 0.10053, 0.00194, 0.00000, 0.47100, 0.00000, 0.12658, 0.09750, 0.00187, -0.26119, 0.92741, 0.01926
21.16720, 0.12252, 0.10367, 0.00194, -0.47100, 0.47100, 0.00000, 0.12354, 0.10077, 0.00187, -0.29214, 0.89060, 0.01996
21.17387, 0.11938, 0.10681, 0.00194, -0.47100, 0.47101, 0.00000, 0.12050, 0.10403, 0.00187, -0.32235, 0.85284, 0.02067
21.18054, 0.11624, 0.10996, 0.00194, -0.47100, 0.47100, 0.00000, 0.11745, 0.10731, 0.00186, -0.35148, 0.81401, 0.02137
21.18721, 0.11624, 0.10996, 0.00194, 0.00000, 0.00000, 0.00000, 0.11756, 0.10744, 0.00186, -0.38321, 0.77425, 0.02208
21.19388, 0.11310, 0.11310, 0.00194, -0.47100, 0.47100, 0.00000, 0.11451, 0.11072, 0.00186, -0.41115, 0.73443, 0.02278
21.20056, 0.10996, 0.11310, 0.00194, -0.47100, 0.00000, 0.00000, 0.11147, 0.11085, 0.00186, -0.44163, 0.69366, 0.02349
21.20722, 0.10681, 0.11624, 0.00194, -0.47100, 0.47100, 0.00000, 0.10841, 0.11413, 0.00185, -0.46768, 0.65289, 0.02419
21.21389, 0.10367, 0.11624, 0.00194, -0.47101, 0.00000, 0.00000, 0.10537, 0.11427, 0.00185, -0.49625, 0.61116, 0.02489
21.22056, 0.10053, 0.11624, 0.00194, -0.47100, 0.00000, 0.00000, 0.10231, 0.11441, 0.00185, -0.52351, 0.56940, 0.02557
21.22723, 0.09739, 0.11624, 0.00194, -0.47100, 0.00000, 0.00000, 0.09926, 0.11455, 0.00185, -0.55012, 0.52780, 0.02624
21.23390, 0.09111, 0.11624, 0.00194, -0.94201, 0.00000, 0.00000, 0.09306, 0.11469, 0.00184, -0.57550, 0.48618, 0.02691
21.24058, 0.08796, 0.11624, 0.00194, -0.47100, 0.00000, 0.00000, 0.09000, 0.11482, 0.00184, -0.59947, 0.44475, 0.02755
21.24724, 0.08482, 0.11624, 0.00194, -0.47100, 0.00000, 0.00000, 0.08693, 0.11496, 0.00184, -0.62221, 0.40331, 0.02819
21.25391, 0.08168, 0.11624, 0.00194, -0.47100, 0.00000, 0.00000, 0.08386, 0.11510, 0.00184, -0.64422, 0.36200, 0.02881
21.26058, 0.07540, 0.11624, 0.00194, -0.94201, 0.00000, 0.00000, 0.07765, 0.11524, 0.00184, -0.66508, 0.32070, 0.02943
21.26725, 0.07226, 0.11310, 0.00194, -0.47100, -0.47100, 0.00000, 0.07458, 0.11223, 0.00183, -0.68783, 0.27958, 0.03003
21.27392, 0.06911, 0.11310, 0.00194, -0.47100, 0.00000, 0.00000, 0.07150, 0.11237, 0.00183, -0.70604, 0.23954, 0.03061
21.28060, 0.06283, 0.10996, 0.00194, -0.94201, -0.47100, 0.00000, 0.06528, 0.10935, 0.00183, -0.72678, 0.19961, 0.03118
21.28726, 0.05969, 0.10996, 0.00194, -0.47100, 0.00000, 0.00000, 0.06219, 0.10948, 0.00183, -0.74239, 0.16083, 0.03171
21.29394, 0.05341, 0.10681, 0.00202, -0.94201, -0.47100, 0.01319, 0.05596, 0.10647, 0.00191, -0.76050, 0.12214, 0.03225
21.30060, 0.05027, 0.10367, 0.00202, -0.47100, -0.47101, 0.00000, 0.05288, 0.10345, 0.00191, -0.77666, 0.08459, 0.03274
21.30727, 0.04712, 0.10367, 0.00202, -0.47100, 0.00000, 0.00000, 0.04977, 0.10357, 0.00191, -0.78879, 0.04822, 0.03322
21.31394, 0.04084, 0.10053, 0.00202, -0.94201, -0.47100, 0.00000, 0.04354, 0.10055, 0.00191, -0.80311, 0.01188, 0.03368
21.32061, 0.03770, 0.09739, 0.00202, -0.47100, -0.47100, 0.00000, 0.04044, 0.09752, 0.00191, -0.81601, -0.02323, 0.03413
21.32728, 0.03142, 0.09425, 0.00202, -0.94201, -0.47100, 0.00000, 0.03419, 0.09449, 0.00191, -0.82776, -0.05723, 0.03454
21.33396, 0.02827, 0.09111, 0.00202, -0.47100, -0.47100, 0.00000, 0.03108, 0.09146, 0.00191, -0.83807, -0.09002, 0.03494
21.34062, 0.02199, 0.08796, 0.00202, -0.94201, -0.47100, 0.00000, 0.02483, 0.08842, 0.00190, -0.84730, -0.12170, 0.03531
21.34729, 0.01571, 0.08168, 0.00202, -0.94201, -0.94201, 0.00000, 0.01858, 0.08224, 0.00190, -0.85837, -0.15217, 0.03565
21.35396, 0.01257, 0.07854, 0.00202, -0.47100, -0.47100, 0.00000, 0.01545, 0.07919, 0.00190, -0.86437, -0.18039, 0.03595
21.36063, 0.00628, 0.07540, 0.00202, -0.94201, -0.47100, 0.00000, 0.00919, 0.07613, 0.00190, -0.86958, -0.20747, 0.03624
21.36730, 0.00314, 0.06911, 0.00202, -0.47100, -0.94201, 0.00000, 0.00607, 0.06993, 0.00190, -0.87629, -0.23337, 0.03649
21.37397, -0.00314, 0.06597, 0.00202, -0.94201, -0.47100, 0.00000, -0.00021, 0.06687, 0.00190, -0.87901, -0.25705, 0.03671
21.38064, -0.00628, 0.06283, 0.00211, -0.47100, -0.47100, 0.01319, -0.00335, 0.06380, 0.00199, -0.88012, -0.27954, 0.03690
21.38731, -0.01257, 0.05655, 0.00211, -0.94201, -0.94201, 0.00000, -0.00962, 0.05758, 0.00199, -0.88372, -0.30092, 0.03708
21.39398, -0.01571, 0.05341, 0.00211, -0.47100, -0.47100, 0.00000, -0.01277, 0.05450, 0.00199, -0.88242, -0.32001, 0.03722
21.40065, -0.02199, 0.04712, 0.00211, -0.94201, -0.94201, 0.00000, -0.01905, 0.04828, 0.00199, -0.88362, -0.33800, 0.03734
21.40732, -0.02513, 0.04398, 0.00211, -0.47100, -0.47100, 0.00000, -0.02221, 0.04519, 0.00199, -0.87997, -0.35370, 0.03742
21.41399, -0.03142, 0.03770, 0.00211, -0.94201, -0.94201, 0.00000, -0.02850, 0.03895, 0.00199, -0.87880, -0.36830, 0.03748
21.42066, -0.03456, 0.03456, 0.00211, -0.47100, -0.47100, 0.00000, -0.03166, 0.03585, 0.00199, -0.87284, -0.38061, 0.03749
21.42733, -0.04084, 0.02827, 0.00211, -0.94201, -0.94201, 0.00000, -0.03796, 0.02960, 0.00199, -0.86936, -0.39182, 0.03750
21.43400, -0.04398, 0.02199, 0.00211, -0.47100, -0.94201, 0.00000, -0.04112, 0.02334, 0.00199, -0.86437, -0.40073, 0.03745
21.44067, -0.05027, 0.01885, 0.00211, -0.94201, -0.47100, 0.00000, -0.04743, 0.02022, 0.00199, -0.85537, -0.40745, 0.03738
21.44734, -0.05341, 0.01257, 0.00211, -0.47100, -0.94201, 0.00000, -0.05060, 0.01395, 0.00199, -0.84820, -0.41297, 0.03728
21.45401, -0.05655, 0.00628, 0.00211, -0.47100, -0.94201, 0.00000, -0.05377, 0.00767, 0.00199, -0.84020, -0.41635, 0.03716
21.46068, -0.06283, 0.00314, 0.00211, -0.94201, -0.47100, 0.00000, -0.06009, 0.00453, 0.00199, -0.82826, -0.41748, 0.03700
21.46736, -0.06597, -0.00314, 0.00211, -0.47100, -0.94201, 0.00000, -0.06327, -0.00175, 0.00199, -0.81811, -0.41748, 0.03682
21.47402, -0.06911, -0.00628, 0.00211, -0.47100, -0.47100, 0.00000, -0.06646, -0.00490, 0.00199, -0.80406, -0.41522, 0.03660
21.48069, -0.07540, -0.01257, 0.00211, -0.94201, -0.94201, 0.00000, -0.07278, -0.01120, 0.00199, -0.79251, -0.41189, 0.03637
21.48736, -0.07854, -0.01885, 0.00211, -0.47100, -0.94201, 0.00000, -0.07597, -0.01751, 0.00199, -0.77970, -0.40623, 0.03609
21.49404, -0.08168, -0.02199, 0.00211, -0.47100, -0.47100, 0.00000, -0.07917, -0.02068, 0.00199, -0.76286, -0.39841, 0.03579
21.50070, -0.08482, -0.02827, 0.00211, -0.47100, -0.94201, 0.00000, -0.08236, -0.02699, 0.00199, -0.74874, -0.38942, 0.03546
21.50737, -0.08796, -0.03142, 0.00211, -0.47100, -0.47100, 0.00000, -0.08556, -0.03017, 0.00199, -0.73059, -0.37828, 0.03511
21.51404, -0.09111, -0.03770, 0.00211, -0.47100, -0.94201, 0.00000, -0.08875, -0.03650, 0.00200, -0.71520, -0.36596, 0.03473
21.52071, -0.09425, -0.04084, 0.00211, -0.47100, -0.47100, 0.00000, -0.09196, -0.03969, 0.00200, -0.69578, -0.35150, 0.03433
21.52738, -0.09739, -0.04712, 0.00211, -0.47100, -0.94201, 0.00000, -0.09516, -0.04603, 0.00200, -0.67917, -0.33586, 0.03391
21.53405, -0.10053, -0.05027, 0.00211, -0.47100, -0.47100, 0.00000, -0.09837, -0.04924, 0.00200, -0.65852, -0.31809, 0.03346
21.54072, -0.10367, -0.05655, 0.00211, -0.47100, -0.94201, 0.00000, -0.10157, -0.05559, 0.00200, -0.64075, -0.29912, 0.03299
21.54739, -0.10681, -0.05969, 0.00211, -0.47101, -0.47100, 0.00000, -0.10479, -0.05880, 0.00200, -0.61891, -0.27803, 0.03249
21.55406, -0.10681, -0.06283, 0.00211, 0.00000, -0.47100, 0.00000, -0.10486, -0.06202, 0.00201, -0.59668, -0.25578, 0.03197
21.56073, -0.10996, -0.06911, 0.00211, -0.47100, -0.94201, 0.00000, -0.10807, -0.06838, 0.00201, -0.57752, -0.23256, 0.03144
21.56740, -0.11310, -0.07226, 0.00211, -0.47100, -0.47100, 0.00000, -0.11129, -0.07161, 0.00201, -0.55485, -0.20704, 0.03089
21.57407, -0.11310, -0.07540, 0.00211, 0.00000, -0.47100, 0.00000, -0.11137, -0.07484, 0.00201, -0.53143, -0.18047, 0.03031
21.58074, -0.11624, -0.07854, 0.00211, -0.47100, -0.47100, 0.00000, -0.11459, -0.07808, 0.00201, -0.50841, -0.15277, 0.02972
21.58741, -0.11624, -0.08168, 0.00211, 0.00000, -0.47100, 0.00000, -0.11467, -0.08132, 0.00202, -0.48462, -0.12402, 0.02912
21.59408, -0.11938, -0.08482, 0.00211, -0.47100, -0.47100, 0.00000, -0.11789, -0.08456, 0.00202, -0.46130, -0.09413, 0.02850
21.60075, -0.11938, -0.08796, 0.00211, 0.00000, -0.47100, 0.00000, -0.11797, -0.08781, 0.00202, -0.43718, -0.06320, 0.02786
21.60742, -0.12252, -0.09111, 0.00211, -0.47100, -0.47100, 0.00000, -0.12119, -0.09106, 0.00202, -0.41357, -0.03113, 0.02722
21.61409, -0.12252, -0.09111, 0.00211, 0.00000, 0.00000, 0.00000, -0.12128, -0.09117, 0.00202, -0.38606, 0.00202, 0.02655
21.62076, -0.12252, -0.09425, 0.00211, 0.00000, -0.47100, 0.00000, -0.12136, -0.09442, 0.00203, -0.36227, 0.03521, 0.02589
21.62743, -0.12252, -0.09739, 0.00211, 0.00000, -0.47100, 0.00000, -0.12144, -0.09768, 0.00203, -0.33826, 0.06936, 0.02522
21.63410, -0.12252, -0.09739, 0.00211, 0.00000, 0.00000, 0.00000, -0.12153, -0.09780, 0.00203, -0.31151, 0.10465, 0.02453
21.64077, -0.12566, -0.10053, 0.00211, -0.47100, -0.47100, 0.00000, -0.12475, -0.10106, 0.00203, -0.28799, 0.13987, 0.02385
21.64744, -0.12566, -0.10053, 0.00211, 0.00000, 0.00000, 0.00000, -0.12484, -0.10118, 0.00204, -0.26105, 0.17626, 0.02315
21.65411, -0.12566, -0.10367, 0.00211, 0.00000, -0.47100, 0.00000, -0.12492, -0.10444, 0.00204, -0.23726, 0.21256, 0.02244
21.66078, -0.12252, -0.10367, 0.00211, 0.47100, 0.00000, 0.00000, -0.12186, -0.10457, 0.00204, -0.21086, 0.25002, 0.02173
21.66745, -0.12252, -0.10367, 0.00211, 0.00000, 0.00000, 0.00000, -0.12195, -0.10469, 0.00204, -0.18515, 0.28736, 0.02103
21.67412, -0.12252, -0.10367, 0.00211, 0.00000, 0.00000, 0.00000, -0.12203, -0.10482, 0.00204, -0.15994, 0.32473, 0.02033
21.68079, -0.12252, -0.10367, 0.00211, 0.00000, 0.00000, 0.00000, -0.12212, -0.10494, 0.00205, -0.13473, 0.36204, 0.01963
21.68746, -0.12252, -0.10367, 0.00211, 0.00000, 0.00000, 0.00000, -0.12220, -0.10507, 0.00205, -0.11006, 0.39938, 0.01892
21.69413, -0.11938, -0.10367, 0.00211, 0.47100, 0.00000, 0.00000, -0.11914, -0.10519, 0.00205, -0.08531, 0.43666, 0.01822
21.70080, -0.11938, -0.10367, 0.00211, 0.00000, 0.00000, 0.00000, -0.11922, -0.10532, 0.00205, -0.06186, 0.47391, 0.01753
21.70747, -0.11624, -0.10367, 0.00211, 0.47100, 0.00000, 0.00000, -0.11615, -0.10544, 0.00206, -0.03830, 0.51112, 0.01684
21.71414, -0.11624, -0.10053, 0.00211, 0.00000, 0.47100, 0.00000, -0.11624, -0.10242, 0.00206, -0.01267, 0.54829, 0.01616
21.72081, -0.11310, -0.10053, 0.00211, 0.47100, 0.00000, 0.00000, -0.11317, -0.10254, 0.00206, 0.00967, 0.58435, 0.01548
21.72748, -0.11310, -0.10053, 0.00211, 0.00000, 0.00000, 0.00000, -0.11324, -0.10266, 0.00206, 0.03068, 0.62036, 0.01482
21.73415, -0.10996, -0.09739, 0.00211, 0.47100, 0.47100, 0.00000, -0.11018, -0.09964, 0.00207, 0.05496, 0.65636, 0.01416
21.74082, -0.10681, -0.09739, 0.00211, 0.47100, 0.00000, 0.00000, -0.10710, -0.09975, 0.00207, 0.07474, 0.69121, 0.01351
21.74749, -0.10681, -0.09425, 0.00211, 0.00000, 0.47100, 0.00000, -0.10718, -0.09673, 0.00207, 0.09711, 0.72602, 0.01288
21.75416, -0.10367, -0.09111, 0.00211, 0.47101, 0.47100, 0.00000, -0.10411, -0.09369, 0.00207, 0.11906, 0.75972, 0.01226
21.76083, -0.10053, -0.09111, 0.00211, 0.47100, 0.00000, 0.00000, -0.10103, -0.09380, 0.00207, 0.13713, 0.79230, 0.01166
21.76750, -0.09739, -0.08796, 0.00211, 0.47100, 0.47100, 0.00000, -0.09795, -0.09077, 0.00208, 0.15724, 0.82480, 0.01106
21.77417, -0.09425, -0.08482, 0.00211, 0.47100, 0.47100, 0.00000, -0.09487, -0.08773, 0.00208, 0.17660, 0.85618, 0.01049
21.78084, -0.09111, -0.08168, 0.00211, 0.47100, 0.47100, 0.00000, -0.09179, -0.08469, 0.00208, 0.19486, 0.88639, 0.00994
21.78751, -0.08796, -0.07854, 0.00211, 0.47100, 0.47100, 0.00000, -0.08871, -0.08164, 0.00208, 0.21237, 0.91551, 0.00940
21.79418, -0.08482, -0.07540, 0.00211, 0.47100, 0.47100, 0.00000, -0.08562, -0.07859, 0.00208, 0.22882, 0.94344, 0.00889
21.80085, -0.08168, -0.07540, 0.00211, 0.47100, 0.00000, 0.00000, -0.08252, -0.07868, 0.00208, 0.24134, 0.97030, 0.00840
21.80752, -0.07854, -0.07226, 0.00211, 0.47100, 0.47100, 0.00000, -0.07942, -0.07562, 0.00209, 0.25604, 0.99702, 0.00791
21.81419, -0.07540, -0.06597, 0.00211, 0.47100, 0.94201, 0.00000, -0.07634, -0.06942, 0.00209, 0.27316, 1.02266, 0.00744
21.82086, -0.07226, -0.06283, 0.00211, 0.47100, 0.47100, 0.00000, -0.07324, -0.06636, 0.00209, 0.28608, 1.04603, 0.00701
21.82753, -0.06911, -0.05969, 0.00211, 0.47100, 0.47100, 0.00000, -0.07014, -0.06329, 0.00209, 0.29821, 1.06835, 0.00659
21.83420, -0.06597, -0.05655, 0.00211, 0.47100, 0.47100, 0.00000, -0.06703, -0.06022, 0.00209, 0.30943, 1.08943, 0.00619
21.84087, -0.05969, -0.05341, 0.00211, 0.94201, 0.47100, 0.00000, -0.06078, -0.05714, 0.00209, 0.31984, 1.10949, 0.00582
21.84754, -0.05655, -0.05027, 0.00211, 0.47100, 0.47100, 0.00000, -0.05767, -0.05406, 0.00209, 0.32871, 1.12826, 0.00547
21.85421, -0.05341, -0.04398, 0.00211, 0.47100, 0.94201, 0.00000, -0.05456, -0.04783, 0.00209, 0.33998, 1.14597, 0.00514
21.86088, -0.05027, -0.04084, 0.00211, 0.47100, 0.47100, 0.00000, -0.05144, -0.04474, 0.00210, 0.34719, 1.16139, 0.00484
21.86755, -0.04398, -0.03770, 0.00211, 0.94201, 0.47100, 0.00000, -0.04518, -0.04164, 0.00210, 0.35352, 1.17580, 0.00456
21.87422, -0.04084, -0.03142, 0.00211, 0.47100, 0.94201, 0.00000, -0.04206, -0.03540, 0.00210, 0.36167, 1.18895, 0.00431
21.88089, -0.03770, -0.02827, 0.00211, 0.47100, 0.47100, 0.00000, -0.03893, -0.03229, 0.00210, 0.36566, 1.19998, 0.00410
21.88756, -0.03142, -0.02513, 0.00211, 0.94201, 0.47100, 0.00000, -0.03266, -0.02918, 0.00210, 0.36907, 1.20971, 0.00389
21.89423, -0.02827, -0.01885, 0.00211, 0.47100, 0.94201, 0.00000, -0.02953, -0.02292, 0.00210, 0.37411, 1.21840, 0.00372
21.90090, -0.02513, -0.01571, 0.00211, 0.47100, 0.47100, 0.00000, -0.02639, -0.01980, 0.00210, 0.37529, 1.22475, 0.00357
21.90758, -0.01885, -0.01257, 0.00211, 0.94201, 0.47100, 0.00000, -0.02011, -0.01668, 0.00210, 0.37544, 1.23015, 0.00346
21.91424, -0.01571, -0.00628, 0.00211, 0.47100, 0.94201, 0.00000, -0.01697, -0.01040, 0.00210, 0.37763, 1.23426, 0.00336
21.92091, -0.00942, -0.00314, 0.00211, 0.94201, 0.47100, 0.00000, -0.01068, -0.00727, 0.00210, 0.37557, 1.23628, 0.00330
21.92758, -0.00628, 0.00000, 0.00211, 0.47100, 0.47100, 0.00000, -0.00753, -0.00412, 0.00210, 0.37249, 1.23695, 0.00326
21.93425, -0.00314, 0.00628, 0.00211, 0.47100, 0.94201, 0.00000, -0.00438, 0.00216, 0.00210, 0.37168, 1.23661, 0.00325
21.94092, 0.00314, 0.00942, 0.00211, 0.94201, 0.47100, 0.00000, 0.00192, 0.00532, 0.00210, 0.36723, 1.23394, 0.00326
21.94759, 0.00628, 0.01257, 0.00211, 0.47100, 0.47100, 0.00000, 0.00508, 0.00847, 0.00210, 0.36095, 1.23026, 0.00331
21.95426, 0.00942, 0.01571, 0.00211, 0.47100, 0.47100, 0.00000, 0.00825, 0.01163, 0.00210, 0.35444, 1.22530, 0.00336
21.96093, 0.01571, 0.02199, 0.00211, 0.94201, 0.94201, 0.00000, 0.01455, 0.01794, 0.00210, 0.35015, 1.21935, 0.00345
21.96760, 0.01885, 0.02513, 0.00211, 0.47100, 0.47100, 0.00000, 0.01772, 0.02111, 0.00210, 0.34163, 1.21102, 0.00356
21.97427, 0.02199, 0.02827, 0.00211, 0.47100, 0.47100, 0.00000, 0.02089, 0.02428, 0.00210, 0.33196, 1.20172, 0.00371
21.98094, 0.02827, 0.03142, 0.00211, 0.94201, 0.47100, 0.00000, 0.02721, 0.02746, 0.00210, 0.32223, 1.19113, 0.00386
21.98762, 0.03142, 0.03456, 0.00211, 0.47100, 0.47100, 0.00000, 0.03039, 0.03065, 0.00210, 0.31059, 1.17954, 0.00406
21.99429, 0.03456, 0.04084, 0.00211, 0.47100, 0.94201, 0.00000, 0.03356, 0.03697, 0.00210, 0.30195, 1.16673, 0.00427
22.00096, 0.04084, 0.04398, 0.00211, 0.94201, 0.47100, 0.00000, 0.03989, 0.04017, 0.00210, 0.28902, 1.15182, 0.00451
22.00763, 0.04398, 0.04712, 0.00211, 0.47100, 0.47100, 0.00000, 0.04308, 0.04337, 0.00209, 0.27540, 1.13560, 0.00477
22.01430, 0.04712, 0.05027, 0.00211, 0.47100, 0.47100, 0.00000, 0.04627, 0.04657, 0.00209, 0.26064, 1.11838, 0.00507
22.02097, 0.05027, 0.05341, 0.00211, 0.47100, 0.47100, 0.00000, 0.04946, 0.04977, 0.00209, 0.24585, 1.09992, 0.00537
22.02764, 0.05341, 0.05341, 0.00211, 0.47100, 0.00000, 0.00000, 0.05267, 0.04984, 0.00209, 0.22649, 1.08048, 0.00570
22.03431, 0.05969, 0.05655, 0.00211, 0.94201, 0.47100, 0.00000, 0.05901, 0.05305, 0.00209, 0.21064, 1.06086, 0.00603
22.04098, 0.06283, 0.05969, 0.00211, 0.47100, 0.47100, 0.00000, 0.06221, 0.05626, 0.00209, 0.19295, 1.04018, 0.00640
22.04765, 0.06597, 0.06283, 0.00211, 0.47100, 0.47100, 0.00000, 0.06541, 0.05947, 0.00209, 0.17522, 1.01830, 0.00678
22.05432, 0.06911, 0.06597, 0.00211, 0.47100, 0.47100, 0.00000, 0.06862, 0.06269, 0.00209, 0.15643, 0.99537, 0.00719
22.06099, 0.07226, 0.06597, 0.00211, 0.47100, 0.00000, 0.00000, 0.07184, 0.06277, 0.00209, 0.13456, 0.97123, 0.00760
22.06766, 0.07540, 0.06911, 0.00211, 0.47100, 0.47100, 0.00000, 0.07504, 0.06600, 0.00208, 0.11474, 0.94714, 0.00804
22.07433, 0.07854, 0.06911, 0.00211, 0.47100, 0.00000, 0.00000, 0.07826, 0.06608, 0.00208, 0.09180, 0.92186, 0.00848
22.08100, 0.08168, 0.07226, 0.00211, 0.47100, 0.47100, 0.00000, 0.08148, 0.06931, 0.00208, 0.07096, 0.89660, 0.00895
22.08767, 0.08482, 0.07226, 0.00211, 0.47100, 0.00000, 0.00000, 0.08470, 0.06940, 0.00208, 0.04697, 0.87018, 0.00942
22.09434, 0.08796, 0.07540, 0.00211, 0.47100, 0.47100, 0.00000, 0.08791, 0.07263, 0.00208, 0.02514, 0.84376, 0.00991
22.10101, 0.08796, 0.07540, 0.00211, 0.00000, 0.00000, 0.00000, 0.08800, 0.07272, 0.00208, 0.00005, 0.81620, 0.01041
22.10768, 0.09111, 0.07540, 0.00211, 0.47100, 0.00000, 0.00000, 0.09123, 0.07281, 0.00207, -0.02551, 0.78867, 0.01093
22.11435, 0.09425, 0.07540, 0.00211, 0.47100, 0.00000, 0.00000, 0.09445, 0.07291, 0.00207, -0.05086, 0.76108, 0.01144
22.12102, 0.09425, 0.07540, 0.00211, 0.00000, 0.00000, 0.00000, 0.09454, 0.07300, 0.00207, -0.07732, 0.73347, 0.01198
22.12769, 0.09739, 0.07540, 0.00211, 0.47100, 0.00000, 0.00000, 0.09777, 0.07309, 0.00207, -0.10300, 0.70586, 0.01250
22.13436, 0.10053, 0.07540, 0.00211, 0.47100, 0.00000, 0.00000, 0.10100, 0.07318, 0.00207, -0.12975, 0.67822, 0.01305
22.14103, 0.10053, 0.07540, 0.00211, 0.00000, 0.00000, 0.00000, 0.10109, 0.07327, 0.00207, -0.15647, 0.65055, 0.01359
22.14770, 0.10367, 0.07540, 0.00211, 0.47100, 0.00000, 0.00000, 0.10432, 0.07337, 0.00206, -0.18347, 0.62287, 0.01414
22.15437, 0.10367, 0.07540, 0.00211, 0.00000, 0.00000, 0.00000, 0.10441, 0.07346, 0.00206, -0.21052, 0.59518, 0.01469
22.16104, 0.10367, 0.07540, 0.00211, 0.00000, 0.00000, 0.00000, 0.10450, 0.07355, 0.00206, -0.23775, 0.56746, 0.01525
22.16771, 0.10681, 0.07540, 0.00211, 0.47101, 0.00000, 0.00000, 0.10774, 0.07364, 0.00206, -0.26440, 0.53980, 0.01580
22.17438, 0.10681, 0.07226, 0.00211, 0.00000, -0.47100, 0.00000, 0.10784, 0.07059, 0.00206, -0.29525, 0.51202, 0.01638
22.18105, 0.10681, 0.07226, 0.00211, 0.00000, 0.00000, 0.00000, 0.10793, 0.07068, 0.00205, -0.32223, 0.48542, 0.01693
22.18772, 0.10996, 0.07226, 0.00211, 0.47100, 0.00000, 0.00000, 0.11116, 0.07077, 0.00205, -0.34929, 0.45876, 0.01749
22.19439, 0.10996, 0.06911, 0.00211, 0.00000, -0.47100, 0.00000, 0.11126, 0.06772, 0.00205, -0.37976, 0.43215, 0.01805
22.20106, 0.10996, 0.06911, 0.00211, 0.00000, 0.00000, 0.00000, 0.11135, 0.06780, 0.00205, -0.40705, 0.40655, 0.01861
22.20773, 0.10996, 0.06597, 0.00211, 0.00000, -0.47100, 0.00000, 0.11145, 0.06474, 0.00205, -0.43717, 0.38105, 0.01916
22.21440, 0.10996, 0.06597, 0.00211, 0.00000, 0.00000, 0.00000, 0.11154, 0.06483, 0.00204, -0.46406, 0.35654, 0.01970
22.22107, 0.10996, 0.06283, 0.00211, 0.00000, -0.47100, 0.00000, 0.11164, 0.06176, 0.00204, -0.49384, 0.33214, 0.02024
22.22774, 0.10996, 0.05969, 0.00211, 0.00000, -0.47100, 0.00000, 0.11174, 0.05870, 0.00204, -0.52361, 0.30868, 0.02078
22.23441, 0.10996, 0.05969, 0.00211, 0.00000, 0.00000, 0.00000, 0.11183, 0.05877, 0.00204, -0.54984, 0.28643, 0.02131
22.24108, 0.10681, 0.05655, 0.00211, -0.47100, -0.47100, 0.00000, 0.10879, 0.05570, 0.00204, -0.57923, 0.26407, 0.02184
22.24775, 0.10681, 0.05341, 0.00211, 0.00000, -0.47100, 0.00000, 0.10888, 0.05263, 0.00204, -0.60769, 0.24300, 0.02234
22.25442, 0.10681, 0.05027, 0.00211, 0.00000, -0.47100, 0.00000, 0.10897, 0.04955, 0.00203, -0.63599, 0.22285, 0.02284
22.26109, 0.10367, 0.04712, 0.00211, -0.47101, -0.47100, 0.00000, 0.10593, 0.04647, 0.00203, -0.66416, 0.20394, 0.02332
22.26776, 0.10367, 0.04712, 0.00211, 0.00000, 0.00000, 0.00000, 0.10601, 0.04653, 0.00203, -0.68819, 0.18607, 0.02378
22.27443, 0.10367, 0.04398, 0.00211, 0.00000, -0.47100, 0.00000, 0.10610, 0.04345, 0.00203, -0.71543, 0.16831, 0.02425
22.28110, 0.10053, 0.04084, 0.00211, -0.47100, -0.47100, 0.00000, 0.10304, 0.04036, 0.00203, -0.74239, 0.15148, 0.02471
22.28777, 0.10053, 0.03770, 0.00211, 0.00000, -0.47100, 0.00000, 0.10313, 0.03727, 0.00203, -0.76869, 0.13594, 0.02514
22.29444, 0.09739, 0.03456, 0.00211, -0.47100, -0.47100, 0.00000, 0.10008, 0.03418, 0.00203, -0.79466, 0.12134, 0.02557
22.30111, 0.09739, 0.03142, 0.00211, 0.00000, -0.47100, 0.00000, 0.10016, 0.03108, 0.00202, -0.82005, 0.10801, 0.02597
22.30778, 0.09425, 0.02827, 0.00211, -0.47100, -0.47100, 0.00000, 0.09710, 0.02797, 0.00202, -0.84506, 0.09562, 0.02637
22.31445, 0.09111, 0.02513, 0.00211, -0.47100, -0.47100, 0.00000, 0.09404, 0.02487, 0.00202, -0.86955, 0.08450, 0.02674
22.32112, 0.09111, 0.02199, 0.00211, 0.00000, -0.47100, 0.00000, 0.09412, 0.02176, 0.00202, -0.89292, 0.07436, 0.02710
22.32779, 0.08796, 0.01885, 0.00211, -0.47100, -0.47100, 0.00000, 0.09105, 0.01864, 0.00202, -0.91656, 0.06545, 0.02745
22.33446, 0.08482, 0.01571, 0.00211, -0.47100, -0.47100, 0.00000, 0.08799, 0.01553, 0.00202, -0.93907, 0.05754, 0.02778
22.34113, 0.08168, 0.01257, 0.00211, -0.47100, -0.47100, 0.00000, 0.08492, 0.01241, 0.00202, -0.96120, 0.05088, 0.02808
22.34780, 0.07854, 0.00942, 0.00211, -0.47100, -0.47100, 0.00000, 0.08184, 0.00928, 0.00202, -0.98218, 0.04523, 0.02837
22.35447, 0.07854, 0.00628, 0.00211, 0.00000, -0.47100, 0.00000, 0.08191, 0.00615, 0.00202, -1.00287, 0.04085, 0.02864
22.36114, 0.07540, 0.00314, 0.00211, -0.47100, -0.47100, 0.00000, 0.07884, 0.00302, 0.00201, -1.02301, 0.03740, 0.02890
22.36781, 0.07226, 0.00000, 0.00211, -0.47100, -0.47100, 0.00000, 0.07576, -0.00012, 0.00201, -1.04291, 0.03521, 0.02914
22.37448, 0.06911, -0.00314, 0.00211, -0.47100, -0.47100, 0.00000, 0.07268, -0.00326, 0.00201, -1.06158, 0.03403, 0.02936
22.38115, 0.06597, -0.00628, 0.00211, -0.47100, -0.47100, 0.00000, 0.06960, -0.00640, 0.00201, -1.08006, 0.03409, 0.02956
22.38782, 0.06283, -0.00942, 0.00211, -0.47100, -0.47100, 0.00000, 0.06651, -0.00955, 0.00201, -1.09729, 0.03516, 0.02974
22.39449, 0.05969, -0.01257, 0.00211, -0.47100, -0.47100, 0.00000, 0.06343, -0.01270, 0.00201, -1.11439, 0.03747, 0.02990
22.40116, 0.05655, -0.01571, 0.00211, -0.47100, -0.47100, 0.00000, 0.06034, -0.01585, 0.00201, -1.13020, 0.04080, 0.03004
22.40783, 0.05341, -0.01885, 0.00211, -0.47100, -0.47100, 0.00000, 0.05725, -0.01901, 0.00201, -1.14595, 0.04535, 0.03017
22.41450, 0.05027, -0.02199, 0.00211, -0.47100, -0.47100, 0.00000, 0.05415, -0.02217, 0.00201, -1.16038, 0.05094, 0.03027
22.42117, 0.04398, -0.02513, 0.00211, -0.94201, -0.47100, 0.00000, 0.04792, -0.02534, 0.00201, -1.17477, 0.05772, 0.03035
22.42784, 0.04084, -0.02827, 0.00211, -0.47100, -0.47100, 0.00000, 0.04481, -0.02851, 0.00201, -1.18717, 0.06561, 0.03040
22.43451, 0.03770, -0.03142, 0.00211, -0.47100, -0.47100, 0.00000, 0.04171, -0.03168, 0.00201, -1.19964, 0.07470, 0.03044
22.44118, 0.03456, -0.03456, 0.00211, -0.47100, -0.47100, 0.00000, 0.03861, -0.03486, 0.00201, -1.21073, 0.08483, 0.03045
22.44785, 0.03142, -0.03770, 0.00211, -0.47100, -0.47100, 0.00000, 0.03550, -0.03804, 0.00201, -1.22194, 0.09616, 0.03045
22.45452, 0.02827, -0.04084, 0.00211, -0.47100, -0.47100, 0.00000, 0.03239, -0.04123, 0.00201, -1.23174, 0.10855, 0.03042
22.46119, 0.02199, -0.04084, 0.00211, -0.94201, 0.00000, 0.00000, 0.02613, -0.04127, 0.00201, -1.23819, 0.12211, 0.03038
22.46786, 0.01885, -0.04398, 0.00211, -0.47100, -0.47100, 0.00000, 0.02301, -0.04446, 0.00201, -1.24609, 0.13572, 0.03031
22.47453, 0.01571, -0.04712, 0.00211, -0.47100, -0.47100, 0.00000, 0.01990, -0.04765, 0.00201, -1.25421, 0.15048, 0.03023
22.48120, 0.01257, -0.05027, 0.00211, -0.47100, -0.47100, 0.00000, 0.01677, -0.05085, 0.00201, -1.26089, 0.16634, 0.03013
22.48787, 0.00942, -0.05027, 0.00211, -0.47100, 0.00000, 0.00000, 0.01364, -0.05091, 0.00201, -1.26434, 0.18335, 0.03001
22.49454, 0.00314, -0.05341, 0.00211, -0.94201, -0.47100, 0.00000, 0.00738, -0.05411, 0.00201, -1.26992, 0.20039, 0.02987
22.50121, 0.00000, -0.05341, 0.00211, -0.47100, 0.00000, 0.00000, 0.00424, -0.05417, 0.00201, -1.27156, 0.21861, 0.02972
22.50788, -0.00314, -0.05655, 0.00211, -0.47100, -0.47100, 0.00000, 0.00111, -0.05737, 0.00201, -1.27524, 0.23686, 0.02954
22.51455, -0.00628, -0.05655, 0.00211, -0.47100, 0.00000, 0.00000, -0.00203, -0.05744, 0.00201, -1.27576, 0.25623, 0.02936
22.52122, -0.00942, -0.05969, 0.00211, -0.47100, -0.47100, 0.00000, -0.00517, -0.06064, 0.00201, -1.27831, 0.27566, 0.02915
22.52789, -0.01571, -0.05969, 0.00211, -0.94201, 0.00000, 0.00000, -0.01145, -0.06071, 0.00202, -1.27768, 0.29618, 0.02894
22.53456, -0.01885, -0.05969, 0.00211, -0.47100, 0.00000, 0.00000, -0.01460, -0.06078, 0.00202, -1.27542, 0.31681, 0.02870
22.54123, -0.02199, -0.06283, 0.00211, -0.47100, -0.47100, 0.00000, -0.01774, -0.06399, 0.00202, -1.27652, 0.33742, 0.02845
22.54790, -0.02513, -0.06283, 0.00211, -0.47100, 0.00000, 0.00000, -0.02090, -0.06407, 0.00202, -1.27316, 0.35922, 0.02818
22.55457, -0.02827, -0.06283, 0.00211, -0.47100, 0.00000, 0.00000, -0.02405, -0.06414, 0.00202, -1.26972, 0.38101, 0.02791
22.56124, -0.03142, -0.06283, 0.00211, -0.47100, 0.00000, 0.00000, -0.02721, -0.06421, 0.00202, -1.26531, 0.40290, 0.02762
22.56791, -0.03770, -0.06283, 0.00211, -0.94201, 0.00000, 0.00000, -0.03351, -0.06429, 0.00202, -1.26078, 0.42476, 0.02733
22.57458, -0.04084, -0.06283, 0.00211, -0.47100, 0.00000, 0.00000, -0.03667, -0.06436, 0.00202, -1.25464, 0.44679, 0.02701
22.58125, -0.04398, -0.06283, 0.00211, -0.47100, 0.00000, 0.00000, -0.03984, -0.06443, 0.00202, -1.24839, 0.46877, 0.02669
22.58792, -0.04712, -0.06283, 0.00211, -0.47100, 0.00000, 0.00000, -0.04300, -0.06451, 0.00202, -1.24122, 0.49088, 0.02635
22.59459, -0.05027, -0.06283, 0.00211, -0.47100, 0.00000, 0.00000, -0.04617, -0.06458, 0.00203, -1.23390, 0.51293, 0.02601
22.60126, -0.05341, -0.06283, 0.00211, -0.47100, 0.00000, 0.00000, -0.04934, -0.06465, 0.00203, -1.22569, 0.53514, 0.02565
22.60793, -0.05655, -0.06283, 0.00211, -0.47100, 0.00000, 0.00000, -0.05251, -0.06473, 0.00203, -1.21730, 0.55725, 0.02529
22.61460, -0.05969, -0.06283, 0.00211, -0.47100, 0.00000, 0.00000, -0.05568, -0.06480, 0.00203, -1.20807, 0.57955, 0.02492
22.62127, -0.06283, -0.06283, 0.00211, -0.47100, 0.00000, 0.00000, -0.05886, -0.06488, 0.00203, -1.19859, 0.60174, 0.02454
22.62794, -0.06597, -0.05969, 0.00211, -0.47100, 0.47100, 0.00000, -0.06205, -0.06181, 0.00203, -1.18517, 0.62408, 0.02414
22.63461, -0.06597, -0.05969, 0.00211, 0.00000, 0.00000, 0.00000, -0.06208, -0.06188, 0.00203, -1.17464, 0.64525, 0.02375
22.64128, -0.06911, -0.05969, 0.00211, -0.47100, 0.00000, 0.00000, -0.06526, -0.06195, 0.00203, -1.16408, 0.66659, 0.02336
22.64795, -0.07226, -0.05655, 0.00211, -0.47100, 0.47100, 0.00000, -0.06845, -0.05888, 0.00204, -1.14985, 0.68786, 0.02296
22.65462, -0.07540, -0.05655, 0.00211, -0.47100, 0.00000, 0.00000, -0.07163, -0.05894, 0.00204, -1.13830, 0.70821, 0.02256
22.66129, -0.07540, -0.05655, 0.00211, 0.00000, 0.00000, 0.00000, -0.07167, -0.05901, 0.00204, -1.12623, 0.72840, 0.02215
22.66796, -0.07854, -0.05341, 0.00211, -0.47100, 0.47100, 0.00000, -0.07486, -0.05594, 0.00204, -1.11109, 0.74875, 0.02174
22.67463, -0.08168, -0.05341, 0.00211, -0.47100, 0.00000, 0.00000, -0.07805, -0.05600, 0.00204, -1.09860, 0.76789, 0.02133
22.68130, -0.08168, -0.05027, 0.00211, 0.00000, 0.47100, 0.00000, -0.07810, -0.05292, 0.00204, -1.08243, 0.78726, 0.02091
22.68797, -0.08482, -0.05027, 0.00211, -0.47100, 0.00000, 0.00000, -0.08129, -0.05298, 0.00204, -1.06950, 0.80536, 0.02050
22.69464, -0.08796, -0.04712, 0.00211, -0.47100, 0.47100, 0.00000, -0.08449, -0.04990, 0.00205, -1.05297, 0.82367, 0.02008
22.70131, -0.08796, -0.04712, 0.00211, 0.00000, 0.00000, 0.00000, -0.08453, -0.04996, 0.00205, -1.03887, 0.84076, 0.01965
22.70798, -0.08796, -0.04398, 0.00211, 0.00000, 0.47100, 0.00000, -0.08459, -0.04687, 0.00205, -1.02197, 0.85805, 0.01924
22.71465, -0.09111, -0.04084, 0.00211, -0.47100, 0.47100, 0.00000, -0.08779, -0.04378, 0.00205, -1.00498, 0.87412, 0.01883
22.72132, -0.09111, -0.04084, 0.00211, 0.00000, 0.00000, 0.00000, -0.08783, -0.04383, 0.00205, -0.99109, 0.88932, 0.01843
22.72799, -0.09425, -0.03770, 0.00211, -0.47100, 0.47100, 0.00000, -0.09104, -0.04074, 0.00205, -0.97363, 0.90435, 0.01802
22.73466, -0.09425, -0.03456, 0.00211, 0.00000, 0.47100, 0.00000, -0.09109, -0.03764, 0.00205, -0.95598, 0.91847, 0.01761
22.74133, -0.09425, -0.03456, 0.00211, 0.00000, 0.00000, 0.00000, -0.09114, -0.03769, 0.00205, -0.94109, 0.93132, 0.01721
22.74800, -0.09425, -0.03142, 0.00211, 0.00000, 0.47100, 0.00000, -0.09120, -0.03459, 0.00206, -0.92370, 0.94435, 0.01681
22.75467, -0.09425, -0.02827, 0.00211, 0.00000, 0.47100, 0.00000, -0.09126, -0.03148, 0.00206, -0.90589, 0.95617, 0.01642
22.76134, -0.09739, -0.02827, 0.00211, -0.47100, 0.00000, 0.00000, -0.09445, -0.03152, 0.00206, -0.89216, 0.96704, 0.01605
22.76801, -0.09739, -0.02513, 0.00211, 0.00000, 0.47100, 0.00000, -0.09451, -0.02841, 0.00206, -0.87382, 0.97782, 0.01566
22.77468, -0.09739, -0.02199, 0.00211, 0.00000, 0.47100, 0.00000, -0.09457, -0.02530, 0.00206, -0.85623, 0.98764, 0.01529
22.78135, -0.09739, -0.01885, 0.00211, 0.00000, 0.47100, 0.00000, -0.09463, -0.02218, 0.00206, -0.83806, 0.99626, 0.01491
22.78802, -0.09739, -0.01885, 0.00211, 0.00000, 0.00000, 0.00000, -0.09468, -0.02221, 0.00206, -0.82415, 1.00392, 0.01457
22.79469, -0.09425, -0.01571, 0.00211, 0.47100, 0.47100, 0.00000, -0.09159, -0.01909, 0.00206, -0.80602, 1.01146, 0.01420
22.80136, -0.09425, -0.01257, 0.00211, 0.00000, 0.47100, 0.00000, -0.09165, -0.01597, 0.00207, -0.78948, 1.01796, 0.01387
22.80803, -0.09425, -0.00942, 0.00211, 0.00000, 0.47100, 0.00000, -0.09171, -0.01284, 0.00207, -0.77222, 1.02331, 0.01354
22.81470, -0.09425, -0.00942, 0.00211, 0.00000, 0.00000, 0.00000, -0.09175, -0.01286, 0.00207, -0.75935, 1.02765, 0.01323
22.82137, -0.09425, -0.00628, 0.00211, 0.00000, 0.47100, 0.00000, -0.09181, -0.00973, 0.00207, -0.74217, 1.03192, 0.01291
22.82804, -0.09111, -0.00314, 0.00211, 0.47100, 0.47100, 0.00000, -0.08872, -0.00660, 0.00207, -0.72595, 1.03517, 0.01261
22.83471, -0.09111, 0.00000, 0.00211, 0.00000, 0.47100, 0.00000, -0.08877, -0.00346, 0.00207, -0.70954, 1.03724, 0.01231
22.84137, -0.09111, 0.00000, 0.00211, 0.00000, 0.00000, 0.00000, -0.08881, -0.00346, 0.00207, -0.69758, 1.03827, 0.01205
22.84805, -0.08796, 0.00314, 0.00211, 0.47100, 0.47100, 0.00000, -0.08572, -0.00032, 0.00207, -0.68113, 1.03926, 0.01176
22.85471, -0.08796, 0.00628, 0.00211, 0.00000, 0.47100, 0.00000, -0.08577, 0.00282, 0.00207, -0.66636, 1.03915, 0.01151
22.86139, -0.08482, 0.00628, 0.00211, 0.47100, 0.00000, 0.00000, -0.08267, 0.00282, 0.00207, -0.65361, 1.03795, 0.01124
22.86805, -0.08482, 0.00942, 0.00211, 0.00000, 0.47100, 0.00000, -0.08272, 0.00597, 0.00207, -0.63954, 1.03671, 0.01101
22.87472, -0.08168, 0.01257, 0.00211, 0.47100, 0.47100, 0.00000, -0.07963, 0.00912, 0.00208, -0.62453, 1.03439, 0.01077
22.88140, -0.08168, 0.01257, 0.00211, 0.00000, 0.00000, 0.00000, -0.07966, 0.00913, 0.00208, -0.61469, 1.03091, 0.01058
22.88807, -0.07854, 0.01571, 0.00211, 0.47100, 0.47100, 0.00000, -0.07657, 0.01229, 0.00208, -0.60035, 1.02748, 0.01036
22.89474, -0.07540, 0.01885, 0.00211, 0.47100, 0.47100, 0.00000, -0.07347, 0.01545, 0.00208, -0.58770, 1.02290, 0.01018
22.90141, -0.07540, 0.01885, 0.00211, 0.00000, 0.00000, 0.00000, -0.07350, 0.01547, 0.00208, -0.57778, 1.01724, 0.00999
22.90808, -0.07226, 0.02199, 0.00211, 0.47100, 0.47100, 0.00000, -0.07040, 0.01863, 0.00208, -0.56574, 1.01153, 0.00983
22.91475, -0.06911, 0.02199, 0.00211, 0.47100, 0.00000, 0.00000, -0.06728, 0.01865, 0.00208, -0.55640, 1.00476, 0.00967
22.92141, -0.06597, 0.02513, 0.00211, 0.47100, 0.47100, 0.00000, -0.06418, 0.02182, 0.00208, -0.54563, 0.99786, 0.00953
22.92809, -0.06597, 0.02513, 0.00211, 0.00000, 0.00000, 0.00000, -0.06420, 0.02184, 0.00208, -0.53771, 0.98994, 0.00940
22.93476, -0.06283, 0.02827, 0.00211, 0.47100, 0.47100, 0.00000, -0.06109, 0.02501, 0.00208, -0.52751, 0.98192, 0.00928
22.94143, -0.05969, 0.02827, 0.00211, 0.47100, 0.00000, 0.00000, -0.05798, 0.02504, 0.00208, -0.52015, 0.97289, 0.00917
22.94810, -0.05655, 0.02827, 0.00211, 0.47100, 0.00000, 0.00000, -0.05485, 0.02508, 0.00208, -0.51467, 0.96364, 0.00909
22.95477, -0.05341, 0.03142, 0.00211, 0.47100, 0.47100, 0.00000, -0.05174, 0.02825, 0.00208, -0.50558, 0.95450, 0.00900
22.96144, -0.05027, 0.03142, 0.00211, 0.47100, 0.00000, 0.00000, -0.04861, 0.02828, 0.00208, -0.50130, 0.94408, 0.00895
22.96811, -0.04712, 0.03142, 0.00211, 0.47100, 0.00000, 0.00000, -0.04548, 0.02832, 0.00208, -0.49654, 0.93380, 0.00888
22.97478, -0.04712, 0.03456, 0.00211, 0.00000, 0.47100, 0.00000, -0.04551, 0.03150, 0.00208, -0.48993, 0.92335, 0.00884
22.98145, -0.04398, 0.03456, 0.00211, 0.47100, 0.00000, 0.00000, -0.04238, 0.03154, 0.00208, -0.48579, 0.91196, 0.00879
22.98812, -0.04084, 0.03456, 0.00211, 0.47100, 0.00000, 0.00000, -0.03924, 0.03157, 0.00208, -0.48315, 0.90032, 0.00878
22.99479, -0.03770, 0.03456, 0.00211, 0.47100, 0.00000, 0.00000, -0.03611, 0.03161, 0.00208, -0.48029, 0.88885, 0.00875
23.00145, -0.03456, 0.03770, 0.00211, 0.47100, 0.47100, 0.00000, -0.03298, 0.03480, 0.00208, -0.47539, 0.87718, 0.00875
23.00813, -0.03142, 0.03770, 0.00211, 0.47100, 0.00000, 0.00000, -0.02985, 0.03484, 0.00208, -0.47382, 0.86455, 0.00876
23.01480, -0.02827, 0.03770, 0.00211, 0.47100, 0.00000, 0.00000, -0.02671, 0.03488, 0.00208, -0.47345, 0.85165, 0.00879
23.02146, -0.02513, 0.03770, 0.00211, 0.47100, 0.00000, 0.00000, -0.02356, 0.03492, 0.00208, -0.47314, 0.83893, 0.00881
23.02814, -0.02199, 0.03770, 0.00211, 0.47100, 0.00000, 0.00000, -0.02042, 0.03497, 0.00208, -0.47388, 0.82595, 0.00887
23.03481, -0.01571, 0.03770, 0.00211, 0.94201, 0.00000, 0.00000, -0.01413, 0.03501, 0.00208, -0.47479, 0.81315, 0.00891
23.04147, -0.01257, 0.03770, 0.00211, 0.47100, 0.00000, 0.00000, -0.01098, 0.03505, 0.00208, -0.47732, 0.80004, 0.00899
23.04815, -0.00942, 0.03770, 0.00211, 0.47100, 0.00000, 0.00000, -0.00783, 0.03510, 0.00208, -0.48019, 0.78709, 0.00906
23.05482, -0.00628, 0.03770, 0.00211, 0.47100, 0.00000, 0.00000, -0.00467, 0.03514, 0.00208, -0.48383, 0.77390, 0.00916
23.06148, -0.00314, 0.03456, 0.00211, 0.47100, -0.47100, 0.00000, -0.00150, 0.03204, 0.00208, -0.49117, 0.76090, 0.00925
23.06815, 0.00000, 0.03456, 0.00211, 0.47100, 0.00000, 0.00000, 0.00165, 0.03208, 0.00208, -0.49589, 0.74870, 0.00936
23.07483, 0.00314, 0.03456, 0.00211, 0.47100, 0.00000, 0.00000, 0.00481, 0.03212, 0.00208, -0.50123, 0.73665, 0.00946
23.08150, 0.00628, 0.03456, 0.00211, 0.47100, 0.00000, 0.00000, 0.00798, 0.03216, 0.00208, -0.50708, 0.72437, 0.00958
23.08817, 0.00942, 0.03456, 0.00211, 0.47100, 0.00000, 0.00000, 0.01114, 0.03220, 0.00208, -0.51367, 0.71222, 0.00971
23.09484, 0.01257, 0.03142, 0.00211, 0.47100, -0.47100, 0.00000, 0.01432, 0.02910, 0.00208, -0.52382, 0.69981, 0.00985
23.10151, 0.01571, 0.03142, 0.00211, 0.47100, 0.00000, 0.00000, 0.01749, 0.02914, 0.00208, -0.53164, 0.68865, 0.00999
23.10818, 0.01885, 0.03142, 0.00211, 0.47100, 0.00000, 0.00000, 0.02066, 0.02918, 0.00208, -0.53972, 0.67729, 0.01014
23.11485, 0.02199, 0.03142, 0.00211, 0.47100, 0.00000, 0.00000, 0.02383, 0.02921, 0.00208, -0.54880, 0.66603, 0.01029
23.12152, 0.02513, 0.02827, 0.00211, 0.47100, -0.47100, 0.00000, 0.02701, 0.02611, 0.00208, -0.56113, 0.65455, 0.01046
23.12819, 0.02827, 0.02827, 0.00211, 0.47100, 0.00000, 0.00000, 0.03019, 0.02614, 0.00208, -0.57145, 0.64428, 0.01063
23.13486, 0.03142, 0.02827, 0.00211, 0.47100, 0.00000, 0.00000, 0.03337, 0.02618, 0.00207, -0.58179, 0.63383, 0.01081
23.14153, 0.03456, 0.02513, 0.00211, 0.47100, -0.47100, 0.00000, 0.03656, 0.02307, 0.00207, -0.59679, 0.62348, 0.01099
23.14820, 0.03770, 0.02513, 0.00211, 0.47100, 0.00000, 0.00000, 0.03974, 0.02310, 0.00207, -0.60827, 0.61403, 0.01118
23.15487, 0.04084, 0.02513, 0.00211, 0.47100, 0.00000, 0.00000, 0.04293, 0.02313, 0.00207, -0.62109, 0.60465, 0.01137
23.16154, 0.04084, 0.02199, 0.00211, 0.00000, -0.47100, 0.00000, 0.04298, 0.02002, 0.00207, -0.63684, 0.59510, 0.01158
23.16821, 0.04398, 0.02199, 0.00211, 0.47100, 0.00000, 0.00000, 0.04617, 0.02005, 0.00207, -0.65023, 0.58675, 0.01177
23.17488, 0.04712, 0.01885, 0.00211, 0.47100, -0.47100, 0.00000, 0.04936, 0.01693, 0.00207, -0.66638, 0.57824, 0.01198
23.18155, 0.05027, 0.01885, 0.00211, 0.47100, 0.00000, 0.00000, 0.05256, 0.01696, 0.00207, -0.68102, 0.57087, 0.01218
23.18822, 0.05341, 0.01885, 0.00211, 0.47100, 0.00000, 0.00000, 0.05575, 0.01698, 0.00207, -0.69535, 0.56338, 0.01239
23.19489, 0.05341, 0.01571, 0.00211, 0.00000, -0.47100, 0.00000, 0.05581, 0.01386, 0.00207, -0.71474, 0.55588, 0.01262
23.20156, 0.05655, 0.01571, 0.00211, 0.47100, 0.00000, 0.00000, 0.05900, 0.01389, 0.00207, -0.72957, 0.54945, 0.01283
23.20823, 0.05969, 0.01257, 0.00211, 0.47100, -0.47100, 0.00000, 0.06221, 0.01076, 0.00207, -0.74963, 0.54298, 0.01306
23.21490, 0.06283, 0.01257, 0.00211, 0.47100, 0.00000, 0.00000, 0.06541, 0.01078, 0.00207, -0.76567, 0.53754, 0.01328
23.22157, 0.06283, 0.00942, 0.00211, 0.00000, -0.47100, 0.00000, 0.06548, 0.00766, 0.00207, -0.78695, 0.53203, 0.01352
23.22824, 0.06597, 0.00942, 0.00211, 0.47100, 0.00000, 0.00000, 0.06868, 0.00767, 0.00207, -0.80354, 0.52763, 0.01373
23.23491, 0.06597, 0.00942, 0.00211, 0.00000, 0.00000, 0.00000, 0.06874, 0.00769, 0.00206, -0.82187, 0.52318, 0.01397
23.24158, 0.06911, 0.00628, 0.00211, 0.47100, -0.47100, 0.00000, 0.07195, 0.00456, 0.00206, -0.84197, 0.51875, 0.01419
23.24825, 0.06911, 0.00628, 0.00211, 0.00000, 0.00000, 0.00000, 0.07201, 0.00457, 0.00206, -0.86090, 0.51532, 0.01443
23.25492, 0.07226, 0.00314, 0.00211, 0.47100, -0.47100, 0.00000, 0.07522, 0.00144, 0.00206, -0.88157, 0.51194, 0.01466
23.26159, 0.07226, 0.00314, 0.00211, 0.00000, 0.00000, 0.00000, 0.07529, 0.00145, 0.00206, -0.90112, 0.50954, 0.01489
23.26826, 0.07540, 0.00000, 0.00211, 0.47100, -0.47100, 0.00000, 0.07850, -0.00169, 0.00206, -0.92238, 0.50721, 0.01512
23.27493, 0.07540, 0.00000, 0.00211, 0.00000, 0.00000, 0.00000, 0.07857, -0.00168, 0.00206, -0.94255, 0.50583, 0.01535
23.28160, 0.07540, -0.00314, 0.00211, 0.00000, -0.47100, 0.00000, 0.07864, -0.00482, 0.00206, -0.96452, 0.50454, 0.01558
23.28827, 0.07854, -0.00314, 0.00211, 0.47100, 0.00000, 0.00000, 0.08185, -0.00482, 0.00206, -0.98473, 0.50423, 0.01580
23.29494, 0.07854, -0.00314, 0.00211, 0.00000, 0.00000, 0.00000, 0.08192, -0.00482, 0.00206, -1.00443, 0.50396, 0.01603
23.30161, 0.07854, -0.00628, 0.00211, 0.00000, -0.47100, 0.00000, 0.08200, -0.00796, 0.00206, -1.02882, 0.50355, 0.01627
23.30828, 0.07854, -0.00628, 0.00211, 0.00000, 0.00000, 0.00000, 0.08206, -0.00797, 0.00206, -1.04848, 0.50436, 0.01648
23.31495, 0.08168, -0.00942, 0.00211, 0.47100, -0.47100, 0.00000, 0.08529, -0.01111, 0.00206, -1.07291, 0.50501, 0.01671
23.32162, 0.08168, -0.00942, 0.00211, 0.00000, 0.00000, 0.00000, 0.08536, -0.01112, 0.00205, -1.09323, 0.50686, 0.01693
23.32829, 0.08168, -0.00942, 0.00211, 0.00000, 0.00000, 0.00000, 0.08543, -0.01112, 0.00205, -1.11466, 0.50859, 0.01715
23.33496, 0.08168, -0.01257, 0.00211, 0.00000, -0.47100, 0.00000, 0.08551, -0.01427, 0.00205, -1.13795, 0.51048, 0.01737
23.34163, 0.08168, -0.01257, 0.00211, 0.00000, 0.00000, 0.00000, 0.08558, -0.01428, 0.00205, -1.15935, 0.51329, 0.01758
23.34830, 0.08168, -0.01257, 0.00211, 0.00000, 0.00000, 0.00000, 0.08564, -0.01429, 0.00205, -1.17972, 0.51622, 0.01779
23.35497, 0.08168, -0.01571, 0.00211, 0.00000, -0.47100, 0.00000, 0.08573, -0.01745, 0.00205, -1.20467, 0.51896, 0.01800
23.36164, 0.08168, -0.01571, 0.00211, 0.00000, 0.00000, 0.00000, 0.08580, -0.01746, 0.00205, -1.22507, 0.52297, 0.01820
23.36831, 0.08168, -0.01571, 0.00211, 0.00000, 0.00000, 0.00000, 0.08587, -0.01747, 0.00205, -1.24648, 0.52684, 0.01841
23.37498, 0.07854, -0.01885, 0.00211, -0.47100, -0.47100, 0.00000, 0.08280, -0.02063, 0.00205, -1.27003, 0.53089, 0.01860
23.38165, 0.07854, -0.01885, 0.00211, 0.00000, 0.00000, 0.00000, 0.08287, -0.02065, 0.00205, -1.29075, 0.53588, 0.01879
23.38832, 0.07854, -0.01885, 0.00211, 0.00000, 0.00000, 0.00000, 0.08294, -0.02066, 0.00205, -1.31061, 0.54102, 0.01896
23.39499, 0.07854, -0.01885, 0.00211, 0.00000, 0.00000, 0.00000, 0.08301, -0.02068, 0.00205, -1.33135, 0.54600, 0.01915
23.40166, 0.07540, -0.02199, 0.00211, -0.47100, -0.47100, 0.00000, 0.07994, -0.02384, 0.00205, -1.35443, 0.55118, 0.01933
23.40833, 0.07540, -0.02199, 0.00211, 0.00000, 0.00000, 0.00000, 0.08001, -0.02386, 0.00205, -1.37448, 0.55728, 0.01949
23.41500, 0.07540, -0.02199, 0.00211, 0.00000, 0.00000, 0.00000, 0.08007, -0.02388, 0.00205, -1.39386, 0.56354, 0.01965
23.42167, 0.07226, -0.02199, 0.00211, -0.47100, 0.00000, 0.00000, 0.07700, -0.02390, 0.00204, -1.41390, 0.56965, 0.01981
23.42834, 0.07226, -0.02199, 0.00211, 0.00000, 0.00000, 0.00000, 0.07706, -0.02392, 0.00204, -1.43274, 0.57596, 0.01996
23.43501, 0.06911, -0.02199, 0.00211, -0.47100, 0.00000, 0.00000, 0.07398, -0.02394, 0.00204, -1.45213, 0.58211, 0.02011
23.44168, 0.06911, -0.02199, 0.00211, 0.00000, 0.00000, 0.00000, 0.07404, -0.02396, 0.00204, -1.47043, 0.58847, 0.02026
23.44835, 0.06597, -0.02199, 0.00211, -0.47100, 0.00000, 0.00000, 0.07096, -0.02399, 0.00204, -1.48916, 0.59466, 0.02040
23.45502, 0.06597, -0.02513, 0.00211, 0.00000, -0.47100, 0.00000, 0.07103, -0.02715, 0.00204, -1.51011, 0.60108, 0.02053
23.46169, 0.06283, -0.02513, 0.00211, -0.47100, 0.00000, 0.00000, 0.06795, -0.02717, 0.00204, -1.52815, 0.60840, 0.02065
23.46836, 0.06283, -0.02513, 0.00211, 0.00000, 0.00000, 0.00000, 0.06801, -0.02720, 0.00204, -1.54539, 0.61592, 0.02077
23.47503, 0.05969, -0.02513, 0.00211, -0.47100, 0.00000, 0.00000, 0.06492, -0.02722, 0.00204, -1.56277, 0.62329, 0.02088
23.48170, 0.05655, -0.02513, 0.00211, -0.47100, 0.00000, 0.00000, 0.06184, -0.02725, 0.00204, -1.57952, 0.63082, 0.02098
23.48837, 0.05655, -0.02513, 0.00211, 0.00000, 0.00000, 0.00000, 0.06189, -0.02727, 0.00204, -1.59555, 0.63828, 0.02107
23.49504, 0.05341, -0.02513, 0.00211, -0.47100, 0.00000, 0.00000, 0.05880, -0.02730, 0.00204, -1.61179, 0.64586, 0.02117
23.50171, 0.05027, -0.02199, 0.00211, -0.47100, 0.47100, 0.00000, 0.05570, -0.02418, 0.00204, -1.62400, 0.65340, 0.02125
23.50838, 0.05027, -0.02199, 0.00211, 0.00000, 0.00000, 0.00000, 0.05575, -0.02420, 0.00204, -1.63910, 0.65999, 0.02134
23.51505, 0.04712, -0.02199, 0.00211, -0.47100, 0.00000, 0.00000, 0.05266, -0.02422, 0.00204, -1.65383, 0.66648, 0.02142
23.52172, 0.04398, -0.02199, 0.00211, -0.47100, 0.00000, 0.00000, 0.04956, -0.02425, 0.00204, -1.66841, 0.67310, 0.02150
23.52839, 0.04084, -0.02199, 0.00211, -0.47100, 0.00000, 0.00000, 0.04646, -0.02427, 0.00204, -1.68179, 0.67969, 0.02156
23.53506, 0.04084, -0.02199, 0.00211, 0.00000, 0.00000, 0.00000, 0.04651, -0.02429, 0.00204, -1.69520, 0.68639, 0.02162
23.54173, 0.03770, -0.02199, 0.00211, -0.47100, 0.00000, 0.00000, 0.04341, -0.02431, 0.00204, -1.70790, 0.69304, 0.02167
23.54840, 0.03456, -0.02199, 0.00211, -0.47100, 0.00000, 0.00000, 0.04031, -0.02434, 0.00204, -1.72078, 0.69976, 0.02172
23.55507, 0.03142, -0.02199, 0.00211, -0.47100, 0.00000, 0.00000, 0.03720, -0.02436, 0.00204, -1.73213, 0.70651, 0.02175
23.56174, 0.02827, -0.02199, 0.00211, -0.47100, 0.00000, 0.00000, 0.03410, -0.02438, 0.00204, -1.74382, 0.71332, 0.02178
23.56841, 0.02827, -0.01885, 0.00211, 0.00000, 0.47100, 0.00000, 0.03412, -0.02126, 0.00204, -1.75074, 0.72017, 0.02179
23.57508, 0.02513, -0.01885, 0.00211, -0.47100, 0.00000, 0.00000, 0.03102, -0.02128, 0.00204, -1.76195, 0.72593, 0.02183
23.58175, 0.02199, -0.01885, 0.00211, -0.47100, 0.00000, 0.00000, 0.02791, -0.02130, 0.00204, -1.77129, 0.73176, 0.02184
23.58842, 0.01885, -0.01885, 0.00211, -0.47100, 0.00000, 0.00000, 0.02480, -0.02132, 0.00204, -1.78130, 0.73760, 0.02186
23.59509, 0.01571, -0.01885, 0.00211, -0.47100, 0.00000, 0.00000, 0.02168, -0.02134, 0.00204, -1.78928, 0.74353, 0.02184
23.60176, 0.01257, -0.01885, 0.00211, -0.47100, 0.00000, 0.00000, 0.01857, -0.02136, 0.00204, -1.79808, 0.74945, 0.02184
23.60843, 0.00942, -0.01885, 0.00211, -0.47100, 0.00000, 0.00000, 0.01545, -0.02138, 0.00204, -1.80471, 0.75549, 0.02181
23.61510, 0.00628, -0.01571, 0.00211, -0.47100, 0.47100, 0.00000, 0.01232, -0.01826, 0.00204, -1.80871, 0.76153, 0.02178
23.62177, 0.00628, -0.01571, 0.00211, 0.00000, 0.00000, 0.00000, 0.01233, -0.01827, 0.00204, -1.81393, 0.76659, 0.02173
23.62844, 0.00314, -0.01571, 0.00211, -0.47100, 0.00000, 0.00000, 0.00922, -0.01829, 0.00204, -1.82099, 0.77155, 0.02172
23.63511, 0.00000, -0.01571, 0.00211, -0.47100, 0.00000, 0.00000, 0.00609, -0.01831, 0.00204, -1.82564, 0.77667, 0.02166
23.64178, -0.00314, -0.01571, 0.00211, -0.47100, 0.00000, 0.00000, 0.00296, -0.01832, 0.00204, -1.83147, 0.78171, 0.02163
23.64845, -0.00628, -0.01571, 0.00211, -0.47100, 0.00000, 0.00000, -0.00017, -0.01834, 0.00204, -1.83478, 0.78693, 0.02155
23.65512, -0.00942, -0.01257, 0.00211, -0.47100, 0.47100, 0.00000, -0.00331, -0.01521, 0.00204, -1.83572, 0.79210, 0.02149
23.66179, -0.01257, -0.01257, 0.00211, -0.47100, 0.00000, 0.00000, -0.00644, -0.01523, 0.00204, -1.83774, 0.79635, 0.02140
23.66846, -0.01257, -0.01257, 0.00211, 0.00000, 0.00000, 0.00000, -0.00643, -0.01524, 0.00204, -1.84117, 0.80048, 0.02134
23.67513, -0.01571, -0.01257, 0.00211, -0.47100, 0.00000, 0.00000, -0.00957, -0.01526, 0.00204, -1.84254, 0.80477, 0.02124
23.68180, -0.01885, -0.01257, 0.00211, -0.47100, 0.00000, 0.00000, -0.01270, -0.01527, 0.00204, -1.84528, 0.80894, 0.02117
23.68847, -0.02199, -0.01257, 0.00211, -0.47100, 0.00000, 0.00000, -0.01585, -0.01529, 0.00204, -1.84533, 0.81334, 0.02105
23.69514, -0.02513, -0.01257, 0.00211, -0.47100, 0.00000, 0.00000, -0.01898, -0.01530, 0.00204, -1.84678, 0.81759, 0.02096
23.70181, -0.02827, -0.00942, 0.00211, -0.47100, 0.47100, 0.00000, -0.02214, -0.01217, 0.00204, -1.84268, 0.82205, 0.02083
23.70848, -0.02827, -0.00942, 0.00211, 0.00000, 0.00000, 0.00000, -0.02214, -0.01218, 0.00204, -1.84295, 0.82530, 0.02074
23.71515, -0.03142, -0.00942, 0.00211, -0.47100, 0.00000, 0.00000, -0.02529, -0.01219, 0.00204, -1.84111, 0.82877, 0.02060
