19.44505, 0.02513, 0.00942, -0.00009, -10.36207, 21.66616, 0.00000, 0.02395, 0.00624, -0.00009, 0.35755, 0.95546, 0.00012
19.44547, 0.02513, 0.00942, -0.00009, 0.00000, 0.00000, 0.00000, 0.02399, 0.00626, -0.00009, 0.34545, 0.95144, 0.00023
19.45214, 0.02827, 0.01571, -0.00009, 0.47100, 0.94201, 0.00000, 0.02715, 0.01256, -0.00009, 0.33979, 0.94747, 0.00034
19.45880, 0.03142, 0.02513, -0.00009, 0.47100, 1.41301, 0.00000, 0.03030, 0.02201, -0.00009, 0.33672, 0.94132, 0.00048
19.46548, 0.03456, 0.03142, -0.00009, 0.47100, 0.94201, 0.00000, 0.03347, 0.02833, -0.00009, 0.32975, 0.93186, 0.00066
19.47214, 0.03770, 0.04084, -0.00009, 0.47100, 1.41301, 0.00000, 0.03663, 0.03780, -0.00009, 0.32537, 0.92023, 0.00087
19.47882, 0.04084, 0.04712, -0.00009, 0.47100, 0.94201, 0.00000, 0.03980, 0.04413, -0.00009, 0.31723, 0.90529, 0.00112
19.48548, 0.04398, 0.05655, -0.00009, 0.47100, 1.41301, 0.00000, 0.04296, 0.05362, -0.00009, 0.31162, 0.88819, 0.00139
19.49216, 0.04712, 0.06283, -0.00009, 0.47100, 0.94201, 0.00000, 0.04613, 0.05998, -0.00009, 0.30245, 0.86778, 0.00171
19.49882, 0.05027, 0.06911, -0.00009, 0.47100, 0.94201, 0.00000, 0.04931, 0.06634, -0.00010, 0.29229, 0.84518, 0.00205
19.50550, 0.05341, 0.07854, -0.00009, 0.47100, 1.41301, 0.00000, 0.05247, 0.07585, -0.00010, 0.28828, 0.82037, 0.00243
19.51216, 0.05341, 0.08482, -0.00009, 0.00000, 0.94201, 0.00000, 0.05250, 0.08223, -0.00010, 0.27699, 0.79230, 0.00284
19.51884, 0.05655, 0.09111, -0.00009, 0.47100, 0.94201, 0.00000, 0.05568, 0.08862, -0.00010, 0.26683, 0.76208, 0.00328
19.52550, 0.05969, 0.09739, -0.00009, 0.47100, 0.94201, 0.00000, 0.05886, 0.09501, -0.00010, 0.25525, 0.72968, 0.00374
19.53217, 0.06283, 0.10367, -0.00009, 0.47100, 0.94201, 0.00000, 0.06204, 0.10142, -0.00010, 0.24443, 0.69507, 0.00423
19.53884, 0.06283, 0.10996, -0.00009, 0.00000, 0.94201, 0.00000, 0.06208, 0.10783, -0.00010, 0.23193, 0.65829, 0.00475
19.54552, 0.06597, 0.11310, -0.00009, 0.47100, 0.47100, 0.00000, 0.06528, 0.11110, -0.00011, 0.21537, 0.61935, 0.00529
19.55218, 0.06911, 0.11938, -0.00009, 0.47100, 0.94201, 0.00000, 0.06847, 0.11752, -0.00011, 0.20278, 0.57932, 0.00585
19.55886, 0.06911, 0.12566, -0.00009, 0.00000, 0.94201, 0.00000, 0.06850, 0.12395, -0.00011, 0.19156, 0.53707, 0.00644
19.56552, 0.07226, 0.12881, -0.00009, 0.47100, 0.47100, 0.00000, 0.07170, 0.12724, -0.00011, 0.17517, 0.49269, 0.00705
19.57220, 0.07226, 0.13195, -0.00009, 0.00000, 0.47100, 0.00000, 0.07176, 0.13053, -0.00011, 0.15851, 0.44719, 0.00768
19.57886, 0.07540, 0.13823, -0.00009, 0.47100, 0.94201, 0.00000, 0.07494, 0.13698, -0.00012, 0.14595, 0.40068, 0.00831
19.58553, 0.07540, 0.14137, -0.00009, 0.00000, 0.47100, 0.00000, 0.07500, 0.14028, -0.00012, 0.12966, 0.35193, 0.00898
19.59220, 0.07854, 0.14451, -0.00009, 0.47100, 0.47100, 0.00000, 0.07819, 0.14359, -0.00012, 0.11334, 0.30215, 0.00966
19.59888, 0.07854, 0.14765, -0.00009, 0.00000, 0.47100, 0.00000, 0.07825, 0.14690, -0.00012, 0.09748, 0.25123, 0.01036
19.60554, 0.08168, 0.15080, 0.00000, 0.47100, 0.47100, 0.01319, 0.08144, 0.15022, -0.00004, 0.08130, 0.19928, 0.01106
19.61221, 0.08168, 0.15394, 0.00000, 0.00000, 0.47100, 0.00000, 0.08149, 0.15354, -0.00004, 0.06590, 0.14620, 0.01179
19.61888, 0.08168, 0.15394, 0.00000, 0.00000, 0.00000, 0.00000, 0.08156, 0.15372, -0.00004, 0.04590, 0.09205, 0.01253
19.62555, 0.08168, 0.15708, 0.00000, 0.00000, 0.47100, 0.00000, 0.08161, 0.15705, -0.00005, 0.03168, 0.03792, 0.01327
19.63222, 0.08482, 0.15708, 0.00000, 0.47100, 0.00000, 0.00000, 0.08481, 0.15723, -0.00005, 0.01260, -0.01725, 0.01401
19.63889, 0.08482, 0.15708, 0.00000, 0.00000, 0.00000, 0.00000, 0.08488, 0.15741, -0.00005, -0.00649, -0.07245, 0.01477
19.64556, 0.08482, 0.16022, 0.00000, 0.00000, 0.47100, 0.00000, 0.08493, 0.16074, -0.00005, -0.02111, -0.12758, 0.01551
19.65223, 0.08482, 0.16022, 0.00009, 0.00000, 0.00000, 0.01319, 0.08499, 0.16093, 0.00003, -0.03898, -0.18382, 0.01628
19.65890, 0.08482, 0.16022, 0.00009, 0.00000, 0.00000, 0.00000, 0.08505, 0.16112, 0.00003, -0.05677, -0.24002, 0.01704
19.66557, 0.08482, 0.16022, 0.00009, 0.00000, 0.00000, 0.00000, 0.08510, 0.16130, 0.00003, -0.07340, -0.29623, 0.01781
19.67224, 0.08482, 0.15708, 0.00009, 0.00000, -0.47100, 0.00000, 0.08517, 0.15835, 0.00002, -0.09440, -0.35241, 0.01857
19.67891, 0.08482, 0.15708, 0.00009, 0.00000, 0.00000, 0.00000, 0.08522, 0.15853, 0.00002, -0.10979, -0.40750, 0.01933
19.68558, 0.08482, 0.15394, 0.00009, 0.00000, -0.47100, 0.00000, 0.08529, 0.15557, 0.00002, -0.12976, -0.46256, 0.02009
19.69225, 0.08482, 0.15394, 0.00009, 0.00000, 0.00000, 0.00000, 0.08534, 0.15575, 0.00002, -0.14395, -0.51653, 0.02084
19.69892, 0.08482, 0.15080, 0.00018, 0.00000, -0.47100, 0.01319, 0.08540, 0.15279, 0.00010, -0.16289, -0.57046, 0.02158
19.70559, 0.08482, 0.14765, 0.00018, 0.00000, -0.47100, 0.00000, 0.08546, 0.14982, 0.00010, -0.18104, -0.62331, 0.02232
19.71226, 0.08168, 0.14451, 0.00018, -0.47100, -0.47100, 0.00000, 0.08238, 0.14685, 0.00010, -0.19893, -0.67503, 0.02303
19.71893, 0.08168, 0.14137, 0.00018, 0.00000, -0.47100, 0.00000, 0.08243, 0.14387, 0.00010, -0.21523, -0.72564, 0.02374
19.72560, 0.08168, 0.13823, 0.00018, 0.00000, -0.47100, 0.00000, 0.08249, 0.14090, 0.00009, -0.23143, -0.77511, 0.02443
19.73227, 0.08168, 0.13509, 0.00018, 0.00000, -0.47100, 0.00000, 0.08254, 0.13791, 0.00009, -0.24662, -0.82353, 0.02512
19.73894, 0.07854, 0.13195, 0.00018, -0.47100, -0.47100, 0.00000, 0.07944, 0.13493, 0.00009, -0.26184, -0.87081, 0.02578
19.74561, 0.07854, 0.12566, 0.00018, 0.00000, -0.94201, 0.00000, 0.07951, 0.12880, 0.00009, -0.28034, -0.91697, 0.02643
19.75228, 0.07854, 0.12252, 0.00026, 0.00000, -0.47100, 0.01319, 0.07955, 0.12580, 0.00017, -0.29393, -0.96093, 0.02706
19.75895, 0.07540, 0.11938, 0.00026, -0.47100, -0.47100, 0.00000, 0.07645, 0.12280, 0.00017, -0.30639, -1.00383, 0.02769
19.76562, 0.07540, 0.11310, 0.00026, 0.00000, -0.94201, 0.00000, 0.07650, 0.11665, 0.00017, -0.32286, -1.04558, 0.02829
19.77229, 0.07226, 0.10681, 0.00026, -0.47100, -0.94201, 0.00000, 0.07341, 0.11050, 0.00017, -0.33872, -1.08516, 0.02888
19.77896, 0.07226, 0.10367, 0.00026, 0.00000, -0.47101, 0.00000, 0.07345, 0.10748, 0.00016, -0.34922, -1.12249, 0.02942
19.78563, 0.06911, 0.09739, 0.00026, -0.47100, -0.94201, 0.00000, 0.07035, 0.10131, 0.00016, -0.36351, -1.15877, 0.02997
19.79230, 0.06597, 0.09111, 0.00026, -0.47100, -0.94201, 0.00000, 0.06726, 0.09514, 0.00016, -0.37699, -1.19281, 0.03048
19.79897, 0.06597, 0.08482, 0.00035, 0.00000, -0.94201, 0.01319, 0.06730, 0.08896, 0.00025, -0.38905, -1.22464, 0.03097
19.80564, 0.06283, 0.07854, 0.00035, -0.47100, -0.94201, 0.00000, 0.06419, 0.08277, 0.00025, -0.40115, -1.25430, 0.03142
19.81231, 0.06283, 0.07226, 0.00035, 0.00000, -0.94201, 0.00000, 0.06423, 0.07657, 0.00024, -0.41177, -1.28175, 0.03186
19.81898, 0.05969, 0.06597, 0.00035, -0.47100, -0.94201, 0.00000, 0.06112, 0.07037, 0.00024, -0.42257, -1.30703, 0.03227
19.82565, 0.05655, 0.05969, 0.00035, -0.47100, -0.94201, 0.00000, 0.05801, 0.06416, 0.00024, -0.43190, -1.33009, 0.03267
19.83232, 0.05341, 0.05341, 0.00035, -0.47100, -0.94201, 0.00000, 0.05490, 0.05794, 0.00024, -0.44082, -1.35094, 0.03301
19.83899, 0.05341, 0.04712, 0.00035, 0.00000, -1.41301, 0.00000, 0.05492, 0.05172, 0.00024, -0.44817, -1.36958, 0.03335
19.84566, 0.05027, 0.03770, 0.00035, -0.47100, -0.94201, 0.00000, 0.05182, 0.04234, 0.00024, -0.46036, -1.38607, 0.03365
19.85233, 0.04712, 0.03142, 0.00035, -0.47100, -0.94201, 0.00000, 0.04870, 0.03610, 0.00024, -0.46658, -1.39925, 0.03393
19.85900, 0.04398, 0.02513, 0.00035, -0.47100, -0.94201, 0.00000, 0.04557, 0.02985, 0.00024, -0.47266, -1.41023, 0.03416
19.86567, 0.04398, 0.01885, 0.00044, 0.00000, -0.94201, 0.01319, 0.04559, 0.02359, 0.00032, -0.47709, -1.41900, 0.03438
19.87234, 0.04084, 0.00942, 0.00044, -0.47100, -1.41301, 0.00000, 0.04248, 0.01418, 0.00032, -0.48660, -1.42562, 0.03456
19.87901, 0.03770, 0.00314, 0.00044, -0.47100, -0.94201, 0.00000, 0.03935, 0.00791, 0.00032, -0.49012, -1.42893, 0.03472
19.88568, 0.03456, -0.00314, 0.00044, -0.47100, -0.94201, 0.00000, 0.03622, 0.00163, 0.00032, -0.49374, -1.43006, 0.03483
19.89236, 0.03142, -0.00942, 0.00044, -0.47100, -0.94201, 0.00000, 0.03308, -0.00466, 0.00032, -0.49574, -1.42896, 0.03493
19.89902, 0.02827, -0.01885, 0.00044, -0.47100, -1.41301, 0.00000, 0.02996, -0.01411, 0.00032, -0.50225, -1.42568, 0.03499
19.90570, 0.02827, -0.02513, 0.00044, 0.00000, -0.94201, 0.00000, 0.02996, -0.02041, 0.00032, -0.50276, -1.41910, 0.03502
19.91236, 0.02513, -0.03142, 0.00044, -0.47100, -0.94201, 0.00000, 0.02682, -0.02673, 0.00032, -0.50430, -1.41039, 0.03501
19.91904, 0.02199, -0.03770, 0.00044, -0.47100, -0.94201, 0.00000, 0.02368, -0.03305, 0.00032, -0.50425, -1.39945, 0.03499
19.92570, 0.01885, -0.04398, 0.00044, -0.47100, -0.94201, 0.00000, 0.02054, -0.03938, 0.00032, -0.50455, -1.38634, 0.03493
19.93238, 0.01571, -0.05027, 0.00044, -0.47100, -0.94201, 0.00000, 0.01739, -0.04572, 0.00032, -0.50330, -1.37100, 0.03485
19.93904, 0.01257, -0.05655, 0.00044, -0.47100, -0.94201, 0.00000, 0.01425, -0.05207, 0.00032, -0.50244, -1.35349, 0.03473
19.94572, 0.00942, -0.06283, 0.00044, -0.47100, -0.94201, 0.00000, 0.01109, -0.05842, 0.00032, -0.50011, -1.33375, 0.03459
19.95238, 0.00628, -0.06911, 0.00044, -0.47100, -0.94201, 0.00000, 0.00795, -0.06478, 0.00033, -0.49816, -1.31185, 0.03441
19.95906, 0.00628, -0.07540, 0.00044, 0.00000, -0.94201, 0.00000, 0.00793, -0.07115, 0.00033, -0.49479, -1.28772, 0.03421
19.96572, 0.00314, -0.08168, 0.00044, -0.47100, -0.94201, 0.00000, 0.00478, -0.07752, 0.00033, -0.49250, -1.26148, 0.03399
19.97239, 0.00000, -0.08796, 0.00044, -0.47100, -0.94201, 0.00000, 0.00163, -0.08390, 0.00033, -0.48897, -1.23301, 0.03373
19.97906, -0.00314, -0.09425, 0.00044, -0.47100, -0.94201, 0.00000, -0.00152, -0.09029, 0.00033, -0.48574, -1.20237, 0.03345
19.98573, -0.00628, -0.09739, 0.00044, -0.47100, -0.47100, 0.00000, -0.00470, -0.09355, 0.00033, -0.47607, -1.16949, 0.03314
19.99240, -0.00942, -0.10367, 0.00044, -0.47100, -0.94201, 0.00000, -0.00786, -0.09995, 0.00033, -0.47198, -1.13555, 0.03281
19.99907, -0.01257, -0.10681, 0.00044, -0.47100, -0.47101, 0.00000, -0.01103, -0.10321, 0.00033, -0.46164, -1.09937, 0.03245
20.00574, -0.01571, -0.11310, 0.00044, -0.47100, -0.94201, 0.00000, -0.01419, -0.10962, 0.00033, -0.45674, -1.06212, 0.03207
20.01241, -0.01571, -0.11624, 0.00044, 0.00000, -0.47100, 0.00000, -0.01423, -0.11290, 0.00033, -0.44576, -1.02264, 0.03167
20.01908, -0.01885, -0.11938, 0.00044, -0.47100, -0.47100, 0.00000, -0.01740, -0.11617, 0.00034, -0.43672, -0.98214, 0.03125
20.02575, -0.02199, -0.12566, 0.00044, -0.47100, -0.94201, 0.00000, -0.02056, -0.12260, 0.00034, -0.43140, -0.94052, 0.03081
20.03242, -0.02513, -0.12881, 0.00044, -0.47100, -0.47100, 0.00000, -0.02374, -0.12589, 0.00034, -0.42166, -0.89672, 0.03034
20.03909, -0.02827, -0.13195, 0.00044, -0.47100, -0.47100, 0.00000, -0.02692, -0.12918, 0.00034, -0.41048, -0.85178, 0.02986
20.04576, -0.02827, -0.13509, 0.00044, 0.00000, -0.47100, 0.00000, -0.02695, -0.13248, 0.00034, -0.40012, -0.80575, 0.02935
20.05243, -0.03142, -0.13509, 0.00044, -0.47100, 0.00000, 0.00000, -0.03015, -0.13264, 0.00034, -0.38382, -0.75862, 0.02884
20.05910, -0.03456, -0.13823, 0.00044, -0.47100, -0.47100, 0.00000, -0.03333, -0.13594, 0.00035, -0.37356, -0.71150, 0.02831
20.06577, -0.03770, -0.14137, 0.00044, -0.47100, -0.47100, 0.00000, -0.03651, -0.13924, 0.00035, -0.36242, -0.66326, 0.02777
20.07244, -0.03770, -0.14137, 0.00044, 0.00000, 0.00000, 0.00000, -0.03656, -0.13941, 0.00035, -0.34756, -0.61393, 0.02721
20.07911, -0.04084, -0.14451, 0.00044, -0.47100, -0.47100, 0.00000, -0.03973, -0.14271, 0.00035, -0.33687, -0.56460, 0.02664
20.08578, -0.04398, -0.14451, 0.00044, -0.47100, 0.00000, 0.00000, -0.04293, -0.14288, 0.00035, -0.32215, -0.51418, 0.02606
20.09245, -0.04398, -0.14451, 0.00044, 0.00000, 0.00000, 0.00000, -0.04298, -0.14305, 0.00036, -0.30575, -0.46370, 0.02547
20.09912, -0.04712, -0.14451, 0.00044, -0.47100, 0.00000, 0.00000, -0.04617, -0.14322, 0.00036, -0.29123, -0.41327, 0.02488
20.10579, -0.05027, -0.14451, 0.00044, -0.47100, 0.00000, 0.00000, -0.04937, -0.14339, 0.00036, -0.27534, -0.36278, 0.02428
20.11246, -0.05027, -0.14451, 0.00044, 0.00000, 0.00000, 0.00000, -0.04942, -0.14356, 0.00036, -0.26032, -0.31228, 0.02366
20.11913, -0.05341, -0.14451, 0.00044, -0.47100, 0.00000, 0.00000, -0.05261, -0.14372, 0.00036, -0.24493, -0.26179, 0.02305
20.12580, -0.05341, -0.14451, 0.00044, 0.00000, 0.00000, 0.00000, -0.05266, -0.14389, 0.00037, -0.23009, -0.21128, 0.02243
20.13247, -0.05655, -0.14137, 0.00044, -0.47100, 0.47100, 0.00000, -0.05587, -0.14092, 0.00037, -0.20975, -0.16076, 0.02181
20.13914, -0.05655, -0.14137, 0.00044, 0.00000, 0.00000, 0.00000, -0.05592, -0.14108, 0.00037, -0.19512, -0.11132, 0.02119
20.14581, -0.05655, -0.13823, 0.00044, 0.00000, 0.47100, 0.00000, -0.05599, -0.13810, 0.00037, -0.17528, -0.06188, 0.02057
20.15248, -0.05969, -0.13823, 0.00044, -0.47100, 0.00000, 0.00000, -0.05918, -0.13827, 0.00037, -0.16154, -0.01355, 0.01996
20.15915, -0.05969, -0.13509, 0.00044, 0.00000, 0.47100, 0.00000, -0.05924, -0.13528, 0.00038, -0.14219, 0.03482, 0.01935
20.16582, -0.06283, -0.13195, 0.00044, -0.47100, 0.47100, 0.00000, -0.06244, -0.13230, 0.00038, -0.12459, 0.08209, 0.01874
20.17249, -0.06283, -0.12881, 0.00044, 0.00000, 0.47100, 0.00000, -0.06250, -0.12931, 0.00038, -0.10572, 0.12831, 0.01813
20.17916, -0.06283, -0.12566, 0.00044, 0.00000, 0.47100, 0.00000, -0.06256, -0.12632, 0.00038, -0.08825, 0.17344, 0.01753
20.18583, -0.06283, -0.12252, 0.00044, 0.00000, 0.47100, 0.00000, -0.06262, -0.12332, 0.00038, -0.07048, 0.21747, 0.01694
20.19250, -0.06597, -0.11938, 0.00044, -0.47100, 0.47100, 0.00000, -0.06582, -0.12032, 0.00039, -0.05387, 0.26040, 0.01636
20.19917, -0.06597, -0.11624, 0.00044, 0.00000, 0.47100, 0.00000, -0.06588, -0.11731, 0.00039, -0.03647, 0.30229, 0.01579
20.20584, -0.06597, -0.11310, 0.00044, 0.00000, 0.47100, 0.00000, -0.06593, -0.11431, 0.00039, -0.01992, 0.34308, 0.01522
20.21251, -0.06597, -0.10681, 0.00044, 0.00000, 0.94201, 0.00000, -0.06601, -0.10815, 0.00039, 0.00187, 0.38279, 0.01466
20.21918, -0.06597, -0.10367, 0.00044, 0.00000, 0.47101, 0.00000, -0.06606, -0.10514, 0.00039, 0.01764, 0.42032, 0.01412
20.22585, -0.06597, -0.09739, 0.00044, 0.00000, 0.94201, 0.00000, -0.06613, -0.09897, 0.00040, 0.03846, 0.45675, 0.01359
20.23252, -0.06597, -0.09425, 0.00044, 0.00000, 0.47100, 0.00000, -0.06618, -0.09594, 0.00040, 0.05352, 0.49102, 0.01309
20.23919, -0.06597, -0.08796, 0.00035, 0.00000, 0.94201, -0.01319, -0.06624, -0.08976, 0.00031, 0.07346, 0.52420, 0.01259
20.24586, -0.06597, -0.08482, 0.00035, 0.00000, 0.47100, 0.00000, -0.06629, -0.08672, 0.00031, 0.08784, 0.55520, 0.01211
20.25253, -0.06597, -0.07854, 0.00035, 0.00000, 0.94201, 0.00000, -0.06636, -0.08054, 0.00031, 0.10698, 0.58511, 0.01164
20.25920, -0.06597, -0.07226, 0.00035, 0.00000, 0.94201, 0.00000, -0.06642, -0.07434, 0.00032, 0.12492, 0.61288, 0.01119
20.26587, -0.06597, -0.06911, 0.00035, 0.00000, 0.47100, 0.00000, -0.06646, -0.07129, 0.00032, 0.13801, 0.63846, 0.01077
20.27254, -0.06597, -0.06283, 0.00035, 0.00000, 0.94201, 0.00000, -0.06652, -0.06508, 0.00032, 0.15542, 0.66297, 0.01035
20.27921, -0.06283, -0.05655, 0.00035, 0.47100, 0.94201, 0.00000, -0.06343, -0.05887, 0.00032, 0.17315, 0.68530, 0.00995
20.28588, -0.06283, -0.05027, 0.00035, 0.00000, 0.94201, 0.00000, -0.06349, -0.05265, 0.00032, 0.18937, 0.70543, 0.00958
20.29255, -0.06283, -0.04398, 0.00035, 0.00000, 0.94201, 0.00000, -0.06354, -0.04642, 0.00032, 0.20589, 0.72338, 0.00923
20.29922, -0.06283, -0.03770, 0.00035, 0.00000, 0.94201, 0.00000, -0.06359, -0.04019, 0.00032, 0.22168, 0.73919, 0.00890
20.30589, -0.05969, -0.03142, 0.00035, 0.47100, 0.94201, 0.00000, -0.06050, -0.03395, 0.00032, 0.23770, 0.75282, 0.00859
20.31256, -0.05969, -0.02513, 0.00035, 0.00000, 0.94201, 0.00000, -0.06055, -0.02770, 0.00032, 0.25246, 0.76425, 0.00831
20.31923, -0.05969, -0.01885, 0.00035, 0.00000, 0.94201, 0.00000, -0.06060, -0.02144, 0.00033, 0.26747, 0.77350, 0.00805
20.32590, -0.05655, -0.01257, 0.00035, 0.47100, 0.94201, 0.00000, -0.05751, -0.01518, 0.00033, 0.28201, 0.78061, 0.00781
20.33258, -0.05655, -0.00942, 0.00035, 0.00000, 0.47100, 0.00000, -0.05754, -0.01205, 0.00033, 0.29087, 0.78551, 0.00760
20.33924, -0.05655, -0.00314, 0.00035, 0.47100, 0.94201, 0.00000, -0.05758, -0.00578, 0.00033, 0.30451, 0.78933, 0.00740
20.34591, -0.05341, 0.00314, 0.00035, 0.00000, 0.94201, 0.00000, -0.05449, 0.00050, 0.00033, 0.31837, 0.79098, 0.00722
20.35258, -0.05341, 0.00942, 0.00035, 0.00000, 0.94201, 0.00000, -0.05453, 0.00679, 0.00033, 0.33119, 0.79045, 0.00707
20.35925, -0.05027, 0.01571, 0.00035, 0.47100, 0.94201, 0.00000, -0.05143, 0.01309, 0.00033, 0.34428, 0.78774, 0.00694
20.36592, -0.05027, 0.02199, 0.00035, 0.00000, 0.94201, 0.00000, -0.05147, 0.01939, 0.00033, 0.35636, 0.78284, 0.00683
20.37259, -0.04712, 0.02827, 0.00035, 0.47100, 0.94201, 0.00000, -0.04837, 0.02570, 0.00033, 0.36877, 0.77578, 0.00675
20.37926, -0.04712, 0.03456, 0.00035, 0.00000, 0.94201, 0.00000, -0.04841, 0.03202, 0.00033, 0.38020, 0.76653, 0.00670
20.38593, -0.04398, 0.04084, 0.00035, 0.47100, 0.94201, 0.00000, -0.04530, 0.03835, 0.00033, 0.39202, 0.75510, 0.00667
20.39260, -0.04084, 0.04398, 0.00035, 0.47100, 0.47100, 0.00000, -0.04218, 0.04153, 0.00033, 0.39857, 0.74147, 0.00666
20.39927, -0.04084, 0.05027, 0.00035, 0.00000, 0.94201, 0.00000, -0.04222, 0.04787, 0.00033, 0.40927, 0.72672, 0.00668
20.40594, -0.03770, 0.05655, 0.00035, 0.47100, 0.94201, 0.00000, -0.03911, 0.05421, 0.00033, 0.41970, 0.70984, 0.00671
20.41261, -0.03770, 0.05969, 0.00035, 0.00000, 0.47100, 0.00000, -0.03913, 0.05742, 0.00033, 0.42487, 0.69075, 0.00678
20.41928, -0.03456, 0.06597, 0.00035, 0.47100, 0.94201, 0.00000, -0.03602, 0.06377, 0.00033, 0.43489, 0.67060, 0.00685
20.42595, -0.03142, 0.06911, 0.00035, 0.47100, 0.47100, 0.00000, -0.03289, 0.06699, 0.00033, 0.43972, 0.64825, 0.00695
20.43262, -0.03142, 0.07540, 0.00035, 0.00000, 0.94201, 0.00000, -0.03292, 0.07336, 0.00033, 0.44869, 0.62480, 0.00707
20.43929, -0.02827, 0.07854, 0.00035, 0.47100, 0.47100, 0.00000, -0.02979, 0.07659, 0.00033, 0.45328, 0.59918, 0.00722
20.44596, -0.02513, 0.08482, 0.00035, 0.47100, 0.94201, 0.00000, -0.02668, 0.08296, 0.00033, 0.46201, 0.57246, 0.00738
20.45263, -0.02513, 0.08796, 0.00035, 0.00000, 0.47100, 0.00000, -0.02669, 0.08620, 0.00033, 0.46575, 0.54352, 0.00757
20.45930, -0.02199, 0.09111, 0.00035, 0.47100, 0.47100, 0.00000, -0.02356, 0.08945, 0.00033, 0.46984, 0.51352, 0.00777
20.46597, -0.01885, 0.09425, 0.00035, 0.47100, 0.47100, 0.00000, -0.02043, 0.09269, 0.00032, 0.47350, 0.48240, 0.00799
20.47264, -0.01885, 0.09739, 0.00035, 0.00000, 0.47100, 0.00000, -0.02044, 0.09594, 0.00032, 0.47673, 0.45017, 0.00823
20.47931, -0.01571, 0.10053, 0.00035, 0.47100, 0.47100, 0.00000, -0.01731, 0.09920, 0.00032, 0.48035, 0.41687, 0.00848
20.48598, -0.01257, 0.10367, 0.00035, 0.47100, 0.47100, 0.00000, -0.01418, 0.10246, 0.00032, 0.48350, 0.38247, 0.00875
20.49265, -0.00942, 0.10681, 0.00035, 0.47100, 0.47101, 0.00000, -0.01105, 0.10572, 0.00032, 0.48644, 0.34694, 0.00904
20.49932, -0.00942, 0.10996, 0.00035, 0.00000, 0.47100, 0.00000, -0.01106, 0.10898, 0.00032, 0.48885, 0.31031, 0.00935
20.50599, -0.00628, 0.10996, 0.00035, 0.47100, 0.00000, 0.00000, -0.00791, 0.10911, 0.00032, 0.48680, 0.27261, 0.00966
20.51266, -0.00314, 0.11310, 0.00035, 0.47100, 0.47100, 0.00000, -0.00477, 0.11238, 0.00032, 0.48923, 0.23488, 0.00999
20.51933, 0.00000, 0.11310, 0.00035, 0.47100, 0.00000, 0.00000, -0.00162, 0.11251, 0.00032, 0.48662, 0.19603, 0.01034
20.52600, 0.00000, 0.11624, 0.00035, 0.00000, 0.47100, 0.00000, -0.00163, 0.11578, 0.00032, 0.48840, 0.15716, 0.01069
20.53267, 0.00314, 0.11624, 0.00035, 0.47100, 0.00000, 0.00000, 0.00152, 0.11591, 0.00031, 0.48592, 0.11721, 0.01106
20.53934, 0.00628, 0.11624, 0.00035, 0.47100, 0.00000, 0.00000, 0.00468, 0.11605, 0.00031, 0.48327, 0.07722, 0.01143
20.54601, 0.00628, 0.11624, 0.00035, 0.00000, 0.00000, 0.00000, 0.00469, 0.11618, 0.00031, 0.48025, 0.03720, 0.01182
20.55268, 0.00942, 0.11624, 0.00035, 0.47100, 0.00000, 0.00000, 0.00784, 0.11631, 0.00031, 0.47769, -0.00280, 0.01220
20.55935, 0.01257, 0.11624, 0.00035, 0.47100, 0.00000, 0.00000, 0.01099, 0.11645, 0.00031, 0.47487, -0.04284, 0.01260
20.56602, 0.01571, 0.11624, 0.00035, 0.47100, 0.00000, 0.00000, 0.01414, 0.11658, 0.00031, 0.47171, -0.08290, 0.01300
20.57269, 0.01571, 0.11624, 0.00035, 0.00000, 0.00000, 0.00000, 0.01415, 0.11672, 0.00031, 0.46835, -0.12301, 0.01342
20.57936, 0.01885, 0.11624, 0.00035, 0.47100, 0.00000, 0.00000, 0.01731, 0.11685, 0.00031, 0.46528, -0.16309, 0.01383
20.58603, 0.02199, 0.11310, 0.00035, 0.47100, -0.47100, 0.00000, 0.02048, 0.11384, 0.00030, 0.45714, -0.20322, 0.01425
20.59270, 0.02199, 0.11310, 0.00035, 0.00000, 0.00000, 0.00000, 0.02049, 0.11397, 0.00030, 0.45354, -0.24229, 0.01467
20.59937, 0.02513, 0.10996, 0.00035, 0.47100, -0.47100, 0.00000, 0.02366, 0.11096, 0.00030, 0.44559, -0.28136, 0.01510
20.60604, 0.02827, 0.10996, 0.00035, 0.47100, 0.00000, 0.00000, 0.02681, 0.11108, 0.00030, 0.44205, -0.31938, 0.01552
20.61271, 0.02827, 0.10681, 0.00035, 0.00000, -0.47100, 0.00000, 0.02684, 0.10807, 0.00030, 0.43353, -0.35744, 0.01595
20.61938, 0.03142, 0.10367, 0.00035, 0.47100, -0.47101, 0.00000, 0.03001, 0.10505, 0.00030, 0.42554, -0.39440, 0.01637
20.62605, 0.03142, 0.10367, 0.00035, 0.00000, 0.00000, 0.00000, 0.03002, 0.10517, 0.00030, 0.42212, -0.43030, 0.01680
20.63272, 0.03456, 0.10053, 0.00035, 0.47100, -0.47100, 0.00000, 0.03319, 0.10214, 0.00029, 0.41417, -0.46620, 0.01722
20.63939, 0.03770, 0.09739, 0.00035, 0.47100, -0.47100, 0.00000, 0.03636, 0.09912, 0.00029, 0.40596, -0.50106, 0.01764
20.64606, 0.03770, 0.09425, 0.00035, 0.00000, -0.47100, 0.00000, 0.03639, 0.09609, 0.00029, 0.39742, -0.53488, 0.01806
20.65273, 0.04084, 0.09111, 0.00035, 0.47100, -0.47100, 0.00000, 0.03956, 0.09305, 0.00029, 0.38929, -0.56760, 0.01847
20.65940, 0.04084, 0.08796, 0.00035, 0.00000, -0.47100, 0.00000, 0.03959, 0.09001, 0.00029, 0.38077, -0.59929, 0.01888
20.66607, 0.04398, 0.08482, 0.00035, 0.47100, -0.47100, 0.00000, 0.04276, 0.08697, 0.00029, 0.37268, -0.62988, 0.01928
20.67274, 0.04398, 0.07854, 0.00035, 0.00000, -0.94201, 0.00000, 0.04280, 0.08078, 0.00029, 0.35957, -0.65943, 0.01968
20.67941, 0.04712, 0.07540, 0.00035, 0.47100, -0.47100, 0.00000, 0.04597, 0.07773, 0.00028, 0.35149, -0.68680, 0.02006
20.68608, 0.04712, 0.07226, 0.00035, 0.00000, -0.47100, 0.00000, 0.04600, 0.07468, 0.00028, 0.34288, -0.71316, 0.02044
20.69275, 0.04712, 0.06597, 0.00035, 0.00000, -0.94201, 0.00000, 0.04604, 0.06847, 0.00028, 0.32973, -0.73844, 0.02081
20.69942, 0.05027, 0.06283, 0.00035, 0.47100, -0.47100, 0.00000, 0.04921, 0.06541, 0.00028, 0.32163, -0.76154, 0.02116
20.70609, 0.05027, 0.05969, 0.00035, 0.00000, -0.47100, 0.00000, 0.04924, 0.06234, 0.00028, 0.31329, -0.78357, 0.02151
20.71276, 0.05027, 0.05341, 0.00035, 0.00000, -0.94201, 0.00000, 0.04928, 0.05612, 0.00028, 0.30048, -0.80454, 0.02185
20.71943, 0.05341, 0.05027, 0.00035, 0.47100, -0.47100, 0.00000, 0.05245, 0.05304, 0.00028, 0.29273, -0.82331, 0.02218
20.72610, 0.05341, 0.04398, 0.00035, 0.00000, -0.94201, 0.00000, 0.05249, 0.04681, 0.00028, 0.27968, -0.84108, 0.02249
20.73277, 0.05341, 0.03770, 0.00035, 0.00000, -0.94201, 0.00000, 0.05254, 0.04058, 0.00028, 0.26671, -0.85670, 0.02280
20.73944, 0.05341, 0.03456, 0.00035, 0.00000, -0.47100, 0.00000, 0.05256, 0.03748, 0.00027, 0.25866, -0.87017, 0.02307
20.74611, 0.05655, 0.02827, 0.00035, 0.47100, -0.94201, 0.00000, 0.05575, 0.03123, 0.00027, 0.24613, -0.88254, 0.02334
20.75278, 0.05655, 0.02513, 0.00035, 0.00000, -0.47100, 0.00000, 0.05578, 0.02813, 0.00027, 0.23772, -0.89282, 0.02360
20.75945, 0.05655, 0.01885, 0.00035, 0.00000, -0.94201, 0.00000, 0.05582, 0.02187, 0.00027, 0.22474, -0.90199, 0.02385
20.76612, 0.05655, 0.01257, 0.00035, 0.00000, -0.94201, 0.00000, 0.05586, 0.01561, 0.00027, 0.21199, -0.90900, 0.02408
20.77279, 0.05655, 0.00942, 0.00035, 0.00000, -0.47100, 0.00000, 0.05589, 0.01248, 0.00027, 0.20417, -0.91380, 0.02429
20.77946, 0.05655, 0.00314, 0.00035, 0.00000, -0.94201, 0.00000, 0.05593, 0.00620, 0.00027, 0.19160, -0.91757, 0.02449
20.78614, 0.05655, -0.00314, 0.00035, 0.00000, -0.94201, 0.00000, 0.05597, -0.00008, 0.00027, 0.17904, -0.91918, 0.02467
20.79280, 0.05655, -0.00628, 0.00035, 0.00000, -0.47100, 0.00000, 0.05600, -0.00322, 0.00027, 0.17118, -0.91867, 0.02483
20.79948, 0.05655, -0.01257, 0.00035, 0.00000, -0.94201, 0.00000, 0.05604, -0.00951, 0.00027, 0.15871, -0.91705, 0.02498
20.80614, 0.05655, -0.01571, 0.00035, 0.00000, -0.47100, 0.00000, 0.05607, -0.01267, 0.00027, 0.15089, -0.91331, 0.02511
20.81282, 0.05655, -0.02199, 0.00035, 0.00000, -0.94201, 0.00000, 0.05611, -0.01897, 0.00027, 0.13842, -0.90846, 0.02523
20.81948, 0.05655, -0.02827, 0.00035, 0.00000, -0.94201, 0.00000, 0.05615, -0.02528, 0.00027, 0.12600, -0.90145, 0.02533
20.82615, 0.05655, -0.03142, 0.00035, 0.00000, -0.47100, 0.00000, 0.05617, -0.02846, 0.00027, 0.11840, -0.89223, 0.02542
20.83282, 0.05655, -0.03770, 0.00035, 0.00000, -0.94201, 0.00000, 0.05622, -0.03478, 0.00027, 0.10589, -0.88199, 0.02549
20.83949, 0.05655, -0.04084, 0.00035, 0.00000, -0.47100, 0.00000, 0.05624, -0.03796, 0.00027, 0.09816, -0.86955, 0.02555
20.84616, 0.05655, -0.04712, 0.00035, 0.00000, -0.94201, 0.00000, 0.05628, -0.04429, 0.00027, 0.08548, -0.85608, 0.02559
20.85284, 0.05655, -0.05027, 0.00035, 0.00000, -0.47100, 0.00000, 0.05631, -0.04749, 0.00027, 0.07755, -0.84042, 0.02561
20.85950, 0.05341, -0.05655, 0.00035, -0.47100, -0.94201, 0.00000, 0.05321, -0.05383, 0.00027, 0.06468, -0.82373, 0.02563
20.86618, 0.05341, -0.05969, 0.00035, 0.00000, -0.47100, 0.00000, 0.05323, -0.05704, 0.00027, 0.05716, -0.80480, 0.02561
20.87284, 0.05341, -0.06283, 0.00035, 0.00000, -0.47100, 0.00000, 0.05326, -0.06025, 0.00027, 0.04923, -0.78487, 0.02558
20.87952, 0.05341, -0.06597, 0.00035, 0.00000, -0.47100, 0.00000, 0.05329, -0.06346, 0.00027, 0.04136, -0.76381, 0.02555
20.88618, 0.05027, -0.07226, 0.00035, -0.47100, -0.94201, 0.00000, 0.05019, -0.06982, 0.00027, 0.02852, -0.74170, 0.02550
20.89285, 0.05027, -0.07540, 0.00035, 0.00000, -0.47100, 0.00000, 0.05021, -0.07305, 0.00027, 0.02095, -0.71738, 0.02543
20.89952, 0.05027, -0.07854, 0.00035, 0.00000, -0.47100, 0.00000, 0.05024, -0.07628, 0.00027, 0.01295, -0.69203, 0.02534
20.90619, 0.04712, -0.08168, 0.00035, -0.47100, -0.47100, 0.00000, 0.04712, -0.07951, 0.00027, 0.00488, -0.66557, 0.02525
20.91286, 0.04712, -0.08482, 0.00035, 0.00000, -0.47100, 0.00000, 0.04715, -0.08274, 0.00027, -0.00290, -0.63803, 0.02514
20.91953, 0.04712, -0.08796, 0.00035, 0.00000, -0.47100, 0.00000, 0.04718, -0.08598, 0.00027, -0.01079, -0.60940, 0.02501
20.92620, 0.04398, -0.09111, 0.00035, -0.47100, -0.47100, 0.00000, 0.04406, -0.08922, 0.00027, -0.01909, -0.57973, 0.02488
20.93287, 0.04398, -0.09111, 0.00035, 0.00000, 0.00000, 0.00000, 0.04407, -0.08933, 0.00027, -0.02189, -0.54887, 0.02473
20.93954, 0.04084, -0.09425, 0.00035, -0.47100, -0.47100, 0.00000, 0.04095, -0.09257, 0.00027, -0.03008, -0.51809, 0.02457
20.94622, 0.04084, -0.09739, 0.00035, 0.00000, -0.47100, 0.00000, 0.04098, -0.09582, 0.00027, -0.03781, -0.48619, 0.02440
20.95288, 0.04084, -0.09739, 0.00035, 0.00000, 0.00000, 0.00000, 0.04099, -0.09593, 0.00027, -0.04135, -0.45323, 0.02422
20.95956, 0.03770, -0.10053, 0.00035, -0.47100, -0.47100, 0.00000, 0.03788, -0.09919, 0.00027, -0.04974, -0.42028, 0.02403
20.96622, 0.03770, -0.10053, 0.00035, 0.00000, 0.00000, 0.00000, 0.03789, -0.09930, 0.00027, -0.05321, -0.38621, 0.02383
20.97289, 0.03456, -0.10367, 0.00035, -0.47100, -0.47100, 0.00000, 0.03477, -0.10256, 0.00027, -0.06161, -0.35216, 0.02363
20.97956, 0.03456, -0.10367, 0.00035, 0.00000, 0.00000, 0.00000, 0.03479, -0.10267, 0.00027, -0.06504, -0.31699, 0.02341
20.98624, 0.03142, -0.10367, 0.00035, -0.47100, 0.00000, 0.00000, 0.03165, -0.10279, 0.00027, -0.06844, -0.28181, 0.02319
20.99290, 0.03142, -0.10367, 0.00035, 0.00000, 0.00000, 0.00000, 0.03167, -0.10291, 0.00028, -0.07186, -0.24662, 0.02295
20.99958, 0.02827, -0.10367, 0.00035, -0.47100, 0.00000, 0.00000, 0.02853, -0.10303, 0.00028, -0.07532, -0.21142, 0.02272
21.00624, 0.02827, -0.10367, 0.00035, 0.00000, 0.00000, 0.00000, 0.02855, -0.10314, 0.00028, -0.07873, -0.17620, 0.02248
21.01292, 0.02513, -0.10367, 0.00035, -0.47100, 0.00000, 0.00000, 0.02541, -0.10326, 0.00028, -0.08226, -0.14099, 0.02224
21.01958, 0.02513, -0.10367, 0.00035, 0.00000, 0.00000, 0.00000, 0.02543, -0.10338, 0.00028, -0.08565, -0.10575, 0.02199
21.02626, 0.02199, -0.10367, 0.00035, -0.47100, 0.00000, 0.00000, 0.02230, -0.10350, 0.00028, -0.08925, -0.07052, 0.02174
21.03292, 0.01885, -0.10367, 0.00035, -0.47100, 0.00000, 0.00000, 0.01916, -0.10361, 0.00028, -0.09269, -0.03525, 0.02148
21.03960, 0.01885, -0.10053, 0.00035, 0.00000, 0.47100, 0.00000, 0.01916, -0.10059, 0.00028, -0.09065, 0.00005, 0.02122
21.04626, 0.01571, -0.10053, 0.00035, -0.47100, 0.00000, 0.00000, 0.01603, -0.10070, 0.00028, -0.09409, 0.03426, 0.02096
21.05293, 0.01571, -0.09739, 0.00035, 0.00000, 0.47100, 0.00000, 0.01602, -0.09767, 0.00028, -0.09213, 0.06850, 0.02069
21.05960, 0.01257, -0.09739, 0.00035, -0.47100, 0.00000, 0.00000, 0.01289, -0.09778, 0.00028, -0.09556, 0.10166, 0.02043
21.06628, 0.01257, -0.09425, 0.00035, 0.00000, 0.47100, 0.00000, 0.01288, -0.09475, 0.00029, -0.09365, 0.13484, 0.02016
21.07294, 0.00942, -0.09425, 0.00035, -0.47100, 0.00000, 0.00000, 0.00975, -0.09486, 0.00029, -0.09704, 0.16694, 0.01991
21.07961, 0.00628, -0.09111, 0.00035, -0.47100, 0.47100, 0.00000, 0.00660, -0.09182, 0.00029, -0.09512, 0.19906, 0.01964
21.08628, 0.00628, -0.08796, 0.00035, 0.00000, 0.47100, 0.00000, 0.00660, -0.08878, 0.00029, -0.09331, 0.23017, 0.01937
21.09296, 0.00314, -0.08482, 0.00035, -0.47100, 0.47100, 0.00000, 0.00345, -0.08574, 0.00029, -0.09143, 0.26016, 0.01911
21.09962, 0.00314, -0.08482, 0.00035, 0.00000, 0.00000, 0.00000, 0.00345, -0.08584, 0.00029, -0.09391, 0.28910, 0.01886
21.10629, 0.00000, -0.08168, 0.00035, -0.47100, 0.47100, 0.00000, 0.00031, -0.08279, 0.00029, -0.09201, 0.31803, 0.01860
21.11296, 0.00000, -0.07854, 0.00035, 0.00000, 0.47100, 0.00000, 0.00030, -0.07974, 0.00029, -0.09002, 0.34596, 0.01834
21.11963, -0.00314, -0.07540, 0.00035, -0.47100, 0.47100, 0.00000, -0.00285, -0.07668, 0.00029, -0.08810, 0.37276, 0.01809
21.12630, -0.00628, -0.07226, 0.00035, -0.47100, 0.47100, 0.00000, -0.00600, -0.07363, 0.00029, -0.08606, 0.39857, 0.01785
21.13297, -0.00628, -0.06911, 0.00035, 0.00000, 0.47100, 0.00000, -0.00601, -0.07057, 0.00029, -0.08346, 0.42331, 0.01760
21.13964, -0.00942, -0.06597, 0.00035, -0.47100, 0.47100, 0.00000, -0.00916, -0.06750, 0.00029, -0.08126, 0.44699, 0.01737
21.14631, -0.00942, -0.05969, 0.00035, 0.00000, 0.94201, 0.00000, -0.00918, -0.06129, 0.00030, -0.07339, 0.46957, 0.01713
21.15298, -0.01257, -0.05655, 0.00035, -0.47100, 0.47100, 0.00000, -0.01234, -0.05822, 0.00030, -0.07099, 0.49004, 0.01692
21.15965, -0.01257, -0.05341, 0.00035, 0.00000, 0.47100, 0.00000, -0.01234, -0.05514, 0.00030, -0.06813, 0.50946, 0.01670
21.16632, -0.01571, -0.05027, 0.00035, -0.47100, 0.47100, 0.00000, -0.01550, -0.05205, 0.00030, -0.06547, 0.52780, 0.01650
21.17299, -0.01571, -0.04712, 0.00035, 0.00000, 0.47100, 0.00000, -0.01551, -0.04897, 0.00030, -0.06238, 0.54511, 0.01629
21.17966, -0.01885, -0.04084, 0.00035, -0.47100, 0.94201, 0.00000, -0.01867, -0.04274, 0.00030, -0.05506, 0.56139, 0.01610
21.18633, -0.01885, -0.03770, 0.00035, 0.00000, 0.47100, 0.00000, -0.01868, -0.03964, 0.00030, -0.05172, 0.57550, 0.01591
21.19300, -0.02199, -0.03456, 0.00035, -0.47100, 0.47100, 0.00000, -0.02184, -0.03654, 0.00030, -0.04841, 0.58851, 0.01574
21.19967, -0.02199, -0.02827, 0.00035, 0.00000, 0.94201, 0.00000, -0.02187, -0.03029, 0.00030, -0.03958, 0.60046, 0.01556
21.20634, -0.02199, -0.02513, 0.00035, 0.00000, 0.47100, 0.00000, -0.02188, -0.02718, 0.00030, -0.03582, 0.61026, 0.01541
21.21301, -0.02513, -0.02199, 0.00035, -0.47100, 0.47100, 0.00000, -0.02503, -0.02407, 0.00030, -0.03238, 0.61900, 0.01526
21.21968, -0.02513, -0.01571, 0.00035, 0.00000, 0.94201, 0.00000, -0.02506, -0.01781, 0.00030, -0.02379, 0.62675, 0.01511
21.22635, -0.02827, -0.01257, 0.00035, -0.47100, 0.47100, 0.00000, -0.02822, -0.01468, 0.00030, -0.01991, 0.63230, 0.01499
21.23302, -0.02827, -0.00942, 0.00035, 0.00000, 0.47100, 0.00000, -0.02823, -0.01155, 0.00030, -0.01521, 0.63679, 0.01486
21.23969, -0.02827, -0.00314, 0.00035, 0.00000, 0.94201, 0.00000, -0.02827, -0.00528, 0.00030, -0.00573, 0.64020, 0.01475
21.24636, -0.03142, 0.00000, 0.00035, -0.47100, 0.47100, 0.00000, -0.03142, -0.00214, 0.00030, -0.00122, 0.64147, 0.01465
21.25303, -0.03142, 0.00314, 0.00035, 0.00000, 0.47100, 0.00000, -0.03144, 0.00100, 0.00030, 0.00373, 0.64173, 0.01456
21.25970, -0.03142, 0.00942, 0.00035, 0.00000, 0.94201, 0.00000, -0.03147, 0.00729, 0.00030, 0.01331, 0.64094, 0.01447
21.26637, -0.03456, 0.01257, 0.00035, -0.47100, 0.47100, 0.00000, -0.03463, 0.01045, 0.00030, 0.01824, 0.63795, 0.01441
21.27304, -0.03456, 0.01571, 0.00035, 0.00000, 0.47100, 0.00000, -0.03465, 0.01360, 0.00030, 0.02405, 0.63392, 0.01434
21.27971, -0.03456, 0.01885, 0.00035, 0.00000, 0.47100, 0.00000, -0.03467, 0.01676, 0.00030, 0.02968, 0.62884, 0.01429
21.28638, -0.03456, 0.02513, 0.00035, 0.00000, 0.94201, 0.00000, -0.03470, 0.02307, 0.00030, 0.03998, 0.62270, 0.01424
21.29305, -0.03770, 0.02827, 0.00035, -0.47100, 0.47100, 0.00000, -0.03786, 0.02624, 0.00030, 0.04568, 0.61438, 0.01422
21.29972, -0.03770, 0.03142, 0.00035, 0.00000, 0.47100, 0.00000, -0.03789, 0.02942, 0.00030, 0.05227, 0.60502, 0.01419
21.30639, -0.03770, 0.03456, 0.00035, 0.00000, 0.47100, 0.00000, -0.03791, 0.03259, 0.00030, 0.05879, 0.59460, 0.01417
21.31306, -0.03770, 0.03770, 0.00035, 0.00000, 0.47100, 0.00000, -0.03793, 0.03578, 0.00030, 0.06552, 0.58309, 0.01417
21.31973, -0.03770, 0.04084, 0.00035, 0.00000, 0.47100, 0.00000, -0.03795, 0.03896, 0.00030, 0.07224, 0.57052, 0.01417
21.32640, -0.03770, 0.04398, 0.00035, 0.00000, 0.47100, 0.00000, -0.03798, 0.04215, 0.00030, 0.07915, 0.55687, 0.01419
21.33307, -0.03770, 0.05027, 0.00035, 0.00000, 0.94201, 0.00000, -0.03802, 0.04849, 0.00030, 0.09104, 0.54215, 0.01421
21.33974, -0.03770, 0.05027, 0.00035, 0.00000, 0.00000, 0.00000, -0.03802, 0.04854, 0.00030, 0.09359, 0.52525, 0.01426
21.34641, -0.03770, 0.05341, 0.00035, 0.00000, 0.47100, 0.00000, -0.03805, 0.05174, 0.00030, 0.10083, 0.50838, 0.01430
21.35308, -0.03770, 0.05655, 0.00035, 0.00000, 0.47100, 0.00000, -0.03807, 0.05494, 0.00030, 0.10826, 0.49045, 0.01436
21.35975, -0.03770, 0.05969, 0.00035, 0.00000, 0.47100, 0.00000, -0.03810, 0.05815, 0.00030, 0.11582, 0.47144, 0.01442
21.36642, -0.03770, 0.06283, 0.00035, 0.00000, 0.47100, 0.00000, -0.03812, 0.06136, 0.00030, 0.12356, 0.45136, 0.01449
21.37309, -0.03770, 0.06597, 0.00035, 0.00000, 0.47100, 0.00000, -0.03815, 0.06458, 0.00030, 0.13148, 0.43022, 0.01458
21.37976, -0.03770, 0.06597, 0.00035, 0.00000, 0.00000, 0.00000, -0.03816, 0.06465, 0.00030, 0.13493, 0.40800, 0.01467
21.38643, -0.03770, 0.06911, 0.00035, 0.00000, 0.47100, 0.00000, -0.03819, 0.06787, 0.00030, 0.14327, 0.38579, 0.01476
21.39310, -0.03770, 0.06911, 0.00035, 0.00000, 0.00000, 0.00000, -0.03820, 0.06794, 0.00030, 0.14712, 0.36252, 0.01487
21.39977, -0.03770, 0.07226, 0.00035, 0.00000, 0.47100, 0.00000, -0.03823, 0.07117, 0.00030, 0.15588, 0.33925, 0.01497
21.40644, -0.03770, 0.07226, 0.00035, 0.00000, 0.00000, 0.00000, -0.03825, 0.07125, 0.00030, 0.16016, 0.31492, 0.01509
21.41311, -0.03770, 0.07540, 0.00035, 0.00000, 0.47100, 0.00000, -0.03828, 0.07447, 0.00030, 0.16937, 0.29061, 0.01520
21.41978, -0.03770, 0.07540, 0.00035, 0.00000, 0.00000, 0.00000, -0.03829, 0.07456, 0.00030, 0.17409, 0.26522, 0.01533
21.42645, -0.03770, 0.07540, 0.00035, 0.00000, 0.00000, 0.00000, -0.03831, 0.07464, 0.00030, 0.17904, 0.23980, 0.01545
21.43312, -0.03456, 0.07540, 0.00035, 0.47100, 0.00000, 0.00000, -0.03518, 0.07473, 0.00030, 0.18421, 0.21444, 0.01557
21.43979, -0.03456, 0.07540, 0.00035, 0.00000, 0.00000, 0.00000, -0.03520, 0.07481, 0.00030, 0.18899, 0.18900, 0.01570
21.44646, -0.03456, 0.07854, 0.00035, 0.00000, 0.47100, 0.00000, -0.03523, 0.07804, 0.00030, 0.19884, 0.16355, 0.01583
21.45313, -0.03456, 0.07854, 0.00035, 0.00000, 0.00000, 0.00000, -0.03525, 0.07813, 0.00030, 0.20411, 0.13705, 0.01597
21.45980, -0.03456, 0.07854, 0.00035, 0.00000, 0.00000, 0.00000, -0.03527, 0.07822, 0.00030, 0.20967, 0.11059, 0.01611
21.46647, -0.03142, 0.07540, 0.00035, 0.47100, -0.47100, 0.00000, -0.03213, 0.07516, 0.00030, 0.21090, 0.08402, 0.01624
21.47314, -0.03142, 0.07540, 0.00035, 0.00000, 0.00000, 0.00000, -0.03215, 0.07525, 0.00030, 0.21635, 0.05860, 0.01638
21.47981, -0.03142, 0.07540, 0.00035, 0.00000, 0.00000, 0.00000, -0.03217, 0.07533, 0.00030, 0.22199, 0.03319, 0.01653
21.48648, -0.03142, 0.07540, 0.00035, 0.00000, 0.00000, 0.00000, -0.03219, 0.07541, 0.00030, 0.22796, 0.00778, 0.01667
21.49315, -0.02827, 0.07540, 0.00035, 0.47100, 0.00000, 0.00000, -0.02906, 0.07550, 0.00030, 0.23419, -0.01762, 0.01681
21.49982, -0.02827, 0.07226, 0.00035, 0.00000, -0.47100, 0.00000, -0.02907, 0.07244, 0.00030, 0.23512, -0.04299, 0.01696
21.50649, -0.02827, 0.07226, 0.00035, 0.00000, 0.00000, 0.00000, -0.02909, 0.07252, 0.00029, 0.24109, -0.06732, 0.01710
21.51316, -0.02513, 0.06911, 0.00035, 0.47100, -0.47100, 0.00000, -0.02595, 0.06946, 0.00029, 0.24247, -0.09158, 0.01725
21.51983, -0.02513, 0.06911, 0.00035, 0.00000, 0.00000, 0.00000, -0.02597, 0.06954, 0.00029, 0.24824, -0.11485, 0.01739
21.52650, -0.02513, 0.06597, 0.00035, 0.00000, -0.47100, 0.00000, -0.02597, 0.06647, 0.00029, 0.24952, -0.13809, 0.01753
21.53317, -0.02199, 0.06597, 0.00035, 0.47100, 0.00000, 0.00000, -0.02285, 0.06655, 0.00029, 0.25587, -0.16026, 0.01766
21.53984, -0.02199, 0.06283, 0.00035, 0.00000, -0.47100, 0.00000, -0.02286, 0.06348, 0.00029, 0.25695, -0.18246, 0.01781
21.54651, -0.02199, 0.05969, 0.00035, 0.00000, -0.47100, 0.00000, -0.02286, 0.06040, 0.00029, 0.25840, -0.20367, 0.01793
21.55318, -0.01885, 0.05969, 0.00035, 0.47100, 0.00000, 0.00000, -0.01974, 0.06047, 0.00029, 0.26484, -0.22378, 0.01805
21.55985, -0.01885, 0.05655, 0.00035, 0.00000, -0.47100, 0.00000, -0.01974, 0.05739, 0.00029, 0.26603, -0.24394, 0.01818
21.56652, -0.01571, 0.05341, 0.00035, 0.47100, -0.47100, 0.00000, -0.01660, 0.05431, 0.00029, 0.26729, -0.26292, 0.01830
21.57319, -0.01571, 0.05027, 0.00035, 0.00000, -0.47100, 0.00000, -0.01661, 0.05123, 0.00029, 0.26822, -0.28094, 0.01842
21.57986, -0.01571, 0.05027, 0.00035, 0.00000, 0.00000, 0.00000, -0.01663, 0.05129, 0.00029, 0.27424, -0.29792, 0.01852
21.58653, -0.01257, 0.04712, 0.00035, 0.47100, -0.47100, 0.00000, -0.01349, 0.04820, 0.00029, 0.27562, -0.31487, 0.01863
21.59320, -0.01257, 0.04398, 0.00035, 0.00000, -0.47100, 0.00000, -0.01349, 0.04511, 0.00029, 0.27640, -0.33072, 0.01874
21.59987, -0.00942, 0.04084, 0.00035, 0.47100, -0.47100, 0.00000, -0.01035, 0.04202, 0.00029, 0.27745, -0.34554, 0.01884
21.60654, -0.00942, 0.03770, 0.00035, 0.00000, -0.47100, 0.00000, -0.01035, 0.03892, 0.00029, 0.27791, -0.35927, 0.01893
21.61321, -0.00942, 0.03456, 0.00035, 0.00000, -0.47100, 0.00000, -0.01036, 0.03582, 0.00029, 0.27852, -0.37195, 0.01902
21.61988, -0.00628, 0.03142, 0.00035, 0.47100, -0.47100, 0.00000, -0.00722, 0.03271, 0.00029, 0.27924, -0.38350, 0.01910
21.62655, -0.00628, 0.02827, 0.00035, 0.00000, -0.47100, 0.00000, -0.00722, 0.02960, 0.00029, 0.27945, -0.39405, 0.01918
21.63322, -0.00314, 0.02513, 0.00035, 0.47100, -0.47100, 0.00000, -0.00408, 0.02649, 0.00029, 0.27977, -0.40350, 0.01925
21.63989, -0.00314, 0.02199, 0.00035, 0.00000, -0.47100, 0.00000, -0.00407, 0.02338, 0.00029, 0.27954, -0.41193, 0.01932
21.64656, 0.00000, 0.01885, 0.00035, 0.47100, -0.47100, 0.00000, -0.00093, 0.02026, 0.00029, 0.27940, -0.41927, 0.01938
21.65323, 0.00000, 0.01571, 0.00035, 0.00000, -0.47100, 0.00000, -0.00093, 0.01714, 0.00029, 0.27869, -0.42558, 0.01944
21.65990, 0.00000, 0.01257, 0.00035, 0.00000, -0.47100, 0.00000, -0.00093, 0.01401, 0.00029, 0.27809, -0.43082, 0.01948
21.66658, 0.00314, 0.00942, 0.00035, 0.47100, -0.47100, 0.00000, 0.00222, 0.01088, 0.00029, 0.27759, -0.43499, 0.01952
21.67324, 0.00314, 0.00628, 0.00035, 0.00000, -0.47100, 0.00000, 0.00222, 0.00775, 0.00029, 0.27645, -0.43812, 0.01956
21.67991, 0.00628, 0.00314, 0.00035, 0.47100, -0.47100, 0.00000, 0.00537, 0.00461, 0.00029, 0.27538, -0.44018, 0.01959
21.68658, 0.00628, 0.00000, 0.00035, 0.00000, -0.47100, 0.00000, 0.00537, 0.00147, 0.00029, 0.27365, -0.44120, 0.01962
21.69326, 0.00628, -0.00314, 0.00035, 0.00000, -0.47100, 0.00000, 0.00538, -0.00167, 0.00029, 0.27193, -0.44113, 0.01963
21.69992, 0.00942, -0.00628, 0.00035, 0.47100, -0.47100, 0.00000, 0.00853, -0.00482, 0.00029, 0.27024, -0.43999, 0.01964
21.70660, 0.00942, -0.00942, 0.00035, 0.00000, -0.47100, 0.00000, 0.00853, -0.00797, 0.00029, 0.26787, -0.43781, 0.01965
21.71326, 0.01257, -0.01257, 0.00035, 0.47100, -0.47100, 0.00000, 0.01169, -0.01112, 0.00029, 0.26552, -0.43456, 0.01965
21.71994, 0.01257, -0.01571, 0.00035, 0.00000, -0.47100, 0.00000, 0.01170, -0.01428, 0.00029, 0.26246, -0.43028, 0.01965
21.72660, 0.01257, -0.01885, 0.00035, 0.00000, -0.47100, 0.00000, 0.01171, -0.01744, 0.00029, 0.25939, -0.42493, 0.01963
21.73328, 0.01571, -0.02199, 0.00035, 0.47100, -0.47100, 0.00000, 0.01486, -0.02061, 0.00029, 0.25629, -0.41851, 0.01961
21.73994, 0.01571, -0.02513, 0.00035, 0.00000, -0.47100, 0.00000, 0.01487, -0.02378, 0.00029, 0.25246, -0.41106, 0.01959
21.74662, 0.01571, -0.02827, 0.00035, 0.00000, -0.47100, 0.00000, 0.01488, -0.02695, 0.00029, 0.24857, -0.40253, 0.01956
21.75328, 0.01885, -0.03142, 0.00035, 0.47100, -0.47100, 0.00000, 0.01804, -0.03012, 0.00029, 0.24466, -0.39292, 0.01952
21.75995, 0.01885, -0.03456, 0.00035, 0.00000, -0.47100, 0.00000, 0.01806, -0.03330, 0.00029, 0.23995, -0.38229, 0.01947
21.76662, 0.01885, -0.03770, 0.00035, 0.00000, -0.47100, 0.00000, 0.01807, -0.03648, 0.00029, 0.23517, -0.37058, 0.01942
21.77329, 0.02199, -0.03770, 0.00035, 0.47100, 0.00000, 0.00000, 0.02121, -0.03653, 0.00029, 0.23515, -0.35780, 0.01936
21.77996, 0.02199, -0.04084, 0.00035, 0.00000, -0.47100, 0.00000, 0.02123, -0.03971, 0.00029, 0.22948, -0.34508, 0.01931
21.78664, 0.02199, -0.04398, 0.00035, 0.00000, -0.47100, 0.00000, 0.02125, -0.04290, 0.00029, 0.22364, -0.33128, 0.01925
21.79330, 0.02199, -0.04712, 0.00035, 0.00000, -0.47100, 0.00000, 0.02127, -0.04610, 0.00029, 0.21777, -0.31641, 0.01918
21.79998, 0.02513, -0.04712, 0.00035, 0.47100, 0.00000, 0.00000, 0.02442, -0.04615, 0.00029, 0.21660, -0.30048, 0.01910
21.80664, 0.02513, -0.05027, 0.00035, 0.00000, -0.47100, 0.00000, 0.02444, -0.04934, 0.00029, 0.20979, -0.28460, 0.01903
21.81332, 0.02513, -0.05341, 0.00035, 0.00000, -0.47100, 0.00000, 0.02446, -0.05254, 0.00029, 0.20267, -0.26763, 0.01894
21.81998, 0.02513, -0.05341, 0.00035, 0.00000, 0.00000, 0.00000, 0.02447, -0.05261, 0.00029, 0.20006, -0.24955, 0.01885
21.82666, 0.02827, -0.05655, 0.00035, 0.47100, -0.47100, 0.00000, 0.02764, -0.05581, 0.00029, 0.19252, -0.23149, 0.01876
21.83332, 0.02827, -0.05655, 0.00035, 0.00000, 0.00000, 0.00000, 0.02765, -0.05587, 0.00029, 0.18889, -0.21239, 0.01867
21.83999, 0.02827, -0.05969, 0.00035, 0.00000, -0.47100, 0.00000, 0.02768, -0.05908, 0.00029, 0.18033, -0.19332, 0.01858
21.84666, 0.02827, -0.05969, 0.00035, 0.00000, 0.00000, 0.00000, 0.02770, -0.05915, 0.00029, 0.17636, -0.17316, 0.01848
21.85333, 0.02827, -0.05969, 0.00035, 0.00000, 0.00000, 0.00000, 0.02771, -0.05921, 0.00029, 0.17249, -0.15308, 0.01838
21.86000, 0.02827, -0.06283, 0.00035, 0.00000, -0.47100, 0.00000, 0.02774, -0.06242, 0.00029, 0.16377, -0.13304, 0.01827
21.86668, 0.02827, -0.06283, 0.00035, 0.00000, 0.00000, 0.00000, 0.02775, -0.06249, 0.00029, 0.15950, -0.11189, 0.01816
21.87334, 0.03142, -0.06283, 0.00035, 0.47100, 0.00000, 0.00000, 0.03091, -0.06256, 0.00029, 0.15488, -0.09072, 0.01805
21.88002, 0.03142, -0.06283, 0.00035, 0.00000, 0.00000, 0.00000, 0.03093, -0.06263, 0.00029, 0.14947, -0.06963, 0.01795
21.88668, 0.03142, -0.06283, 0.00035, 0.00000, 0.00000, 0.00000, 0.03095, -0.06271, 0.00029, 0.14369, -0.04851, 0.01785
21.89336, 0.03142, -0.06283, 0.00035, 0.00000, 0.00000, 0.00000, 0.03097, -0.06278, 0.00029, 0.13782, -0.02742, 0.01775
21.90002, 0.03142, -0.06597, 0.00035, 0.00000, -0.47100, 0.00000, 0.03100, -0.06599, 0.00029, 0.12735, -0.00644, 0.01765
21.90670, 0.03142, -0.06597, 0.00035, 0.00000, 0.00000, 0.00000, 0.03102, -0.06606, 0.00029, 0.12103, 0.01571, 0.01753
21.91336, 0.03142, -0.06283, 0.00035, 0.00000, 0.47100, 0.00000, 0.03103, -0.06299, 0.00029, 0.11878, 0.03798, 0.01742
21.92004, 0.03142, -0.06283, 0.00035, 0.00000, 0.00000, 0.00000, 0.03105, -0.06306, 0.00029, 0.11196, 0.05905, 0.01732
21.92670, 0.03142, -0.06283, 0.00035, 0.00000, 0.00000, 0.00000, 0.03108, -0.06313, 0.00029, 0.10501, 0.08009, 0.01722
21.93338, 0.03142, -0.06283, 0.00035, 0.00000, 0.00000, 0.00000, 0.03110, -0.06320, 0.00029, 0.09772, 0.10115, 0.01712
21.94004, 0.03142, -0.06283, 0.00035, 0.00000, 0.00000, 0.00000, 0.03112, -0.06327, 0.00030, 0.09040, 0.12217, 0.01702
21.94672, 0.03142, -0.06283, 0.00035, 0.00000, 0.00000, 0.00000, 0.03115, -0.06334, 0.00030, 0.08264, 0.14323, 0.01692
21.95338, 0.03142, -0.05969, 0.00035, 0.00000, 0.47100, 0.00000, 0.03116, -0.06027, 0.00030, 0.07921, 0.16433, 0.01682
21.96005, 0.03142, -0.05969, 0.00035, 0.00000, 0.00000, 0.00000, 0.03119, -0.06034, 0.00030, 0.07096, 0.18431, 0.01673
21.96672, 0.03142, -0.05969, 0.00035, 0.00000, 0.00000, 0.00000, 0.03122, -0.06040, 0.00030, 0.06288, 0.20419, 0.01664
21.97340, 0.03142, -0.05655, 0.00035, 0.00000, 0.47100, 0.00000, 0.03123, -0.05733, 0.00030, 0.05941, 0.22406, 0.01655
21.98006, 0.02827, -0.05655, 0.00035, -0.47100, 0.00000, 0.00000, 0.02811, -0.05739, 0.00030, 0.05084, 0.24287, 0.01647
21.98673, 0.02827, -0.05341, 0.00035, 0.00000, 0.47100, 0.00000, 0.02812, -0.05431, 0.00030, 0.04760, 0.26171, 0.01638
21.99340, 0.02827, -0.05341, 0.00035, 0.00000, 0.00000, 0.00000, 0.02815, -0.05437, 0.00030, 0.03945, 0.27944, 0.01629
22.00007, 0.02827, -0.05027, 0.00035, 0.00000, 0.47100, 0.00000, 0.02816, -0.05128, 0.00030, 0.03579, 0.29719, 0.01621
22.00674, 0.02827, -0.05027, 0.00035, 0.00000, 0.00000, 0.00000, 0.02819, -0.05134, 0.00030, 0.02729, 0.31383, 0.01614
22.01341, 0.02827, -0.04712, 0.00035, 0.00000, 0.47100, 0.00000, 0.02821, -0.04825, 0.00030, 0.02322, 0.33050, 0.01607
22.02008, 0.02827, -0.04712, 0.00035, 0.00000, 0.00000, 0.00000, 0.02824, -0.04830, 0.00030, 0.01439, 0.34605, 0.01601
22.02675, 0.02513, -0.04398, 0.00035, -0.47100, 0.47100, 0.00000, 0.02511, -0.04521, 0.00030, 0.01000, 0.36162, 0.01595
22.03342, 0.02513, -0.04398, 0.00035, 0.00000, 0.00000, 0.00000, 0.02514, -0.04526, 0.00030, 0.00153, 0.37612, 0.01589
22.04010, 0.02513, -0.04084, 0.00035, 0.00000, 0.47100, 0.00000, 0.02515, -0.04217, 0.00030, -0.00259, 0.39068, 0.01583
22.04676, 0.02513, -0.03770, 0.00035, 0.00000, 0.47100, 0.00000, 0.02516, -0.03907, 0.00030, -0.00701, 0.40417, 0.01578
22.05343, 0.02513, -0.03770, 0.00035, 0.00000, 0.00000, 0.00000, 0.02520, -0.03911, 0.00030, -0.01660, 0.41662, 0.01574
22.06010, 0.02513, -0.03456, 0.00035, 0.00000, 0.47100, 0.00000, 0.02521, -0.03601, 0.00030, -0.02127, 0.42903, 0.01570
22.06678, 0.02199, -0.03142, 0.00035, -0.47100, 0.47100, 0.00000, 0.02209, -0.03290, 0.00030, -0.02599, 0.44032, 0.01567
22.07344, 0.02199, -0.03142, 0.00035, 0.00000, 0.00000, 0.00000, 0.02211, -0.03294, 0.00030, -0.03466, 0.45055, 0.01564
22.08012, 0.02199, -0.02827, 0.00035, 0.00000, 0.47100, 0.00000, 0.02213, -0.02983, 0.00030, -0.03900, 0.46083, 0.01561
22.08678, 0.02199, -0.02513, 0.00035, 0.00000, 0.47100, 0.00000, 0.02214, -0.02671, 0.00030, -0.04346, 0.47003, 0.01558
22.09346, 0.01885, -0.02199, 0.00035, -0.47100, 0.47100, 0.00000, 0.01902, -0.02360, 0.00030, -0.04802, 0.47813, 0.01557
22.10012, 0.01885, -0.02199, 0.00035, 0.00000, 0.00000, 0.00000, 0.01904, -0.02362, 0.00030, -0.05650, 0.48518, 0.01557
22.10680, 0.01885, -0.01885, 0.00035, 0.00000, 0.47100, 0.00000, 0.01906, -0.02050, 0.00030, -0.06058, 0.49226, 0.01556
22.11346, 0.01885, -0.01571, 0.00035, 0.00000, 0.47100, 0.00000, 0.01907, -0.01738, 0.00030, -0.06472, 0.49826, 0.01555
22.12014, 0.01885, -0.01257, 0.00035, 0.00000, 0.47100, 0.00000, 0.01909, -0.01425, 0.00030, -0.06897, 0.50318, 0.01556
22.12680, 0.01571, -0.01257, 0.00035, -0.47100, 0.00000, 0.00000, 0.01597, -0.01426, 0.00030, -0.07786, 0.50703, 0.01559
22.13348, 0.01571, -0.00942, 0.00035, 0.00000, 0.47100, 0.00000, 0.01599, -0.01113, 0.00030, -0.08154, 0.51091, 0.01559
22.14014, 0.01571, -0.00628, 0.00035, 0.00000, 0.47100, 0.00000, 0.01600, -0.00800, 0.00030, -0.08525, 0.51372, 0.01561
22.14682, 0.01571, -0.00314, 0.00035, 0.00000, 0.47100, 0.00000, 0.01601, -0.00486, 0.00030, -0.08903, 0.51544, 0.01564
22.15348, 0.01257, -0.00314, 0.00035, -0.47100, 0.00000, 0.00000, 0.01290, -0.00486, 0.00030, -0.09749, 0.51612, 0.01569
22.16015, 0.01257, 0.00000, 0.00035, 0.00000, 0.47100, 0.00000, 0.01291, -0.00172, 0.00030, -0.10063, 0.51681, 0.01572
22.16682, 0.01257, 0.00314, 0.00035, 0.00000, 0.47100, 0.00000, 0.01292, 0.00142, 0.00030, -0.10379, 0.51644, 0.01576
22.17349, 0.01257, 0.00628, 0.00035, 0.00000, 0.47100, 0.00000, 0.01293, 0.00457, 0.00030, -0.10696, 0.51497, 0.01580
22.18016, 0.00942, 0.00628, 0.00035, -0.47100, 0.00000, 0.00000, 0.00981, 0.00458, 0.00030, -0.11488, 0.51249, 0.01587
22.18683, 0.00942, 0.00942, 0.00035, 0.00000, 0.47100, 0.00000, 0.00982, 0.00773, 0.00030, -0.11734, 0.51000, 0.01592
22.19350, 0.00942, 0.01257, 0.00035, 0.00000, 0.47100, 0.00000, 0.00983, 0.01089, 0.00030, -0.11983, 0.50644, 0.01598
22.20017, 0.00628, 0.01257, 0.00035, -0.47100, 0.00000, 0.00000, 0.00671, 0.01090, 0.00030, -0.12698, 0.50170, 0.01604
22.20684, 0.00628, 0.01571, 0.00035, 0.00000, 0.47100, 0.00000, 0.00672, 0.01406, 0.00030, -0.12873, 0.49711, 0.01610
22.21351, 0.00628, 0.01571, 0.00035, 0.00000, 0.00000, 0.00000, 0.00674, 0.01408, 0.00030, -0.13502, 0.49132, 0.01617
22.22018, 0.00628, 0.01885, 0.00035, 0.00000, 0.47100, 0.00000, 0.00674, 0.01724, 0.00030, -0.13668, 0.48566, 0.01623
22.22685, 0.00628, 0.02199, 0.00035, 0.00000, 0.47100, 0.00000, 0.00675, 0.02041, 0.00030, -0.13826, 0.47891, 0.01631
22.23352, 0.00314, 0.02199, 0.00035, -0.47100, 0.00000, 0.00000, 0.00363, 0.02043, 0.00030, -0.14471, 0.47119, 0.01641
22.24019, 0.00314, 0.02513, 0.00035, 0.00000, 0.47100, 0.00000, 0.00363, 0.02360, 0.00030, -0.14548, 0.46342, 0.01649
